{
	"format_version": "1.12.0",
	"minecraft:geometry": [
		{
			"description": {
				"identifier": "geometry..45_round - Converted",
				"texture_width": 64,
				"texture_height": 64,
				"visible_bounds_width": 2,
				"visible_bounds_height": 1.5,
				"visible_bounds_offset": [0, 0.25, 0]
			},
			"bones": [
				{
					"name": "2",
					"pivot": [0, 7.31, -0.365]
				},
				{
					"name": "45",
					"parent": "2",
					"pivot": [8, -0.69, -8.365],
					"cubes": [
						{
							"origin": [-0.22, -0.3575, -0.22],
							"size": [0.44, 0.715, 0.44],
							"pivot": [0, 0, 0],
							"rotation": [-90, 0, 0],
							"uv": {
								"north": {"uv": [0.75, 9.25], "uv_size": [0.25, 0.5]},
								"east": {"uv": [1, 9.25], "uv_size": [0.25, 0.5]},
								"south": {"uv": [1.25, 9.25], "uv_size": [0.25, 0.5]},
								"west": {"uv": [1.5, 9.25], "uv_size": [0.25, 0.5]},
								"up": {"uv": [9.25, 4.75], "uv_size": [0.25, 0.25]},
								"down": {"uv": [9.25, 5.25], "uv_size": [0.25, -0.25]}
							}
						}
					]
				}
			]
		}
	]
}