{
	"format_version": "1.12.0",
	"minecraft:geometry": [
		{
			"description": {
				"identifier": "geometry.unknown",
				"texture_width": 128,
				"texture_height": 128,
				"visible_bounds_width": 633,
				"visible_bounds_height": 49,
				"visible_bounds_offset": [0, 14.5, 0]
			},
			"bones": [
				{
					"name": "camera",
					"pivot": [4.5, 16.125, 14.35]
				},
				{
					"name": "view",
					"pivot": [0, 0, 0]
				},
				{
					"name": "idle_view",
					"parent": "view",
					"pivot": [4.5, 16.125, 14.35]
				},
				{
					"name": "iron_view",
					"parent": "view",
					"pivot": [0, 13.91953, 13.49891],
					"rotation": [0.85, 0, 0]
				},
				{
					"name": "refit_view",
					"parent": "view",
					"pivot": [8.08281, 20.41016, -10.85469],
					"rotation": [30, 145, 0]
				},
				{
					"name": "refit_extended_mag_view",
					"parent": "view",
					"pivot": [11, 6.55, -1.925],
					"rotation": [0, 90, 0]
				},
				{
					"name": "refit_muzzle_view",
					"parent": "view",
					"pivot": [8.0828, 20.4102, -10.8547],
					"rotation": [30, 145, 0]
				},
				{
					"name": "refit_stock_view",
					"parent": "view",
					"pivot": [12.025, 14.625, 10.4],
					"rotation": [0, 90, 0]
				},
				{
					"name": "refit_grip_view",
					"parent": "view",
					"pivot": [8.925, 11.975, -7.875],
					"rotation": [0, 90, 0]
				},
				{
					"name": "refit_scope_view",
					"parent": "view",
					"pivot": [8.1, 17.725, 6.15],
					"rotation": [0, 40, 0]
				},
				{
					"name": "refit_laser_view",
					"parent": "view",
					"pivot": [8.1, 14.57813, -6.71719],
					"rotation": [-162.5, 60, 180]
				},
				{
					"name": "positioning",
					"pivot": [353, 0, -8]
				},
				{
					"name": "hak",
					"parent": "positioning",
					"pivot": [347.64446, 10.12666, 0.67931],
					"rotation": [-69.31615, 8.40819, -50.71707],
					"cubes": [
						{
							"origin": [343.60698, 1.26034, 11.26006],
							"size": [0.66, 0.4125, 1.2375],
							"uv": {
								"east": {"uv": [52, 26], "uv_size": [2, 0.5]},
								"west": {"uv": [52.5, 10.5], "uv_size": [2, 0.5]},
								"up": {"uv": [4.5, 46], "uv_size": [1, 2]},
								"down": {"uv": [46, 7.5], "uv_size": [1, -2]}
							}
						},
						{
							"origin": [343.60698, 2.13538, 10.38502],
							"size": [0.66, 3.465, 0.4125],
							"uv": {
								"north": {"uv": [11, 26], "uv_size": [1, 5.5]},
								"east": {"uv": [23.5, 39.5], "uv_size": [0.5, 5.5]},
								"south": {"uv": [12.5, 26], "uv_size": [1, 5.5]},
								"west": {"uv": [24.5, 39.5], "uv_size": [0.5, 5.5]}
							}
						},
						{
							"origin": [343.60698, 2.13538, 12.9601],
							"size": [0.66, 3.465, 0.4125],
							"uv": {
								"north": {"uv": [24, 26], "uv_size": [1, 5.5]},
								"east": {"uv": [25.5, 39.5], "uv_size": [0.5, 5.5]},
								"south": {"uv": [25.5, 26], "uv_size": [1, 5.5]},
								"west": {"uv": [4.5, 40], "uv_size": [0.5, 5.5]}
							}
						},
						{
							"origin": [343.56606, 2.36638, 12.86988],
							"size": [0.7425, 2.97, 0.5775],
							"uv": {
								"north": {"uv": [64, 9], "uv_size": [-1, 4.5]},
								"east": {"uv": [64, 4.5], "uv_size": [-1, 4.5]},
								"south": {"uv": [64, 0], "uv_size": [-1, 4.5]},
								"west": {"uv": [64, 13.5], "uv_size": [-1, 4.5]},
								"up": {"uv": [64, 18], "uv_size": [-1, 1]},
								"down": {"uv": [64, 20], "uv_size": [-1, -1]}
							}
						},
						{
							"origin": [343.60698, -4.14931, 2.38188],
							"size": [0.66, 0.4125, 1.2375],
							"pivot": [347.40187, 10.76623, 0.90969],
							"rotation": [45, 0, 0],
							"uv": {
								"east": {"uv": [52.5, 50], "uv_size": [2, 0.5]},
								"west": {"uv": [52.5, 51], "uv_size": [2, 0.5]},
								"up": {"uv": [15.5, 46], "uv_size": [1, 2]},
								"down": {"uv": [17, 48], "uv_size": [1, -2]}
							}
						},
						{
							"origin": [343.60698, 11.36338, 13.71269],
							"size": [0.66, 0.4125, 1.2375],
							"pivot": [347.40187, 10.76623, 0.90969],
							"rotation": [-45, 0, 0],
							"uv": {
								"east": {"uv": [51.5, 52.5], "uv_size": [2, 0.5]},
								"west": {"uv": [0, 53], "uv_size": [2, 0.5]},
								"up": {"uv": [18.5, 46], "uv_size": [1, 2]},
								"down": {"uv": [46, 34], "uv_size": [1, -2]}
							}
						},
						{
							"origin": [343.60698, 6.06292, 11.26006],
							"size": [0.66, 0.4125, 1.2375],
							"uv": {
								"east": {"uv": [24.5, 53], "uv_size": [2, 0.5]},
								"west": {"uv": [53, 29], "uv_size": [2, 0.5]},
								"up": {"uv": [12.5, 46.5], "uv_size": [1, 2]},
								"down": {"uv": [14, 48.5], "uv_size": [1, -2]}
							}
						},
						{
							"origin": [343.60698, 15.32023, 11.67092],
							"size": [0.66, 0.4125, 1.2375],
							"pivot": [347.40187, 10.10623, 0.90969],
							"rotation": [-45, 0, 0],
							"uv": {
								"east": {"uv": [15, 53], "uv_size": [2, 0.5]},
								"west": {"uv": [17.5, 53], "uv_size": [2, 0.5]},
								"up": {"uv": [1, 46.5], "uv_size": [1, 2]},
								"down": {"uv": [2.5, 48.5], "uv_size": [1, -2]}
							}
						},
						{
							"origin": [343.60698, -0.19246, 4.42365],
							"size": [0.66, 0.4125, 1.2375],
							"pivot": [347.40187, 10.10623, 0.90969],
							"rotation": [45, 0, 0],
							"uv": {
								"east": {"uv": [4, 53], "uv_size": [2, 0.5]},
								"west": {"uv": [53, 14.5], "uv_size": [2, 0.5]},
								"up": {"uv": [46, 43], "uv_size": [1, 2]},
								"down": {"uv": [46, 47.5], "uv_size": [1, -2]}
							}
						},
						{
							"origin": [343.73154, -0.7373, -3.00466],
							"size": [0.41121, 0.35192, 0.76827],
							"pivot": [347.44393, 12.16873, -0.5841],
							"rotation": [70, 0, 0],
							"uv": {
								"north": {"uv": [48.5, 61.5], "uv_size": [0.5, 0.5]},
								"east": {"uv": [0, 57.5], "uv_size": [1, 0.5]},
								"south": {"uv": [61.5, 49], "uv_size": [0.5, 0.5]},
								"west": {"uv": [3, 57.5], "uv_size": [1, 0.5]},
								"up": {"uv": [57.5, 4], "uv_size": [0.5, 1]},
								"down": {"uv": [4.5, 58.5], "uv_size": [0.5, -1]}
							}
						},
						{
							"origin": [343.73121, -0.03021, 0.76066],
							"size": [0.4125, 4.33899, 0.2359],
							"pivot": [347.4436, 12.77032, 0.00936],
							"rotation": [55, 0, 0],
							"uv": {
								"north": {"uv": [2, 34], "uv_size": [0.5, 6.5]},
								"east": {"uv": [6.5, 34], "uv_size": [0.5, 6.5]},
								"west": {"uv": [7.5, 34], "uv_size": [0.5, 6.5]},
								"up": {"uv": [49.5, 61.5], "uv_size": [0.5, 0.5]}
							}
						},
						{
							"origin": [343.73025, -0.36021, 0.99657],
							"size": [0.41379, 4.14099, 0.26554],
							"pivot": [347.44264, 12.77032, 0.00936],
							"rotation": [55, 0, 0],
							"uv": {
								"east": {"uv": [8.5, 34], "uv_size": [0.5, 6.5]},
								"west": {"uv": [9.5, 34], "uv_size": [0.5, 6.5]}
							}
						},
						{
							"origin": [343.73025, -0.36021, 1.26211],
							"size": [0.41379, 3.62278, 0.2707],
							"pivot": [347.44264, 12.77032, 0.00936],
							"rotation": [55, 0, 0],
							"uv": {
								"east": {"uv": [5.5, 40], "uv_size": [0.5, 5.5]},
								"west": {"uv": [16, 40], "uv_size": [0.5, 5.5]}
							}
						},
						{
							"origin": [343.73025, 2.08179, 1.53282],
							"size": [0.41379, 0.65278, 0.165],
							"pivot": [347.44264, 12.77032, 0.00936],
							"rotation": [55, 0, 0],
							"uv": {
								"east": {"uv": [5.5, 57.5], "uv_size": [0.5, 1]},
								"west": {"uv": [57.5, 5.5], "uv_size": [0.5, 1]}
							}
						},
						{
							"origin": [343.72977, 1.41637, -8.80174],
							"size": [0.41508, 2.145, 0.25911],
							"pivot": [347.44216, 15.294, -3.46224],
							"rotation": [82.5, 0, 0],
							"uv": {
								"east": {"uv": [21.5, 47], "uv_size": [0.5, 3.5]},
								"south": {"uv": [22.5, 47], "uv_size": [0.5, 3.5]},
								"west": {"uv": [23.5, 47], "uv_size": [0.5, 3.5]}
							}
						},
						{
							"origin": [343.89541, 1.26813, -10.94802],
							"size": [0.08379, 2.475, 0.37512],
							"pivot": [347.60781, 15.47575, -5.4925],
							"rotation": [82.5, 0, 0],
							"uv": {
								"east": {"uv": [34, 45], "uv_size": [0.5, 4]},
								"south": {"uv": [42, 45.5], "uv_size": [0.5, 4]},
								"west": {"uv": [30.5, 46], "uv_size": [0.5, 4]}
							}
						},
						{
							"origin": [343.8967, -0.22622, -3.56393],
							"size": [0.08121, 2.739, 0.40038],
							"pivot": [347.48535, 15.13766, -5.5831],
							"rotation": [50, 0, 0],
							"uv": {
								"north": {"uv": [46.5, 17], "uv_size": [0.5, 4]},
								"east": {"uv": [46.5, 25], "uv_size": [0.5, 4]},
								"south": {"uv": [29.5, 46.5], "uv_size": [0.5, 4]},
								"west": {"uv": [6, 47], "uv_size": [0.5, 4]}
							}
						},
						{
							"origin": [343.89606, -0.40574, -7.5213],
							"size": [0.0825, 2.92361, 0.37125],
							"pivot": [347.3197, 15.01269, -4.81126],
							"rotation": [71.32417, 0, 0],
							"uv": {
								"east": {"uv": [27.5, 42.5], "uv_size": [0.5, 4.5]},
								"west": {"uv": [28.5, 42.5], "uv_size": [0.5, 4.5]}
							}
						},
						{
							"origin": [343.89606, -2.04284, -7.92349],
							"size": [0.0825, 4.56071, 0.40219],
							"pivot": [347.3197, 15.01269, -4.81126],
							"rotation": [71.32417, 0, 0],
							"uv": {
								"east": {"uv": [16.5, 32.5], "uv_size": [0.5, 7]},
								"west": {"uv": [17.5, 32.5], "uv_size": [0.5, 7]}
							}
						},
						{
							"origin": [343.89606, -2.66159, -8.26251],
							"size": [0.0825, 4.1946, 0.33901],
							"pivot": [347.3197, 15.01269, -4.81126],
							"rotation": [71.32417, 0, 0],
							"uv": {
								"east": {"uv": [10.5, 34], "uv_size": [0.5, 6.5]},
								"west": {"uv": [11.5, 34], "uv_size": [0.5, 6.5]}
							}
						},
						{
							"origin": [343.89606, -2.66159, -8.6415],
							"size": [0.0825, 1.28004, 0.37899],
							"pivot": [347.3197, 15.01269, -4.81126],
							"rotation": [71.32417, 0, 0],
							"uv": {
								"east": {"uv": [12.5, 52.5], "uv_size": [0.5, 2]},
								"west": {"uv": [36, 52.5], "uv_size": [0.5, 2]}
							}
						},
						{
							"origin": [343.8967, -0.40369, -7.5234],
							"size": [0.08121, 1.65, 0.45039],
							"pivot": [347.48535, 13.37707, -3.4849],
							"rotation": [77.5, 0, 0],
							"uv": {
								"north": {"uv": [45, 50], "uv_size": [0.5, 2.5]},
								"east": {"uv": [47, 50], "uv_size": [0.5, 2.5]},
								"south": {"uv": [48, 50], "uv_size": [0.5, 2.5]},
								"west": {"uv": [49, 50], "uv_size": [0.5, 2.5]}
							}
						},
						{
							"origin": [343.8967, -1.5292, -0.00046],
							"size": [0.08121, 2.04058, 0.45039],
							"pivot": [347.48535, 13.07569, -2.01963],
							"rotation": [50, 0, 0],
							"uv": {
								"north": {"uv": [11.5, 48.5], "uv_size": [0.5, 3]},
								"east": {"uv": [19, 48.5], "uv_size": [0.5, 3]},
								"south": {"uv": [41, 48.5], "uv_size": [0.5, 3]},
								"west": {"uv": [12.5, 49], "uv_size": [0.5, 3]}
							}
						},
						{
							"origin": [343.8967, 4.05533, 0.47536],
							"size": [0.08121, 0.2475, 0.2475],
							"pivot": [347.48535, 15.47575, -5.4925],
							"rotation": [30, 0, 0],
							"uv": {
								"north": {"uv": [50.5, 61.5], "uv_size": [0.5, 0.5]},
								"east": {"uv": [51.5, 61.5], "uv_size": [0.5, 0.5]},
								"south": {"uv": [52.5, 61.5], "uv_size": [0.5, 0.5]},
								"west": {"uv": [53.5, 61.5], "uv_size": [0.5, 0.5]},
								"up": {"uv": [54.5, 61.5], "uv_size": [0.5, 0.5]}
							}
						},
						{
							"origin": [343.73121, 1.40013, 2.752],
							"size": [0.4125, 1.62551, 0.35579],
							"pivot": [347.4436, 15.01402, -1.33558],
							"rotation": [38.75, 0, 0],
							"uv": {
								"east": {"uv": [15.5, 50], "uv_size": [0.5, 2.5]},
								"south": {"uv": [16.5, 50], "uv_size": [0.5, 2.5]},
								"west": {"uv": [50, 19], "uv_size": [0.5, 2.5]}
							}
						},
						{
							"origin": [343.73121, -0.9983, -1.63507],
							"size": [0.4125, 1.77891, 0.33],
							"pivot": [347.4436, 13.52362, -0.59562],
							"rotation": [63.75, 0, 0],
							"uv": {
								"east": {"uv": [42, 50], "uv_size": [0.5, 2.5]},
								"south": {"uv": [43, 50], "uv_size": [0.5, 2.5]},
								"west": {"uv": [44, 50], "uv_size": [0.5, 2.5]}
							}
						}
					]
				},
				{
					"name": "thirdperson_hand",
					"parent": "positioning",
					"pivot": [353, 0, 0]
				},
				{
					"name": "ground",
					"parent": "positioning",
					"pivot": [353, 0, 0]
				},
				{
					"name": "fixed",
					"parent": "positioning",
					"pivot": [353, 0, 0],
					"rotation": [0, 90, 0]
				},
				{
					"name": "bone2",
					"pivot": [1.5, 11.5, -13]
				}
			]
		}
	]
}