{
	"format_version": "1.12.0",
	"minecraft:geometry": [
		{
			"description": {
				"identifier": "geometry.unknown",
				"texture_width": 512,
				"texture_height": 512,
				"visible_bounds_width": 2,
				"visible_bounds_height": 1.5,
				"visible_bounds_offset": [0, 0.25, 0]
			},
			"bones": [
				{
					"name": "muzzle_default",
					"pivot": [0, -0.0068, -4.41958],
					"cubes": [
						{
							"origin": [0.22367, -0.54679, -11.35515],
							"size": [1.08, 1.08, 7.7964],
							"pivot": [0, -0.0068, -5.08125],
							"rotation": [0, 0, -45],
							"uv": {
								"north": {"uv": [41, 244.5], "uv_size": [1, 1]},
								"south": {"uv": [52, 244.5], "uv_size": [1, 1]},
								"west": {"uv": [42, 244.5], "uv_size": [8, 1]}
							}
						},
						{
							"origin": [0.22367, -0.54679, -11.35515],
							"size": [1.08, 1.08, 7.7964],
							"pivot": [0, -0.0068, -5.08125],
							"rotation": [0, 0, 45],
							"uv": {
								"north": {"uv": [41, 243], "uv_size": [1, 1]},
								"south": {"uv": [52, 243], "uv_size": [1, 1]},
								"west": {"uv": [42, 243], "uv_size": [8, 1]}
							}
						},
						{
							"origin": [-0.54, 0.39687, -11.35875],
							"size": [1.08, 0.9, 7.8],
							"uv": {
								"north": {"uv": [38, 251], "uv_size": [1, 1]},
								"south": {"uv": [41, 251], "uv_size": [1, 1]},
								"up": {"uv": [38, 243], "uv_size": [1, 8]}
							}
						},
						{
							"origin": [-0.54, -1.31046, -11.35875],
							"size": [1.08, 0.9, 7.8],
							"uv": {
								"north": {"uv": [39.5, 251], "uv_size": [1, 1]},
								"south": {"uv": [41, 249.5], "uv_size": [1, 1]},
								"down": {"uv": [39.5, 251], "uv_size": [1, -8]}
							}
						},
						{
							"origin": [-0.54, -1.31046, -3.23625],
							"size": [1.08, 1.08, 3.24],
							"uv": {
								"north": {"uv": [43.5, 254.5], "uv_size": [1, 1]},
								"south": {"uv": [46, 254.5], "uv_size": [1, 1]},
								"down": {"uv": [44.5, 254.5], "uv_size": [1, -3]}
							}
						},
						{
							"origin": [-0.54, 0.21687, -3.23625],
							"size": [1.08, 1.08, 3.24],
							"uv": {
								"north": {"uv": [42.5, 254.5], "uv_size": [1, 1]},
								"south": {"uv": [44.5, 254.5], "uv_size": [1, 1]},
								"up": {"uv": [42.5, 251.5], "uv_size": [1, 3]},
								"down": {"uv": [43.5, 254.5], "uv_size": [1, -3]}
							}
						},
						{
							"origin": [0.22367, -0.54679, -3.23625],
							"size": [1.08, 1.08, 3.24],
							"pivot": [0, -0.0068, -7.89375],
							"rotation": [0, 0, 45],
							"uv": {
								"north": {"uv": [43.5, 250.5], "uv_size": [1, 1]},
								"south": {"uv": [47.5, 250.5], "uv_size": [1, 1]},
								"west": {"uv": [44.5, 250.5], "uv_size": [3, 1]}
							}
						},
						{
							"origin": [0.22367, -0.54679, -3.23625],
							"size": [1.08, 1.08, 3.24],
							"pivot": [0, -0.0068, -7.89375],
							"rotation": [0, 0, -45],
							"uv": {
								"north": {"uv": [43.5, 247.5], "uv_size": [1, 1]},
								"south": {"uv": [47.5, 247.5], "uv_size": [1, 1]},
								"west": {"uv": [44.5, 247.5], "uv_size": [3, 1]}
							}
						},
						{
							"origin": [0.22367, -0.54679, -3.23625],
							"size": [1.08, 1.08, 3.24],
							"uv": {
								"north": {"uv": [43.5, 249], "uv_size": [1, 1]},
								"south": {"uv": [47.5, 249], "uv_size": [1, 1]},
								"west": {"uv": [44.5, 249], "uv_size": [3, 1]}
							}
						},
						{
							"origin": [0.21026, -0.5144, -3.57105],
							"size": [1.0152, 1.0152, 0.5076],
							"uv": {
								"north": {"uv": [49, 251.5], "uv_size": [1, 1]},
								"south": {"uv": [50.5, 251.5], "uv_size": [1, 1]},
								"west": {"uv": [50, 251.5], "uv_size": [0.5, 1]}
							}
						},
						{
							"origin": [0.21026, -0.5144, -3.57105],
							"size": [1.0152, 1.0152, 0.5076],
							"pivot": [0, -0.0068, -7.89375],
							"rotation": [0, 0, -45],
							"uv": {
								"north": {"uv": [49, 250], "uv_size": [1, 1]},
								"south": {"uv": [50.5, 250], "uv_size": [1, 1]},
								"west": {"uv": [50, 250], "uv_size": [0.5, 1]}
							}
						},
						{
							"origin": [0.21026, -0.5144, -3.57105],
							"size": [1.0152, 1.0152, 0.5076],
							"pivot": [0, -0.0068, -7.89375],
							"rotation": [0, 0, 45],
							"uv": {
								"north": {"uv": [49, 253], "uv_size": [1, 1]},
								"south": {"uv": [50.5, 253], "uv_size": [1, 1]},
								"west": {"uv": [50, 253], "uv_size": [0.5, 1]}
							}
						},
						{
							"origin": [-0.5076, 0.20346, -3.57105],
							"size": [1.0152, 1.0152, 0.5076],
							"uv": {
								"north": {"uv": [49, 248.5], "uv_size": [1, 1]},
								"south": {"uv": [50.5, 248.5], "uv_size": [1, 1]},
								"up": {"uv": [49, 248], "uv_size": [1, 0.5]}
							}
						},
						{
							"origin": [-0.5076, -1.23225, -3.57105],
							"size": [1.0152, 1.0152, 0.5076],
							"uv": {
								"north": {"uv": [49, 254.5], "uv_size": [1, 1]},
								"south": {"uv": [50.5, 254.5], "uv_size": [1, 1]},
								"down": {"uv": [50, 254.5], "uv_size": [1, -0.5]}
							}
						},
						{
							"origin": [-1.22545, -0.5144, -3.57105],
							"size": [1.0152, 1.0152, 0.5076],
							"pivot": [0, -0.0068, -7.89375],
							"rotation": [0, 0, -45],
							"uv": {
								"north": {"uv": [50, 253], "uv_size": [-1, 1]},
								"east": {"uv": [50.5, 253], "uv_size": [-0.5, 1]},
								"south": {"uv": [51.5, 253], "uv_size": [-1, 1]}
							}
						},
						{
							"origin": [-1.22545, -0.5144, -3.57105],
							"size": [1.0152, 1.0152, 0.5076],
							"uv": {
								"north": {"uv": [50, 251.5], "uv_size": [-1, 1]},
								"east": {"uv": [50.5, 251.5], "uv_size": [-0.5, 1]},
								"south": {"uv": [51.5, 251.5], "uv_size": [-1, 1]}
							}
						},
						{
							"origin": [-1.22545, -0.5144, -3.57105],
							"size": [1.0152, 1.0152, 0.5076],
							"pivot": [0, -0.0068, -7.89375],
							"rotation": [0, 0, 45],
							"uv": {
								"north": {"uv": [50, 250], "uv_size": [-1, 1]},
								"east": {"uv": [50.5, 250], "uv_size": [-0.5, 1]},
								"south": {"uv": [51.5, 250], "uv_size": [-1, 1]}
							}
						},
						{
							"origin": [-1.30367, -0.54679, -11.35875],
							"size": [0.9, 1.08, 7.8],
							"uv": {
								"north": {"uv": [42, 246], "uv_size": [-1, 1]},
								"east": {"uv": [50, 246], "uv_size": [-8, 1]},
								"south": {"uv": [53, 246], "uv_size": [-1, 1]}
							}
						},
						{
							"origin": [-1.30367, -0.54679, -11.35515],
							"size": [1.08, 1.08, 7.7964],
							"pivot": [0, -0.0068, -5.08125],
							"rotation": [0, 0, -45],
							"uv": {
								"north": {"uv": [42, 243], "uv_size": [-1, 1]},
								"east": {"uv": [50, 243], "uv_size": [-8, 1]},
								"south": {"uv": [53, 243], "uv_size": [-1, 1]}
							}
						},
						{
							"origin": [-1.30367, -0.54679, -11.35515],
							"size": [1.08, 1.08, 7.7964],
							"pivot": [0, -0.0068, -5.08125],
							"rotation": [0, 0, 45],
							"uv": {
								"north": {"uv": [42, 244.5], "uv_size": [-1, 1]},
								"east": {"uv": [50, 244.5], "uv_size": [-8, 1]},
								"south": {"uv": [53, 244.5], "uv_size": [-1, 1]}
							}
						},
						{
							"origin": [-1.30367, -0.54679, -3.23625],
							"size": [1.08, 1.08, 3.24],
							"pivot": [0, -0.0068, -7.89375],
							"rotation": [0, 0, -45],
							"uv": {
								"north": {"uv": [44.5, 250.5], "uv_size": [-1, 1]},
								"east": {"uv": [47.5, 250.5], "uv_size": [-3, 1]},
								"south": {"uv": [48.5, 250.5], "uv_size": [-1, 1]}
							}
						},
						{
							"origin": [-1.30367, -0.54679, -3.23625],
							"size": [1.08, 1.08, 3.24],
							"uv": {
								"north": {"uv": [44.5, 249], "uv_size": [-1, 1]},
								"east": {"uv": [47.5, 249], "uv_size": [-3, 1]},
								"south": {"uv": [48.5, 249], "uv_size": [-1, 1]}
							}
						},
						{
							"origin": [-1.30367, -0.54679, -3.23625],
							"size": [1.08, 1.08, 3.24],
							"pivot": [0, -0.0068, -7.89375],
							"rotation": [0, 0, 45],
							"uv": {
								"north": {"uv": [44.5, 247.5], "uv_size": [-1, 1]},
								"east": {"uv": [47.5, 247.5], "uv_size": [-3, 1]},
								"south": {"uv": [48.5, 247.5], "uv_size": [-1, 1]}
							}
						},
						{
							"origin": [0.40367, -0.54679, -11.35875],
							"size": [0.9, 1.08, 7.8],
							"uv": {
								"north": {"uv": [41, 246], "uv_size": [1, 1]},
								"south": {"uv": [52, 246], "uv_size": [1, 1]},
								"west": {"uv": [42, 246], "uv_size": [8, 1]}
							}
						},
						{
							"origin": [-0.54, -0.54679, -11.35875],
							"size": [1.08, 1.08, 0],
							"uv": {
								"north": {"uv": [41, 244.5], "uv_size": [0.5, 0.5]}
							}
						}
					]
				}
			]
		}
	]
}