{
	"format_version": "1.12.0",
	"minecraft:geometry": [
		{
			"description": {
				"identifier": "geometry.unknown",
				"texture_width": 128,
				"texture_height": 128,
				"visible_bounds_width": 51,
				"visible_bounds_height": 66,
				"visible_bounds_offset": [0, 31, 0]
			},
			"bones": [
				{
					"name": "root",
					"pivot": [0, 8, -1]
				},
				{
					"name": "mag_and_lefthand",
					"parent": "root",
					"pivot": [0, 7.865, -1.54]
				},
				{
					"name": "lefthand",
					"parent": "mag_and_lefthand",
					"pivot": [-1.62, 10.97, -0.73]
				},
				{
					"name": "lefthand_pos",
					"parent": "lefthand",
					"pivot": [0, 8, -0.73]
				},
				{
					"name": "mag_and_bullet",
					"parent": "mag_and_lefthand",
					"pivot": [1.35, 8.621, -1]
				},
				{
					"name": "gun_and_righthand",
					"parent": "root",
					"pivot": [0, 8.54, 0.08]
				},
				{
					"name": "righthand",
					"parent": "gun_and_righthand",
					"pivot": [1.62, 10.97, -0.73]
				},
				{
					"name": "righthand_pos",
					"parent": "righthand",
					"pivot": [0, 8, -0.73]
				},
				{
					"name": "p221zldl",
					"parent": "gun_and_righthand",
					"pivot": [0, 7.73, 0.08]
				},
				{
					"name": "splasha",
					"parent": "p221zldl",
					"pivot": [0, 5.84, -0.73]
				},
				{
					"name": "splash1",
					"parent": "splasha",
					"pivot": [0, 7.811, -13.69],
					"cubes": [
						{
							"origin": [-0.135, 7.676, -13.69],
							"size": [0.27, 0.27, 0],
							"uv": {
								"south": {"uv": [55, 0], "uv_size": [8, 8]}
							}
						}
					]
				},
				{
					"name": "splash2",
					"parent": "splasha",
					"pivot": [0, 7.811, -10.72],
					"cubes": [
						{
							"origin": [-0.135, 7.676, -10.72],
							"size": [0.27, 0.27, 0],
							"uv": {
								"south": {"uv": [55, 0], "uv_size": [8, 8]}
							}
						}
					]
				},
				{
					"name": "splash3",
					"parent": "splasha",
					"pivot": [0, 7.811, -8.02],
					"cubes": [
						{
							"origin": [-0.135, 7.676, -8.02],
							"size": [0.27, 0.27, 0],
							"uv": {
								"south": {"uv": [55, 0], "uv_size": [8, 8]}
							}
						}
					]
				},
				{
					"name": "splash4",
					"parent": "splasha",
					"pivot": [0, 7.811, -4.51],
					"cubes": [
						{
							"origin": [-0.135, 7.676, -4.51],
							"size": [0.27, 0.27, 0],
							"uv": {
								"south": {"uv": [55, 0], "uv_size": [8, 8]}
							}
						}
					]
				},
				{
					"name": "splash5",
					"parent": "splasha",
					"pivot": [0, 8.351, -15.04],
					"cubes": [
						{
							"origin": [-0.135, 8.216, -15.04],
							"size": [0.27, 0.27, 0],
							"uv": {
								"south": {"uv": [55, 0], "uv_size": [8, 8]}
							}
						}
					]
				},
				{
					"name": "splash6",
					"parent": "splasha",
					"pivot": [0, 8.351, -15.04],
					"cubes": [
						{
							"origin": [-0.135, 8.216, -15.04],
							"size": [0.27, 0.27, 0],
							"uv": {
								"south": {"uv": [55, 0], "uv_size": [8, 8]}
							}
						}
					]
				},
				{
					"name": "barrel",
					"parent": "p221zldl",
					"pivot": [0, 7.79413, -3.16],
					"cubes": [
						{
							"origin": [-0.80927, 5.84073, -15.03927],
							"size": [1.61854, 1.61854, 0.80854],
							"inflate": 0.001,
							"uv": {
								"north": {"uv": [101, 69], "uv_size": [6, 6]},
								"east": {"uv": [98, 69], "uv_size": [3, 6]},
								"south": {"uv": [110, 69], "uv_size": [6, 6]},
								"west": {"uv": [107, 69], "uv_size": [3, 6]},
								"up": {"uv": [101, 66], "uv_size": [6, 3]},
								"down": {"uv": [107, 69], "uv_size": [6, -3]}
							}
						},
						{
							"origin": [-0.81073, 5.83927, -15.04073],
							"size": [1.62146, 0.81146, 0.81146],
							"inflate": -0.001,
							"pivot": [0, 7.79551, -14.5],
							"rotation": [0, 0, -45],
							"uv": {
								"north": {"uv": [101, 105], "uv_size": [6, 3]},
								"east": {"uv": [98, 105], "uv_size": [3, 3]},
								"south": {"uv": [110, 105], "uv_size": [6, 3]},
								"west": {"uv": [107, 105], "uv_size": [3, 3]},
								"up": {"uv": [101, 102], "uv_size": [6, 3]},
								"down": {"uv": [107, 105], "uv_size": [6, -3]}
							}
						},
						{
							"origin": [0.33551, 6.98551, -15.04],
							"size": [1.62, 1.62, 0.81],
							"uv": {
								"north": {"uv": [101, 87], "uv_size": [6, 6]},
								"east": {"uv": [98, 87], "uv_size": [3, 6]},
								"south": {"uv": [110, 87], "uv_size": [6, 6]},
								"west": {"uv": [107, 87], "uv_size": [3, 6]},
								"up": {"uv": [101, 84], "uv_size": [6, 3]},
								"down": {"uv": [107, 87], "uv_size": [6, -3]}
							}
						},
						{
							"origin": [-0.80927, 8.13176, -15.03927],
							"size": [1.61854, 1.61854, 0.80854],
							"inflate": 0.001,
							"uv": {
								"north": {"uv": [101, 78], "uv_size": [6, 6]},
								"east": {"uv": [98, 78], "uv_size": [3, 6]},
								"south": {"uv": [110, 78], "uv_size": [6, 6]},
								"west": {"uv": [107, 78], "uv_size": [3, 6]},
								"up": {"uv": [101, 75], "uv_size": [6, 3]},
								"down": {"uv": [107, 78], "uv_size": [6, -3]}
							}
						},
						{
							"origin": [-0.81073, 8.9403, -15.04073],
							"size": [1.62146, 0.81146, 0.81146],
							"inflate": -0.001,
							"pivot": [0, 7.79551, -14.5],
							"rotation": [0, 0, 45],
							"uv": {
								"north": {"uv": [3, 106], "uv_size": [6, 3]},
								"east": {"uv": [0, 106], "uv_size": [3, 3]},
								"south": {"uv": [12, 106], "uv_size": [6, 3]},
								"west": {"uv": [9, 106], "uv_size": [3, 3]},
								"up": {"uv": [3, 103], "uv_size": [6, 3]},
								"down": {"uv": [9, 106], "uv_size": [6, -3]}
							}
						},
						{
							"origin": [-0.81073, 8.9403, -15.04073],
							"size": [1.62146, 0.81146, 0.81146],
							"inflate": -0.001,
							"pivot": [0, 7.79551, -14.5],
							"rotation": [0, 0, -45],
							"uv": {
								"north": {"uv": [9, 106], "uv_size": [-6, 3]},
								"east": {"uv": [12, 106], "uv_size": [-3, 3]},
								"south": {"uv": [18, 106], "uv_size": [-6, 3]},
								"west": {"uv": [3, 106], "uv_size": [-3, 3]},
								"up": {"uv": [9, 103], "uv_size": [-6, 3]},
								"down": {"uv": [15, 106], "uv_size": [-6, -3]}
							}
						},
						{
							"origin": [-1.95551, 6.98551, -15.04],
							"size": [1.62, 1.62, 0.81],
							"uv": {
								"north": {"uv": [107, 87], "uv_size": [-6, 6]},
								"east": {"uv": [110, 87], "uv_size": [-3, 6]},
								"south": {"uv": [116, 87], "uv_size": [-6, 6]},
								"west": {"uv": [101, 87], "uv_size": [-3, 6]},
								"up": {"uv": [107, 84], "uv_size": [-6, 3]},
								"down": {"uv": [113, 87], "uv_size": [-6, -3]}
							}
						},
						{
							"origin": [-0.81073, 5.83927, -15.04073],
							"size": [1.62146, 0.81146, 0.81146],
							"inflate": -0.001,
							"pivot": [0, 7.79551, -14.5],
							"rotation": [0, 0, 45],
							"uv": {
								"north": {"uv": [107, 105], "uv_size": [-6, 3]},
								"east": {"uv": [110, 105], "uv_size": [-3, 3]},
								"south": {"uv": [116, 105], "uv_size": [-6, 3]},
								"west": {"uv": [101, 105], "uv_size": [-3, 3]},
								"up": {"uv": [107, 102], "uv_size": [-6, 3]},
								"down": {"uv": [113, 105], "uv_size": [-6, -3]}
							}
						},
						{
							"origin": [-0.54, 7.25551, -14.77],
							"size": [1.08, 1.08, 0.54],
							"uv": {
								"north": {"uv": [110, 48], "uv_size": [4, 4]},
								"east": {"uv": [108, 48], "uv_size": [2, 4]},
								"south": {"uv": [116, 48], "uv_size": [4, 4]},
								"west": {"uv": [114, 48], "uv_size": [2, 4]},
								"up": {"uv": [110, 46], "uv_size": [4, 2]},
								"down": {"uv": [114, 48], "uv_size": [4, -2]}
							}
						},
						{
							"origin": [1.08959, 7.12051, -3.7],
							"size": [0.54, 1.35, 0.81],
							"uv": {
								"north": {"uv": [89, 106], "uv_size": [2, 5]},
								"east": {"uv": [86, 106], "uv_size": [3, 5]},
								"south": {"uv": [94, 106], "uv_size": [2, 5]},
								"west": {"uv": [91, 106], "uv_size": [3, 5]},
								"up": {"uv": [89, 103], "uv_size": [2, 3]},
								"down": {"uv": [91, 106], "uv_size": [2, -3]}
							}
						},
						{
							"origin": [1.18578, 6.89078, -3.69927],
							"size": [0.53854, 1.34854, 0.80854],
							"inflate": 0.001,
							"pivot": [-0.23046, 7.56505, -3.16],
							"rotation": [0, 0, -45],
							"uv": {
								"north": {"uv": [111, 3], "uv_size": [2, 5]},
								"east": {"uv": [108, 3], "uv_size": [3, 5]},
								"south": {"uv": [116, 3], "uv_size": [2, 5]},
								"west": {"uv": [113, 3], "uv_size": [3, 5]},
								"up": {"uv": [111, 0], "uv_size": [2, 3]},
								"down": {"uv": [113, 3], "uv_size": [2, -3]}
							}
						},
						{
							"origin": [1.18578, 7.3517, -3.69927],
							"size": [0.53854, 1.34854, 0.80854],
							"inflate": 0.001,
							"pivot": [-0.23046, 8.02597, -3.16],
							"rotation": [0, 0, 45],
							"uv": {
								"north": {"uv": [111, 11], "uv_size": [2, 5]},
								"east": {"uv": [108, 11], "uv_size": [3, 5]},
								"south": {"uv": [116, 11], "uv_size": [2, 5]},
								"west": {"uv": [113, 11], "uv_size": [3, 5]},
								"up": {"uv": [111, 8], "uv_size": [2, 3]},
								"down": {"uv": [113, 11], "uv_size": [2, -3]}
							}
						},
						{
							"origin": [-0.675, 8.88511, -3.7],
							"size": [1.35, 0.54, 0.81],
							"uv": {
								"north": {"uv": [57, 106], "uv_size": [5, 2]},
								"east": {"uv": [54, 106], "uv_size": [3, 2]},
								"south": {"uv": [65, 106], "uv_size": [5, 2]},
								"west": {"uv": [62, 106], "uv_size": [3, 2]},
								"up": {"uv": [57, 103], "uv_size": [5, 3]},
								"down": {"uv": [62, 106], "uv_size": [5, -3]}
							}
						},
						{
							"origin": [-0.675, 6.16592, -3.7],
							"size": [1.35, 0.54, 0.81],
							"uv": {
								"north": {"uv": [73, 106], "uv_size": [5, 2]},
								"east": {"uv": [70, 106], "uv_size": [3, 2]},
								"south": {"uv": [81, 106], "uv_size": [5, 2]},
								"west": {"uv": [78, 106], "uv_size": [3, 2]},
								"up": {"uv": [73, 103], "uv_size": [5, 3]},
								"down": {"uv": [78, 106], "uv_size": [5, -3]}
							}
						},
						{
							"origin": [-1.72432, 7.3517, -3.69927],
							"size": [0.53854, 1.34854, 0.80854],
							"inflate": 0.001,
							"pivot": [0.23046, 8.02597, -3.16],
							"rotation": [0, 0, -45],
							"uv": {
								"north": {"uv": [111, 19], "uv_size": [2, 5]},
								"east": {"uv": [108, 19], "uv_size": [3, 5]},
								"south": {"uv": [116, 19], "uv_size": [2, 5]},
								"west": {"uv": [113, 19], "uv_size": [3, 5]},
								"up": {"uv": [111, 16], "uv_size": [2, 3]},
								"down": {"uv": [113, 19], "uv_size": [2, -3]}
							}
						},
						{
							"origin": [-1.72432, 6.89078, -3.69927],
							"size": [0.53854, 1.34854, 0.80854],
							"inflate": 0.001,
							"pivot": [0.23046, 7.56505, -3.16],
							"rotation": [0, 0, 45],
							"uv": {
								"north": {"uv": [111, 27], "uv_size": [2, 5]},
								"east": {"uv": [108, 27], "uv_size": [3, 5]},
								"south": {"uv": [116, 27], "uv_size": [2, 5]},
								"west": {"uv": [113, 27], "uv_size": [3, 5]},
								"up": {"uv": [111, 24], "uv_size": [2, 3]},
								"down": {"uv": [113, 27], "uv_size": [2, -3]}
							}
						},
						{
							"origin": [-1.62959, 7.12051, -3.7],
							"size": [0.54, 1.35, 0.81],
							"uv": {
								"north": {"uv": [111, 35], "uv_size": [2, 5]},
								"east": {"uv": [108, 35], "uv_size": [3, 5]},
								"south": {"uv": [116, 35], "uv_size": [2, 5]},
								"west": {"uv": [113, 35], "uv_size": [3, 5]},
								"up": {"uv": [111, 32], "uv_size": [2, 3]},
								"down": {"uv": [113, 35], "uv_size": [2, -3]}
							}
						},
						{
							"origin": [-1.21354, 6.58197, -3.69854],
							"size": [2.42708, 2.42708, 0.80708],
							"inflate": 0.002,
							"uv": {
								"north": {"uv": [101, 57], "uv_size": [9, 9]},
								"east": {"uv": [98, 57], "uv_size": [3, 9]},
								"south": {"uv": [113, 57], "uv_size": [9, 9]},
								"west": {"uv": [110, 57], "uv_size": [3, 9]},
								"up": {"uv": [101, 54], "uv_size": [9, 3]},
								"down": {"uv": [110, 57], "uv_size": [9, -3]}
							}
						}
					]
				},
				{
					"name": "barrel_left",
					"parent": "barrel",
					"pivot": [0, 5.84, -10.45]
				},
				{
					"name": "barrel8",
					"parent": "barrel_left",
					"pivot": [1.3706, 7.22779, -14.18974],
					"rotation": [0, 0, 22.5],
					"cubes": [
						{
							"origin": [1.65109, 7.23879, -14.084],
							"size": [-0.022, -0.022, 12.668],
							"inflate": 0.2,
							"uv": {
								"north": {"uv": [48, 102], "uv_size": [1, 1]},
								"east": {"uv": [0, 102], "uv_size": [48, 1]},
								"south": {"uv": [97, 102], "uv_size": [1, 1]},
								"west": {"uv": [49, 102], "uv_size": [48, 1]},
								"up": {"uv": [48, 54], "uv_size": [1, 48]},
								"down": {"uv": [49, 102], "uv_size": [1, -48]}
							}
						},
						{
							"origin": [1.2206, 7.23879, -2.21821],
							"size": [-0.022, -0.022, 0.788],
							"inflate": 0.2,
							"pivot": [1.2096, 7.22779, -1.82421],
							"rotation": [0, 5, 0],
							"uv": {
								"north": {"uv": [58, 112], "uv_size": [1, 1]},
								"east": {"uv": [54, 112], "uv_size": [4, 1]},
								"south": {"uv": [63, 112], "uv_size": [1, 1]},
								"west": {"uv": [59, 112], "uv_size": [4, 1]},
								"up": {"uv": [58, 108], "uv_size": [1, 4]},
								"down": {"uv": [59, 112], "uv_size": [1, -4]}
							}
						},
						{
							"origin": [1.27309, 7.23879, -1.394],
							"size": [-0.022, -0.022, -0.022],
							"inflate": 0.2,
							"uv": {
								"north": {"uv": [109, 53], "uv_size": [1, 1]},
								"east": {"uv": [108, 53], "uv_size": [1, 1]},
								"south": {"uv": [111, 53], "uv_size": [1, 1]},
								"west": {"uv": [110, 53], "uv_size": [1, 1]},
								"up": {"uv": [109, 52], "uv_size": [1, 1]},
								"down": {"uv": [110, 53], "uv_size": [1, -1]}
							}
						}
					]
				},
				{
					"name": "barrel1",
					"parent": "barrel_left",
					"pivot": [1.48352, 7.79551, -14.18974],
					"cubes": [
						{
							"origin": [1.76401, 7.80651, -14.084],
							"size": [-0.022, -0.022, 12.668],
							"inflate": 0.2,
							"uv": {
								"north": {"uv": [48, 102], "uv_size": [1, 1]},
								"east": {"uv": [0, 102], "uv_size": [48, 1]},
								"south": {"uv": [97, 102], "uv_size": [1, 1]},
								"west": {"uv": [49, 102], "uv_size": [48, 1]},
								"up": {"uv": [48, 54], "uv_size": [1, 48]},
								"down": {"uv": [49, 102], "uv_size": [1, -48]}
							}
						},
						{
							"origin": [1.33352, 7.80651, -2.21821],
							"size": [-0.022, -0.022, 0.788],
							"inflate": 0.2,
							"pivot": [1.32252, 7.79551, -1.82421],
							"rotation": [0, 5, 0],
							"uv": {
								"north": {"uv": [58, 112], "uv_size": [1, 1]},
								"east": {"uv": [54, 112], "uv_size": [4, 1]},
								"south": {"uv": [63, 112], "uv_size": [1, 1]},
								"west": {"uv": [59, 112], "uv_size": [4, 1]},
								"up": {"uv": [58, 108], "uv_size": [1, 4]},
								"down": {"uv": [59, 112], "uv_size": [1, -4]}
							}
						},
						{
							"origin": [1.38601, 7.80651, -1.394],
							"size": [-0.022, -0.022, -0.022],
							"inflate": 0.2,
							"uv": {
								"north": {"uv": [109, 53], "uv_size": [1, 1]},
								"east": {"uv": [108, 53], "uv_size": [1, 1]},
								"south": {"uv": [111, 53], "uv_size": [1, 1]},
								"west": {"uv": [110, 53], "uv_size": [1, 1]},
								"up": {"uv": [109, 52], "uv_size": [1, 1]},
								"down": {"uv": [110, 53], "uv_size": [1, -1]}
							}
						}
					]
				},
				{
					"name": "barrel4",
					"parent": "barrel_left",
					"pivot": [1.04901, 6.74651, -14.18974],
					"rotation": [0, 0, 45],
					"cubes": [
						{
							"origin": [1.32951, 6.75751, -14.084],
							"size": [-0.022, -0.022, 12.668],
							"inflate": 0.2,
							"uv": {
								"north": {"uv": [48, 102], "uv_size": [1, 1]},
								"east": {"uv": [0, 102], "uv_size": [48, 1]},
								"south": {"uv": [97, 102], "uv_size": [1, 1]},
								"west": {"uv": [49, 102], "uv_size": [48, 1]},
								"up": {"uv": [48, 54], "uv_size": [1, 48]},
								"down": {"uv": [49, 102], "uv_size": [1, -48]}
							}
						},
						{
							"origin": [0.89902, 6.75751, -2.21821],
							"size": [-0.022, -0.022, 0.788],
							"inflate": 0.2,
							"pivot": [0.88802, 6.74651, -1.82421],
							"rotation": [0, 5, 0],
							"uv": {
								"north": {"uv": [58, 112], "uv_size": [1, 1]},
								"east": {"uv": [54, 112], "uv_size": [4, 1]},
								"south": {"uv": [63, 112], "uv_size": [1, 1]},
								"west": {"uv": [59, 112], "uv_size": [4, 1]},
								"up": {"uv": [58, 108], "uv_size": [1, 4]},
								"down": {"uv": [59, 112], "uv_size": [1, -4]}
							}
						},
						{
							"origin": [0.95151, 6.75751, -1.394],
							"size": [-0.022, -0.022, -0.022],
							"inflate": 0.2,
							"uv": {
								"north": {"uv": [109, 53], "uv_size": [1, 1]},
								"east": {"uv": [108, 53], "uv_size": [1, 1]},
								"south": {"uv": [111, 53], "uv_size": [1, 1]},
								"west": {"uv": [110, 53], "uv_size": [1, 1]},
								"up": {"uv": [109, 52], "uv_size": [1, 1]},
								"down": {"uv": [110, 53], "uv_size": [1, -1]}
							}
						}
					]
				},
				{
					"name": "barrel5",
					"parent": "barrel_left",
					"pivot": [1.049, 8.84451, -14.18974],
					"rotation": [0, 0, -45],
					"cubes": [
						{
							"origin": [1.32949, 8.85551, -14.084],
							"size": [-0.022, -0.022, 12.668],
							"inflate": 0.2,
							"uv": {
								"north": {"uv": [48, 102], "uv_size": [1, 1]},
								"east": {"uv": [0, 102], "uv_size": [48, 1]},
								"south": {"uv": [97, 102], "uv_size": [1, 1]},
								"west": {"uv": [49, 102], "uv_size": [48, 1]},
								"up": {"uv": [48, 54], "uv_size": [1, 48]},
								"down": {"uv": [49, 102], "uv_size": [1, -48]}
							}
						},
						{
							"origin": [0.899, 8.85551, -2.21821],
							"size": [-0.022, -0.022, 0.788],
							"inflate": 0.2,
							"pivot": [0.888, 8.84451, -1.82421],
							"rotation": [0, 5, 0],
							"uv": {
								"north": {"uv": [58, 112], "uv_size": [1, 1]},
								"east": {"uv": [54, 112], "uv_size": [4, 1]},
								"south": {"uv": [63, 112], "uv_size": [1, 1]},
								"west": {"uv": [59, 112], "uv_size": [4, 1]},
								"up": {"uv": [58, 108], "uv_size": [1, 4]},
								"down": {"uv": [59, 112], "uv_size": [1, -4]}
							}
						},
						{
							"origin": [0.95149, 8.85551, -1.394],
							"size": [-0.022, -0.022, -0.022],
							"inflate": 0.2,
							"uv": {
								"north": {"uv": [109, 53], "uv_size": [1, 1]},
								"east": {"uv": [108, 53], "uv_size": [1, 1]},
								"south": {"uv": [111, 53], "uv_size": [1, 1]},
								"west": {"uv": [110, 53], "uv_size": [1, 1]},
								"up": {"uv": [109, 52], "uv_size": [1, 1]},
								"down": {"uv": [110, 53], "uv_size": [1, -1]}
							}
						}
					]
				},
				{
					"name": "barrel6",
					"parent": "barrel_left",
					"pivot": [0.56771, 9.1661, -14.18974],
					"rotation": [0, 0, -67.5],
					"cubes": [
						{
							"origin": [0.8482, 9.1771, -14.084],
							"size": [-0.022, -0.022, 12.668],
							"inflate": 0.2,
							"uv": {
								"north": {"uv": [48, 102], "uv_size": [1, 1]},
								"east": {"uv": [0, 102], "uv_size": [48, 1]},
								"south": {"uv": [97, 102], "uv_size": [1, 1]},
								"west": {"uv": [49, 102], "uv_size": [48, 1]},
								"up": {"uv": [48, 54], "uv_size": [1, 48]},
								"down": {"uv": [49, 102], "uv_size": [1, -48]}
							}
						},
						{
							"origin": [0.41771, 9.1771, -2.21821],
							"size": [-0.022, -0.022, 0.788],
							"inflate": 0.2,
							"pivot": [0.40671, 9.1661, -1.82421],
							"rotation": [0, 5, 0],
							"uv": {
								"north": {"uv": [58, 112], "uv_size": [1, 1]},
								"east": {"uv": [54, 112], "uv_size": [4, 1]},
								"south": {"uv": [63, 112], "uv_size": [1, 1]},
								"west": {"uv": [59, 112], "uv_size": [4, 1]},
								"up": {"uv": [58, 108], "uv_size": [1, 4]},
								"down": {"uv": [59, 112], "uv_size": [1, -4]}
							}
						},
						{
							"origin": [0.4702, 9.1771, -1.394],
							"size": [-0.022, -0.022, -0.022],
							"inflate": 0.2,
							"uv": {
								"north": {"uv": [109, 53], "uv_size": [1, 1]},
								"east": {"uv": [108, 53], "uv_size": [1, 1]},
								"south": {"uv": [111, 53], "uv_size": [1, 1]},
								"west": {"uv": [110, 53], "uv_size": [1, 1]},
								"up": {"uv": [109, 52], "uv_size": [1, 1]},
								"down": {"uv": [110, 53], "uv_size": [1, -1]}
							}
						}
					]
				},
				{
					"name": "barrel7",
					"parent": "barrel_left",
					"pivot": [1.37059, 8.36323, -14.18974],
					"rotation": [0, 0, -22.5],
					"cubes": [
						{
							"origin": [1.65108, 8.37423, -14.084],
							"size": [-0.022, -0.022, 12.668],
							"inflate": 0.2,
							"uv": {
								"north": {"uv": [48, 102], "uv_size": [1, 1]},
								"east": {"uv": [0, 102], "uv_size": [48, 1]},
								"south": {"uv": [97, 102], "uv_size": [1, 1]},
								"west": {"uv": [49, 102], "uv_size": [48, 1]},
								"up": {"uv": [48, 54], "uv_size": [1, 48]},
								"down": {"uv": [49, 102], "uv_size": [1, -48]}
							}
						},
						{
							"origin": [1.22059, 8.37423, -2.21821],
							"size": [-0.022, -0.022, 0.788],
							"inflate": 0.2,
							"pivot": [1.20959, 8.36323, -1.82421],
							"rotation": [0, 5, 0],
							"uv": {
								"north": {"uv": [58, 112], "uv_size": [1, 1]},
								"east": {"uv": [54, 112], "uv_size": [4, 1]},
								"south": {"uv": [63, 112], "uv_size": [1, 1]},
								"west": {"uv": [59, 112], "uv_size": [4, 1]},
								"up": {"uv": [58, 108], "uv_size": [1, 4]},
								"down": {"uv": [59, 112], "uv_size": [1, -4]}
							}
						},
						{
							"origin": [1.27308, 8.37423, -1.394],
							"size": [-0.022, -0.022, -0.022],
							"inflate": 0.2,
							"uv": {
								"north": {"uv": [109, 53], "uv_size": [1, 1]},
								"east": {"uv": [108, 53], "uv_size": [1, 1]},
								"south": {"uv": [111, 53], "uv_size": [1, 1]},
								"west": {"uv": [110, 53], "uv_size": [1, 1]},
								"up": {"uv": [109, 52], "uv_size": [1, 1]},
								"down": {"uv": [110, 53], "uv_size": [1, -1]}
							}
						}
					]
				},
				{
					"name": "barrel9",
					"parent": "barrel_left",
					"pivot": [0.56773, 6.42491, -14.18974],
					"rotation": [0, 0, 67.5],
					"cubes": [
						{
							"origin": [0.84822, 6.43591, -14.084],
							"size": [-0.022, -0.022, 12.668],
							"inflate": 0.2,
							"uv": {
								"north": {"uv": [48, 102], "uv_size": [1, 1]},
								"east": {"uv": [0, 102], "uv_size": [48, 1]},
								"south": {"uv": [97, 102], "uv_size": [1, 1]},
								"west": {"uv": [49, 102], "uv_size": [48, 1]},
								"up": {"uv": [48, 54], "uv_size": [1, 48]},
								"down": {"uv": [49, 102], "uv_size": [1, -48]}
							}
						},
						{
							"origin": [0.41773, 6.43591, -2.21821],
							"size": [-0.022, -0.022, 0.788],
							"inflate": 0.2,
							"pivot": [0.40673, 6.42491, -1.82421],
							"rotation": [0, 5, 0],
							"uv": {
								"north": {"uv": [58, 112], "uv_size": [1, 1]},
								"east": {"uv": [54, 112], "uv_size": [4, 1]},
								"south": {"uv": [63, 112], "uv_size": [1, 1]},
								"west": {"uv": [59, 112], "uv_size": [4, 1]},
								"up": {"uv": [58, 108], "uv_size": [1, 4]},
								"down": {"uv": [59, 112], "uv_size": [1, -4]}
							}
						},
						{
							"origin": [0.47022, 6.43591, -1.394],
							"size": [-0.022, -0.022, -0.022],
							"inflate": 0.2,
							"uv": {
								"north": {"uv": [109, 53], "uv_size": [1, 1]},
								"east": {"uv": [108, 53], "uv_size": [1, 1]},
								"south": {"uv": [111, 53], "uv_size": [1, 1]},
								"west": {"uv": [110, 53], "uv_size": [1, 1]},
								"up": {"uv": [109, 52], "uv_size": [1, 1]},
								"down": {"uv": [110, 53], "uv_size": [1, -1]}
							}
						}
					]
				},
				{
					"name": "barrel_right",
					"parent": "barrel",
					"pivot": [0, 5.84, -10.45]
				},
				{
					"name": "barrel10",
					"parent": "barrel_right",
					"pivot": [-1.3706, 7.22779, -14.18974],
					"rotation": [0, 0, -22.5],
					"cubes": [
						{
							"origin": [-1.62909, 7.23879, -14.084],
							"size": [-0.022, -0.022, 12.668],
							"inflate": 0.2,
							"uv": {
								"north": {"uv": [49, 102], "uv_size": [-1, 1]},
								"east": {"uv": [97, 102], "uv_size": [-48, 1]},
								"south": {"uv": [98, 102], "uv_size": [-1, 1]},
								"west": {"uv": [48, 102], "uv_size": [-48, 1]},
								"up": {"uv": [49, 54], "uv_size": [-1, 48]},
								"down": {"uv": [50, 102], "uv_size": [-1, -48]}
							}
						},
						{
							"origin": [-1.1986, 7.23879, -2.21821],
							"size": [-0.022, -0.022, 0.788],
							"inflate": 0.2,
							"pivot": [-1.2096, 7.22779, -1.82421],
							"rotation": [0, -5, 0],
							"uv": {
								"north": {"uv": [59, 112], "uv_size": [-1, 1]},
								"east": {"uv": [63, 112], "uv_size": [-4, 1]},
								"south": {"uv": [64, 112], "uv_size": [-1, 1]},
								"west": {"uv": [58, 112], "uv_size": [-4, 1]},
								"up": {"uv": [59, 108], "uv_size": [-1, 4]},
								"down": {"uv": [60, 112], "uv_size": [-1, -4]}
							}
						},
						{
							"origin": [-1.25109, 7.23879, -1.394],
							"size": [-0.022, -0.022, -0.022],
							"inflate": 0.2,
							"uv": {
								"north": {"uv": [110, 53], "uv_size": [-1, 1]},
								"east": {"uv": [111, 53], "uv_size": [-1, 1]},
								"south": {"uv": [112, 53], "uv_size": [-1, 1]},
								"west": {"uv": [109, 53], "uv_size": [-1, 1]},
								"up": {"uv": [110, 52], "uv_size": [-1, 1]},
								"down": {"uv": [111, 53], "uv_size": [-1, -1]}
							}
						}
					]
				},
				{
					"name": "barrel11",
					"parent": "barrel_right",
					"pivot": [-1.48352, 7.79551, -14.18974],
					"cubes": [
						{
							"origin": [-1.74201, 7.80651, -14.084],
							"size": [-0.022, -0.022, 12.668],
							"inflate": 0.2,
							"uv": {
								"north": {"uv": [49, 102], "uv_size": [-1, 1]},
								"east": {"uv": [97, 102], "uv_size": [-48, 1]},
								"south": {"uv": [98, 102], "uv_size": [-1, 1]},
								"west": {"uv": [48, 102], "uv_size": [-48, 1]},
								"up": {"uv": [49, 54], "uv_size": [-1, 48]},
								"down": {"uv": [50, 102], "uv_size": [-1, -48]}
							}
						},
						{
							"origin": [-1.31152, 7.80651, -2.21821],
							"size": [-0.022, -0.022, 0.788],
							"inflate": 0.2,
							"pivot": [-1.32252, 7.79551, -1.82421],
							"rotation": [0, -5, 0],
							"uv": {
								"north": {"uv": [59, 112], "uv_size": [-1, 1]},
								"east": {"uv": [63, 112], "uv_size": [-4, 1]},
								"south": {"uv": [64, 112], "uv_size": [-1, 1]},
								"west": {"uv": [58, 112], "uv_size": [-4, 1]},
								"up": {"uv": [59, 108], "uv_size": [-1, 4]},
								"down": {"uv": [60, 112], "uv_size": [-1, -4]}
							}
						},
						{
							"origin": [-1.36401, 7.80651, -1.394],
							"size": [-0.022, -0.022, -0.022],
							"inflate": 0.2,
							"uv": {
								"north": {"uv": [110, 53], "uv_size": [-1, 1]},
								"east": {"uv": [111, 53], "uv_size": [-1, 1]},
								"south": {"uv": [112, 53], "uv_size": [-1, 1]},
								"west": {"uv": [109, 53], "uv_size": [-1, 1]},
								"up": {"uv": [110, 52], "uv_size": [-1, 1]},
								"down": {"uv": [111, 53], "uv_size": [-1, -1]}
							}
						}
					]
				},
				{
					"name": "barrel12",
					"parent": "barrel_right",
					"pivot": [-1.04901, 6.74651, -14.18974],
					"rotation": [0, 0, -45],
					"cubes": [
						{
							"origin": [-1.30751, 6.75751, -14.084],
							"size": [-0.022, -0.022, 12.668],
							"inflate": 0.2,
							"uv": {
								"north": {"uv": [49, 102], "uv_size": [-1, 1]},
								"east": {"uv": [97, 102], "uv_size": [-48, 1]},
								"south": {"uv": [98, 102], "uv_size": [-1, 1]},
								"west": {"uv": [48, 102], "uv_size": [-48, 1]},
								"up": {"uv": [49, 54], "uv_size": [-1, 48]},
								"down": {"uv": [50, 102], "uv_size": [-1, -48]}
							}
						},
						{
							"origin": [-0.87702, 6.75751, -2.21821],
							"size": [-0.022, -0.022, 0.788],
							"inflate": 0.2,
							"pivot": [-0.88802, 6.74651, -1.82421],
							"rotation": [0, -5, 0],
							"uv": {
								"north": {"uv": [59, 112], "uv_size": [-1, 1]},
								"east": {"uv": [63, 112], "uv_size": [-4, 1]},
								"south": {"uv": [64, 112], "uv_size": [-1, 1]},
								"west": {"uv": [58, 112], "uv_size": [-4, 1]},
								"up": {"uv": [59, 108], "uv_size": [-1, 4]},
								"down": {"uv": [60, 112], "uv_size": [-1, -4]}
							}
						},
						{
							"origin": [-0.92951, 6.75751, -1.394],
							"size": [-0.022, -0.022, -0.022],
							"inflate": 0.2,
							"uv": {
								"north": {"uv": [110, 53], "uv_size": [-1, 1]},
								"east": {"uv": [111, 53], "uv_size": [-1, 1]},
								"south": {"uv": [112, 53], "uv_size": [-1, 1]},
								"west": {"uv": [109, 53], "uv_size": [-1, 1]},
								"up": {"uv": [110, 52], "uv_size": [-1, 1]},
								"down": {"uv": [111, 53], "uv_size": [-1, -1]}
							}
						}
					]
				},
				{
					"name": "barrel13",
					"parent": "barrel_right",
					"pivot": [-1.049, 8.84451, -14.18974],
					"rotation": [0, 0, 45],
					"cubes": [
						{
							"origin": [-1.30749, 8.85551, -14.084],
							"size": [-0.022, -0.022, 12.668],
							"inflate": 0.2,
							"uv": {
								"north": {"uv": [49, 102], "uv_size": [-1, 1]},
								"east": {"uv": [97, 102], "uv_size": [-48, 1]},
								"south": {"uv": [98, 102], "uv_size": [-1, 1]},
								"west": {"uv": [48, 102], "uv_size": [-48, 1]},
								"up": {"uv": [49, 54], "uv_size": [-1, 48]},
								"down": {"uv": [50, 102], "uv_size": [-1, -48]}
							}
						},
						{
							"origin": [-0.877, 8.85551, -2.21821],
							"size": [-0.022, -0.022, 0.788],
							"inflate": 0.2,
							"pivot": [-0.888, 8.84451, -1.82421],
							"rotation": [0, -5, 0],
							"uv": {
								"north": {"uv": [59, 112], "uv_size": [-1, 1]},
								"east": {"uv": [63, 112], "uv_size": [-4, 1]},
								"south": {"uv": [64, 112], "uv_size": [-1, 1]},
								"west": {"uv": [58, 112], "uv_size": [-4, 1]},
								"up": {"uv": [59, 108], "uv_size": [-1, 4]},
								"down": {"uv": [60, 112], "uv_size": [-1, -4]}
							}
						},
						{
							"origin": [-0.92949, 8.85551, -1.394],
							"size": [-0.022, -0.022, -0.022],
							"inflate": 0.2,
							"uv": {
								"north": {"uv": [110, 53], "uv_size": [-1, 1]},
								"east": {"uv": [111, 53], "uv_size": [-1, 1]},
								"south": {"uv": [112, 53], "uv_size": [-1, 1]},
								"west": {"uv": [109, 53], "uv_size": [-1, 1]},
								"up": {"uv": [110, 52], "uv_size": [-1, 1]},
								"down": {"uv": [111, 53], "uv_size": [-1, -1]}
							}
						}
					]
				},
				{
					"name": "barrel14",
					"parent": "barrel_right",
					"pivot": [-0.56771, 9.1661, -14.18974],
					"rotation": [0, 0, 67.5],
					"cubes": [
						{
							"origin": [-0.8262, 9.1771, -14.084],
							"size": [-0.022, -0.022, 12.668],
							"inflate": 0.2,
							"uv": {
								"north": {"uv": [49, 102], "uv_size": [-1, 1]},
								"east": {"uv": [97, 102], "uv_size": [-48, 1]},
								"south": {"uv": [98, 102], "uv_size": [-1, 1]},
								"west": {"uv": [48, 102], "uv_size": [-48, 1]},
								"up": {"uv": [49, 54], "uv_size": [-1, 48]},
								"down": {"uv": [50, 102], "uv_size": [-1, -48]}
							}
						},
						{
							"origin": [-0.39571, 9.1771, -2.21821],
							"size": [-0.022, -0.022, 0.788],
							"inflate": 0.2,
							"pivot": [-0.40671, 9.1661, -1.82421],
							"rotation": [0, -5, 0],
							"uv": {
								"north": {"uv": [59, 112], "uv_size": [-1, 1]},
								"east": {"uv": [63, 112], "uv_size": [-4, 1]},
								"south": {"uv": [64, 112], "uv_size": [-1, 1]},
								"west": {"uv": [58, 112], "uv_size": [-4, 1]},
								"up": {"uv": [59, 108], "uv_size": [-1, 4]},
								"down": {"uv": [60, 112], "uv_size": [-1, -4]}
							}
						},
						{
							"origin": [-0.4482, 9.1771, -1.394],
							"size": [-0.022, -0.022, -0.022],
							"inflate": 0.2,
							"uv": {
								"north": {"uv": [110, 53], "uv_size": [-1, 1]},
								"east": {"uv": [111, 53], "uv_size": [-1, 1]},
								"south": {"uv": [112, 53], "uv_size": [-1, 1]},
								"west": {"uv": [109, 53], "uv_size": [-1, 1]},
								"up": {"uv": [110, 52], "uv_size": [-1, 1]},
								"down": {"uv": [111, 53], "uv_size": [-1, -1]}
							}
						}
					]
				},
				{
					"name": "barrel15",
					"parent": "barrel_right",
					"pivot": [-1.37059, 8.36323, -14.18974],
					"rotation": [0, 0, 22.5],
					"cubes": [
						{
							"origin": [-1.62908, 8.37423, -14.084],
							"size": [-0.022, -0.022, 12.668],
							"inflate": 0.2,
							"uv": {
								"north": {"uv": [49, 102], "uv_size": [-1, 1]},
								"east": {"uv": [97, 102], "uv_size": [-48, 1]},
								"south": {"uv": [98, 102], "uv_size": [-1, 1]},
								"west": {"uv": [48, 102], "uv_size": [-48, 1]},
								"up": {"uv": [49, 54], "uv_size": [-1, 48]},
								"down": {"uv": [50, 102], "uv_size": [-1, -48]}
							}
						},
						{
							"origin": [-1.19859, 8.37423, -2.21821],
							"size": [-0.022, -0.022, 0.788],
							"inflate": 0.2,
							"pivot": [-1.20959, 8.36323, -1.82421],
							"rotation": [0, -5, 0],
							"uv": {
								"north": {"uv": [59, 112], "uv_size": [-1, 1]},
								"east": {"uv": [63, 112], "uv_size": [-4, 1]},
								"south": {"uv": [64, 112], "uv_size": [-1, 1]},
								"west": {"uv": [58, 112], "uv_size": [-4, 1]},
								"up": {"uv": [59, 108], "uv_size": [-1, 4]},
								"down": {"uv": [60, 112], "uv_size": [-1, -4]}
							}
						},
						{
							"origin": [-1.25108, 8.37423, -1.394],
							"size": [-0.022, -0.022, -0.022],
							"inflate": 0.2,
							"uv": {
								"north": {"uv": [110, 53], "uv_size": [-1, 1]},
								"east": {"uv": [111, 53], "uv_size": [-1, 1]},
								"south": {"uv": [112, 53], "uv_size": [-1, 1]},
								"west": {"uv": [109, 53], "uv_size": [-1, 1]},
								"up": {"uv": [110, 52], "uv_size": [-1, 1]},
								"down": {"uv": [111, 53], "uv_size": [-1, -1]}
							}
						}
					]
				},
				{
					"name": "barrel16",
					"parent": "barrel_right",
					"pivot": [-0.56773, 6.42491, -14.18974],
					"rotation": [0, 0, -67.5],
					"cubes": [
						{
							"origin": [-0.82622, 6.43591, -14.084],
							"size": [-0.022, -0.022, 12.668],
							"inflate": 0.2,
							"uv": {
								"north": {"uv": [49, 102], "uv_size": [-1, 1]},
								"east": {"uv": [97, 102], "uv_size": [-48, 1]},
								"south": {"uv": [98, 102], "uv_size": [-1, 1]},
								"west": {"uv": [48, 102], "uv_size": [-48, 1]},
								"up": {"uv": [49, 54], "uv_size": [-1, 48]},
								"down": {"uv": [50, 102], "uv_size": [-1, -48]}
							}
						},
						{
							"origin": [-0.39573, 6.43591, -2.21821],
							"size": [-0.022, -0.022, 0.788],
							"inflate": 0.2,
							"pivot": [-0.40673, 6.42491, -1.82421],
							"rotation": [0, -5, 0],
							"uv": {
								"north": {"uv": [59, 112], "uv_size": [-1, 1]},
								"east": {"uv": [63, 112], "uv_size": [-4, 1]},
								"south": {"uv": [64, 112], "uv_size": [-1, 1]},
								"west": {"uv": [58, 112], "uv_size": [-4, 1]},
								"up": {"uv": [59, 108], "uv_size": [-1, 4]},
								"down": {"uv": [60, 112], "uv_size": [-1, -4]}
							}
						},
						{
							"origin": [-0.44822, 6.43591, -1.394],
							"size": [-0.022, -0.022, -0.022],
							"inflate": 0.2,
							"uv": {
								"north": {"uv": [110, 53], "uv_size": [-1, 1]},
								"east": {"uv": [111, 53], "uv_size": [-1, 1]},
								"south": {"uv": [112, 53], "uv_size": [-1, 1]},
								"west": {"uv": [109, 53], "uv_size": [-1, 1]},
								"up": {"uv": [110, 52], "uv_size": [-1, 1]},
								"down": {"uv": [111, 53], "uv_size": [-1, -1]}
							}
						}
					]
				},
				{
					"name": "barrel2",
					"parent": "barrel",
					"pivot": [-0.00001, 9.27902, -14.18974],
					"rotation": [0, 0, -90],
					"cubes": [
						{
							"origin": [0.28048, 9.29002, -14.084],
							"size": [-0.022, -0.022, 12.668],
							"inflate": 0.2,
							"uv": {
								"north": {"uv": [48, 102], "uv_size": [1, 1]},
								"east": {"uv": [0, 102], "uv_size": [48, 1]},
								"south": {"uv": [97, 102], "uv_size": [1, 1]},
								"west": {"uv": [49, 102], "uv_size": [48, 1]},
								"up": {"uv": [48, 54], "uv_size": [1, 48]},
								"down": {"uv": [49, 102], "uv_size": [1, -48]}
							}
						},
						{
							"origin": [-0.15, 9.29002, -2.21821],
							"size": [-0.022, -0.022, 0.788],
							"inflate": 0.2,
							"pivot": [-0.161, 9.27902, -1.82421],
							"rotation": [0, 5, 0],
							"uv": {
								"north": {"uv": [58, 112], "uv_size": [1, 1]},
								"east": {"uv": [54, 112], "uv_size": [4, 1]},
								"south": {"uv": [63, 112], "uv_size": [1, 1]},
								"west": {"uv": [59, 112], "uv_size": [4, 1]},
								"up": {"uv": [58, 108], "uv_size": [1, 4]},
								"down": {"uv": [59, 112], "uv_size": [1, -4]}
							}
						},
						{
							"origin": [-0.09752, 9.29002, -1.394],
							"size": [-0.022, -0.022, -0.022],
							"inflate": 0.2,
							"uv": {
								"north": {"uv": [109, 53], "uv_size": [1, 1]},
								"east": {"uv": [108, 53], "uv_size": [1, 1]},
								"south": {"uv": [111, 53], "uv_size": [1, 1]},
								"west": {"uv": [110, 53], "uv_size": [1, 1]},
								"up": {"uv": [109, 52], "uv_size": [1, 1]},
								"down": {"uv": [110, 53], "uv_size": [1, -1]}
							}
						}
					]
				},
				{
					"name": "barrel3",
					"parent": "barrel",
					"pivot": [0.00001, 6.31198, -14.18974],
					"rotation": [0, 0, 90],
					"cubes": [
						{
							"origin": [0.28051, 6.32298, -14.084],
							"size": [-0.022, -0.022, 12.668],
							"inflate": 0.2,
							"uv": {
								"north": {"uv": [48, 102], "uv_size": [1, 1]},
								"east": {"uv": [0, 102], "uv_size": [48, 1]},
								"south": {"uv": [97, 102], "uv_size": [1, 1]},
								"west": {"uv": [49, 102], "uv_size": [48, 1]},
								"up": {"uv": [48, 54], "uv_size": [1, 48]},
								"down": {"uv": [49, 102], "uv_size": [1, -48]}
							}
						},
						{
							"origin": [-0.14998, 6.32298, -2.21821],
							"size": [-0.022, -0.022, 0.788],
							"inflate": 0.2,
							"pivot": [-0.16098, 6.31198, -1.82421],
							"rotation": [0, 5, 0],
							"uv": {
								"north": {"uv": [58, 112], "uv_size": [1, 1]},
								"east": {"uv": [54, 112], "uv_size": [4, 1]},
								"south": {"uv": [63, 112], "uv_size": [1, 1]},
								"west": {"uv": [59, 112], "uv_size": [4, 1]},
								"up": {"uv": [58, 108], "uv_size": [1, 4]},
								"down": {"uv": [59, 112], "uv_size": [1, -4]}
							}
						},
						{
							"origin": [-0.09749, 6.32298, -1.394],
							"size": [-0.022, -0.022, -0.022],
							"inflate": 0.2,
							"uv": {
								"north": {"uv": [109, 53], "uv_size": [1, 1]},
								"east": {"uv": [108, 53], "uv_size": [1, 1]},
								"south": {"uv": [111, 53], "uv_size": [1, 1]},
								"west": {"uv": [110, 53], "uv_size": [1, 1]},
								"up": {"uv": [109, 52], "uv_size": [1, 1]},
								"down": {"uv": [110, 53], "uv_size": [1, -1]}
							}
						}
					]
				},
				{
					"name": "thewat",
					"parent": "p221zldl",
					"pivot": [0, 5.84, -10.45]
				},
				{
					"name": "cook",
					"parent": "thewat",
					"pivot": [2.2275, 7.78864, -12.75587],
					"rotation": [0, 0, 90]
				},
				{
					"name": "sight",
					"parent": "thewat",
					"pivot": [0.31075, 9.88114, -2.09087]
				},
				{
					"name": "main",
					"parent": "p221zldl",
					"pivot": [-0.20051, 7.66051, 0.62],
					"cubes": [
						{
							"origin": [0.011, 7.80651, -14.894],
							"size": [-0.022, -0.022, 14.018],
							"inflate": 0.2,
							"uv": {
								"north": {"uv": [53, 53], "uv_size": [1, 1]},
								"east": {"uv": [0, 53], "uv_size": [53, 1]},
								"south": {"uv": [107, 53], "uv_size": [1, 1]},
								"west": {"uv": [54, 53], "uv_size": [53, 1]},
								"up": {"uv": [53, 0], "uv_size": [1, 53]},
								"down": {"uv": [54, 53], "uv_size": [1, -53]}
							}
						},
						{
							"origin": [0.011, 7.8848, -0.665],
							"size": [-0.022, -0.022, 1.058],
							"inflate": 0.2,
							"pivot": [0, 7.8738, -0.676],
							"rotation": [45, 0, 0],
							"uv": {
								"north": {"uv": [113, 45], "uv_size": [1, 1]},
								"east": {"uv": [108, 45], "uv_size": [5, 1]},
								"south": {"uv": [119, 45], "uv_size": [1, 1]},
								"west": {"uv": [114, 45], "uv_size": [5, 1]},
								"up": {"uv": [113, 40], "uv_size": [1, 5]},
								"down": {"uv": [114, 45], "uv_size": [1, -5]}
							}
						},
						{
							"origin": [0.011, 7.15931, 0.28959],
							"size": [-0.022, -0.022, 0.518],
							"inflate": 0.2,
							"pivot": [0, 7.14831, 0.27859],
							"rotation": [45, 0, 0],
							"uv": {
								"north": {"uv": [79, 111], "uv_size": [1, 1]},
								"east": {"uv": [76, 111], "uv_size": [3, 1]},
								"south": {"uv": [83, 111], "uv_size": [1, 1]},
								"west": {"uv": [80, 111], "uv_size": [3, 1]},
								"up": {"uv": [79, 108], "uv_size": [1, 3]},
								"down": {"uv": [80, 111], "uv_size": [1, -3]}
							}
						},
						{
							"origin": [0.011, 7.11027, 0.33321],
							"size": [-0.022, 0.788, -0.022],
							"inflate": 0.2,
							"pivot": [0, 8.17927, -0.21779],
							"rotation": [45, 0, 0],
							"uv": {
								"north": {"uv": [97, 109], "uv_size": [1, 4]},
								"east": {"uv": [96, 109], "uv_size": [1, 4]},
								"south": {"uv": [99, 109], "uv_size": [1, 4]},
								"west": {"uv": [98, 109], "uv_size": [1, 4]},
								"up": {"uv": [97, 108], "uv_size": [1, 1]},
								"down": {"uv": [98, 109], "uv_size": [1, -1]}
							}
						}
					]
				},
				{
					"name": "constraint",
					"parent": "p221zldl",
					"pivot": [-0.00675, 8.1458, -2.40805]
				},
				{
					"name": "positioning2",
					"parent": "p221zldl",
					"pivot": [0, 5.84, -0.73]
				},
				{
					"name": "scope_pos",
					"parent": "positioning2",
					"pivot": [0, 8.0675, 1.7]
				},
				{
					"name": "muzzle_pos",
					"parent": "positioning2",
					"pivot": [0, 9.188, -15.47875]
				},
				{
					"name": "grip_pos",
					"parent": "positioning2",
					"pivot": [0, 7.055, -1.02025]
				},
				{
					"name": "laser_pos",
					"parent": "positioning2",
					"pivot": [0, 8.06581, -1.12825]
				},
				{
					"name": "muzzle_flash",
					"parent": "positioning2",
					"pivot": [0, 7.83125, -16.55875]
				},
				{
					"name": "stock_pos",
					"parent": "positioning2",
					"pivot": [0, 7.46, 3.158]
				},
				{
					"name": "shell",
					"parent": "positioning2",
					"pivot": [-1.16775, 8.50625, -4.55725]
				},
				{
					"name": "camera",
					"pivot": [7.21875, 15.0125, 8.5125]
				},
				{
					"name": "view",
					"pivot": [0, 0, 0]
				},
				{
					"name": "iron_view",
					"parent": "view",
					"pivot": [4.2188, 13.0125, -5.4875]
				},
				{
					"name": "idle_view",
					"parent": "view",
					"pivot": [7.2188, 15.0125, 8.5125]
				},
				{
					"name": "refit_view",
					"parent": "view",
					"pivot": [24.325, 6.575, 4.5],
					"rotation": [0, 90, 0]
				},
				{
					"name": "refit_extended_mag_view",
					"parent": "view",
					"pivot": [10.775, 2.55, 4.375],
					"rotation": [0, 90, 0]
				},
				{
					"name": "refit_muzzle_view",
					"parent": "view",
					"pivot": [9.55, 6.55, -11.125],
					"rotation": [0, 90, 0]
				},
				{
					"name": "refit_stock_view",
					"parent": "view",
					"pivot": [12.675, 5.5, 16.775],
					"rotation": [0, 90, 0]
				},
				{
					"name": "refit_laser_view",
					"parent": "view",
					"pivot": [8.925, 9.45, -2.875],
					"rotation": [0, 90, 0]
				},
				{
					"name": "refit_grip_view",
					"parent": "view",
					"pivot": [8.925, 2.975, -0.875],
					"rotation": [0, 90, 0]
				},
				{
					"name": "refit_scope_view",
					"parent": "view",
					"pivot": [8.925, 9.3, 0.125],
					"rotation": [0, 120, 0]
				},
				{
					"name": "positioning",
					"pivot": [0, 0, -8]
				},
				{
					"name": "thirdperson_hand",
					"parent": "positioning",
					"pivot": [0, 7.625, -0.575]
				},
				{
					"name": "ground",
					"parent": "positioning",
					"pivot": [0, 4.425, -7.9]
				},
				{
					"name": "fixed",
					"parent": "positioning",
					"pivot": [0, 7.525, -7.5],
					"rotation": [0, 90, 0]
				}
			]
		}
	]
}