{
	"format_version": "1.8.0",
	"animations": {
		"put_away": {
			"animation_length": 0.4167,
			"bones": {
				"hammer": {
					"rotation": [-67.5, 0, 0]
				},
				"root": {
					"rotation": {
						"0.0": {
							"post": [0, 0, 0],
							"lerp_mode": "catmullrom"
						},
						"0.0833": {
							"post": [3.59174, -4.82634, 2.05554],
							"lerp_mode": "catmullrom"
						},
						"0.1667": {
							"post": [7.48107, -10.43523, 12.48107],
							"lerp_mode": "catmullrom"
						},
						"0.2917": {
							"post": [-1.14545, -18.02197, 32.27842],
							"lerp_mode": "catmullrom"
						},
						"0.4167": {
							"post": [-13.32209, -24.75752, 54.85674],
							"lerp_mode": "catmullrom"
						}
					},
					"position": {
						"0.0": {
							"post": [0, 0, 0],
							"lerp_mode": "catmullrom"
						},
						"0.0833": {
							"post": [-0.9475, -0.16, 1.27],
							"lerp_mode": "catmullrom"
						},
						"0.1667": {
							"post": [-1.8375, -0.575, 3.2875],
							"lerp_mode": "catmullrom"
						},
						"0.2917": {
							"post": [-2.7725, -2.685, 9.29],
							"lerp_mode": "catmullrom"
						},
						"0.4167": {
							"post": [-4.9975, -7.9725, 12.9775],
							"lerp_mode": "catmullrom"
						}
					}
				},
				"mag_and_lefthand": {
					"rotation": [117.73397, -1.05627, -24.97911],
					"position": [10, -17.9, 18.425]
				},
				"lefthand": {
					"rotation": [109.56902, -11.04661, -197.64985],
					"position": [7.8, -7.525, -4.275],
					"scale": [1, 1.5, 1]
				},
				"mag_and_bullet": {
					"rotation": [-27.11771, -13.34855, -24.26701],
					"position": [-6, 2.175, -2.425],
					"scale": 0
				},
				"righthand": {
					"rotation": [119.74721, -1.93597, -165.12261],
					"position": [-6.7125, -12.475, 3.25],
					"scale": [1, 1.5, 1]
				},
				"camera": {
					"rotation": {
						"0.0": {
							"post": [0, 0, 0],
							"lerp_mode": "catmullrom"
						},
						"0.0833": {
							"post": [-0.25, 0.25, 0.25],
							"lerp_mode": "catmullrom"
						},
						"0.1667": {
							"post": [0.14, 0.42, -0.31],
							"lerp_mode": "catmullrom"
						},
						"0.2917": {
							"post": [0.55, 0.5, 0.25],
							"lerp_mode": "catmullrom"
						},
						"0.4167": {
							"post": [0.4, 0.1, -0.1],
							"lerp_mode": "catmullrom"
						},
						"0.5417": {
							"post": [0, 0, 0],
							"lerp_mode": "catmullrom"
						}
					}
				}
			},
			"sound_effects": {
				"0.0": {
					"effect": "daffas_arsenal:hk45/daffas_hk45_cloth3"
				},
				"0.1667": {
					"effect": "daffas_arsenal:hk45/daffas_hk45_putaway"
				}
			}
		},
		"draw": {
			"animation_length": 0.5833,
			"bones": {
				"hammer": {
					"rotation": [-67.5, 0, 0]
				},
				"root": {
					"rotation": {
						"0.0": {
							"post": [2.51097, -15.71526, 19.45009],
							"lerp_mode": "catmullrom"
						},
						"0.125": {
							"post": [0.01058, -3.21526, 11.95246],
							"lerp_mode": "catmullrom"
						},
						"0.25": {
							"post": [-7.40406, 3.25145, 11.50108],
							"lerp_mode": "catmullrom"
						},
						"0.375": {
							"post": [-2.50083, 4.77745, 5.21302],
							"lerp_mode": "catmullrom"
						},
						"0.4583": {
							"post": [2.49762, -0.10901, 2.49762],
							"lerp_mode": "catmullrom"
						},
						"0.5833": {
							"post": [0, 0, 0],
							"lerp_mode": "catmullrom"
						}
					},
					"position": {
						"0.0": {
							"post": [-1.395, -6.385, 18.55],
							"lerp_mode": "catmullrom"
						},
						"0.125": {
							"post": [-2.7725, -2.06, 11.5525],
							"lerp_mode": "catmullrom"
						},
						"0.25": {
							"post": [-1.8375, -0.575, 3.2875],
							"lerp_mode": "catmullrom"
						},
						"0.3333": {
							"post": [-0.9475, -0.16, 1.27],
							"lerp_mode": "catmullrom"
						},
						"0.4167": {
							"post": [0, -0.5, 0],
							"lerp_mode": "catmullrom"
						},
						"0.5": {
							"post": [0, 0, 0],
							"lerp_mode": "catmullrom"
						},
						"0.5833": {
							"post": [0, 0, 0],
							"lerp_mode": "catmullrom"
						}
					}
				},
				"mag_and_lefthand": {
					"rotation": [117.73397, -1.05627, -24.97911],
					"position": [10, -17.9, 18.425]
				},
				"lefthand": {
					"rotation": {
						"0.0": [109.56902, -11.04661, -197.64985],
						"0.0833": [116.87407, -377.27814, -202.01589],
						"0.2083": [127.10031, -375.84514, -228.68244]
					},
					"position": {
						"0.0": [7.8, -7.525, -4.275],
						"0.0833": {
							"pre": [11.47, -11.77, 4.32],
							"post": [11.47, -11.77, 4.32],
							"lerp_mode": "catmullrom"
						},
						"0.2083": {
							"post": [15.47, -11.77, 4.32],
							"lerp_mode": "catmullrom"
						}
					},
					"scale": [1, 1.5, 1]
				},
				"mag_and_bullet": {
					"rotation": [-27.11771, -13.34855, -24.26701],
					"position": [-6, 2.175, -2.425],
					"scale": 0
				},
				"righthand": {
					"rotation": [119.74721, -1.93597, -165.12261],
					"position": [-6.7125, -12.475, 3.25],
					"scale": [1, 1.5, 1]
				},
				"camera": {
					"rotation": {
						"0.0": {
							"post": [0, 0, 0],
							"lerp_mode": "catmullrom"
						},
						"0.0833": {
							"post": [-0.25, 0.25, 0.25],
							"lerp_mode": "catmullrom"
						},
						"0.1667": {
							"post": [0.14, 0.42, -0.31],
							"lerp_mode": "catmullrom"
						},
						"0.2917": {
							"post": [0.55, 0.5, 0.25],
							"lerp_mode": "catmullrom"
						},
						"0.4167": {
							"post": [0.4, 0.1, -0.1],
							"lerp_mode": "catmullrom"
						},
						"0.5417": {
							"post": [0, 0, 0],
							"lerp_mode": "catmullrom"
						}
					}
				}
			},
			"sound_effects": {
				"0.0": {
					"effect": "daffas_arsenal:hk45/daffas_hk45_cloth4"
				},
				"0.0833": {
					"effect": "daffas_arsenal:hk45/daffas_hk45_raiseup1"
				}
			}
		},
		"static_idle": {
			"loop": true,
			"bones": {
				"lefthand": {
					"rotation": [109.56902, -11.04661, -197.64985],
					"position": [7.8, -7.525, -4.275],
					"scale": [1, 1.5, 1]
				},
				"righthand": {
					"rotation": [119.74721, -1.93597, -165.12261],
					"position": [-6.7125, -12.475, 3.25]
				},
				"mag_and_lefthand": {
					"rotation": [117.73397, -1.05627, -24.97911],
					"position": [10, -17.9, 18.425]
				},
				"mag_and_bullet": {
					"rotation": [-27.11771, -13.34855, -24.26701],
					"position": [-6, 2.175, -2.425],
					"scale": 0
				}
			}
		},
		"shoot": {
			"animation_length": 2.1042,
			"bones": {
				"barrel": {
					"rotation": {
						"0.0": {
							"post": [0, 0, -85],
							"lerp_mode": "catmullrom"
						},
						"0.0417": {
							"post": [0, 0, -70.83],
							"lerp_mode": "catmullrom"
						},
						"0.0833": {
							"post": [0, 0, -56.67],
							"lerp_mode": "catmullrom"
						},
						"0.1354": {
							"post": [0, 0, -42.5],
							"lerp_mode": "catmullrom"
						},
						"0.2083": {
							"post": [0, 0, -28.33],
							"lerp_mode": "catmullrom"
						},
						"0.3125": {
							"post": [0, 0, -14.17],
							"lerp_mode": "catmullrom"
						},
						"0.4167": {
							"post": [0, 0, 0],
							"lerp_mode": "catmullrom"
						}
					}
				},
				"root": {
					"rotation": {
						"0.0": {
							"post": [0, 0, 0],
							"lerp_mode": "catmullrom"
						},
						"0.0625": {
							"post": [4.67, -0.24, -1.64],
							"lerp_mode": "catmullrom"
						},
						"0.1458": {
							"post": [-3.04, 0.14, -3.52],
							"lerp_mode": "catmullrom"
						},
						"0.2604": {
							"post": [-9.5, 6.25, 3],
							"lerp_mode": "catmullrom"
						},
						"0.3229": {
							"post": [-8.67, 4.6, -2.39],
							"lerp_mode": "catmullrom"
						},
						"0.3854": {
							"post": [-6.5, 3.75, 4.5],
							"lerp_mode": "catmullrom"
						},
						"0.5208": {
							"post": [-3.5, -0.05, 1.5],
							"lerp_mode": "catmullrom"
						},
						"0.6458": {
							"post": [1.5, -0.75, 0],
							"lerp_mode": "catmullrom"
						},
						"0.8854": [0, 0, 0]
					},
					"position": {
						"0.0": {
							"post": [0, 0, 0],
							"lerp_mode": "catmullrom"
						},
						"0.0625": {
							"post": [0, -0.28, 3.475],
							"lerp_mode": "catmullrom"
						},
						"0.2604": {
							"post": [0, -0.7, 2.25],
							"lerp_mode": "catmullrom"
						},
						"0.4167": {
							"post": [-0.2, 0.5, 0],
							"lerp_mode": "catmullrom"
						},
						"0.7292": {
							"post": [0.075, -0.125, 0],
							"lerp_mode": "catmullrom"
						},
						"0.8854": [0, 0, 0]
					}
				},
				"barrel8": {
					"rotation": {
						"0.0": [0, 1.75, 0],
						"0.0833": [0, -1, 0],
						"0.1667": [0, 0.5, 0],
						"0.25": [0, 0.1, 0],
						"0.3333": [0, 0, 0]
					}
				},
				"barrel1": {
					"rotation": {
						"0.0": [0, 1.75, 0],
						"0.0417": [0, -1, 0],
						"0.0833": [0, 0.5, 0],
						"0.125": [0, 0.1, 0],
						"0.1667": [0, 0, 0]
					}
				},
				"barrel6": {
					"rotation": {
						"0.0": [0, 1.75, 0],
						"0.0833": [0, -1, 0],
						"0.1667": [0, 0.5, 0],
						"0.25": [0, 0.1, 0],
						"0.3333": [0, 0, 0]
					}
				},
				"barrel9": {
					"rotation": {
						"0.0": [0, 1.75, 0],
						"0.0833": [0, -1, 0],
						"0.1667": [0, 0.5, 0],
						"0.25": [0, 0.1, 0],
						"0.3333": [0, 0, 0]
					}
				},
				"barrel11": {
					"rotation": {
						"0.0": [0, -1.75, 0],
						"0.0417": [0, 1, 0],
						"0.0833": [0, -0.5, 0],
						"0.125": [0, -0.1, 0],
						"0.1667": [0, 0, 0]
					}
				},
				"barrel12": {
					"rotation": {
						"0.0": [0, -1.75, 0],
						"0.0417": [0, 1, 0],
						"0.0833": [0, -0.5, 0],
						"0.125": [0, -0.1, 0],
						"0.1667": [0, 0, 0]
					}
				},
				"barrel13": {
					"rotation": {
						"0.0": [0, -1.75, 0],
						"0.0833": [0, 1, 0],
						"0.1667": [0, -0.5, 0],
						"0.25": [0, -0.1, 0],
						"0.3333": [0, 0, 0]
					}
				},
				"barrel14": {
					"rotation": {
						"0.0": [0, -1.75, 0],
						"0.0417": [0, 1, 0],
						"0.0833": [0, -0.5, 0],
						"0.125": [0, -0.1, 0],
						"0.1667": [0, 0, 0]
					}
				},
				"barrel16": {
					"rotation": {
						"0.0": [0, -1.75, 0],
						"0.0833": [0, 1, 0],
						"0.1667": [0, -0.5, 0],
						"0.25": [0, -0.1, 0],
						"0.3333": [0, 0, 0]
					}
				},
				"barrel3": {
					"rotation": {
						"0.0": [0, 1.75, 0],
						"0.0417": [0, -1, 0],
						"0.0833": [0, 0.5, 0],
						"0.125": [0, 0.1, 0],
						"0.1667": [0, 0, 0]
					}
				},
				"camera": {
					"rotation": {
						"0.0": {
							"post": [0, 0, 0],
							"lerp_mode": "catmullrom"
						},
						"0.0313": {
							"post": [0.98, -0.37, -5.53],
							"lerp_mode": "catmullrom"
						},
						"0.0625": {
							"post": [-0.12, 0.21, 3.87],
							"lerp_mode": "catmullrom"
						},
						"0.1458": {
							"post": [0.47, -0.76, -1.21],
							"lerp_mode": "catmullrom"
						},
						"0.2396": {
							"post": [1.25, 0.75, 0.75],
							"lerp_mode": "catmullrom"
						},
						"0.3125": {
							"post": [0.33, 0.84, 0.26],
							"lerp_mode": "catmullrom"
						},
						"0.4167": {
							"post": [0, 0.25, -1],
							"lerp_mode": "catmullrom"
						},
						"0.6146": {
							"post": [0.75, -0.25, 0.5],
							"lerp_mode": "catmullrom"
						},
						"0.9167": {
							"post": [0.25, 0, -0.5],
							"lerp_mode": "catmullrom"
						},
						"1.2604": {
							"post": [0, 0, 0],
							"lerp_mode": "catmullrom"
						}
					}
				},
				"constraint": {
					"rotation": {
						"0.0": [1, 1, 1],
						"1.4896": [1, 1, 1],
						"2.0938": [0, 0, 0]
					},
					"position": {
						"0.0": [1, 1, 1],
						"1.4896": [1, 1, 1],
						"2.0938": [0, 0, 0]
					}
				},
				"splash5": {
					"position": {
						"0.0": [-1.9, -2.3, 0],
						"0.1042": [-1.9, -2.3, 0],
						"0.1146": [0, 0, 0],
						"0.125": [0, 0, 0]
					},
					"scale": {
						"0.0": [25, 25, 25],
						"0.1042": [0, 0, 0],
						"0.1146": [0, 0, 0],
						"0.125": [1, 1, 1]
					}
				},
				"splash6": {
					"position": {
						"0.0": [-1.7, 2.2, 0],
						"0.1042": [-1.7, 2.2, 0],
						"0.1146": [0, 0, 0],
						"0.125": [0, 0, 0]
					},
					"scale": {
						"0.0": [25, 25, 25],
						"0.1042": [0, 0, 0],
						"0.1146": [0, 0, 0],
						"0.125": [1, 1, 1]
					}
				},
				"splash1": {
					"position": {
						"0.0": [3, 1.5, 0],
						"0.1042": [3, 1.5, 0],
						"0.1146": [0, 0, 0],
						"0.125": [0, 0, 0]
					},
					"scale": {
						"0.0": [25, 25, 25],
						"0.1042": [0, 0, 0],
						"0.1146": [0, 0, 0],
						"0.125": [1, 1, 1]
					}
				},
				"splash2": {
					"position": {
						"0.0": [4.6, -2.8, 0],
						"0.1042": [4.6, -2.8, 0],
						"0.1146": [0, 0, 0],
						"0.125": [0, 0, 0]
					},
					"scale": {
						"0.0": [25, 25, 25],
						"0.1042": [0, 0, 0],
						"0.1146": [0, 0, 0],
						"0.125": [1, 1, 1]
					}
				},
				"splash3": {
					"position": {
						"0.0": [-3.9, 0.1, 0],
						"0.1042": [-3.9, 0.1, 0],
						"0.1146": [0, 0, 0],
						"0.125": [0, 0, 0]
					},
					"scale": {
						"0.0": [25, 25, 25],
						"0.1042": [0, 0, 0],
						"0.1146": [0, 0, 0],
						"0.125": [1, 1, 1]
					}
				},
				"splash4": {
					"position": {
						"0.0": [1.7, -2.4, 0],
						"0.1042": [1.7, -2.4, 0],
						"0.1146": [0, 0, 0],
						"0.125": [0, 0, 0]
					},
					"scale": {
						"0.0": [25, 25, 25],
						"0.1042": [0, 0, 0],
						"0.1146": [0, 0, 0],
						"0.125": [1, 1, 1]
					}
				},
				"bass1": {
					"scale": {
						"0.0": [250, 250, 1],
						"0.0313": {
							"pre": [250, 250, 1],
							"post": [1, 1, 1]
						}
					}
				},
				"bass2": {
					"scale": {
						"0.0": [1, 1, 1],
						"0.0313": {
							"pre": [1, 1, 1],
							"post": [250, 250, 1]
						},
						"0.0625": {
							"pre": [250, 250, 1],
							"post": [1, 1, 1]
						}
					}
				},
				"bass3": {
					"scale": {
						"0.0313": [1, 1, 1],
						"0.0625": {
							"pre": [1, 1, 1],
							"post": [400, 400, 1]
						},
						"0.0938": {
							"pre": [400, 400, 1],
							"post": [1, 1, 1]
						}
					}
				},
				"bass4": {
					"scale": {
						"0.0625": [1, 1, 1],
						"0.0938": {
							"pre": [1, 1, 1],
							"post": [400, 400, 1]
						},
						"0.125": {
							"pre": [400, 400, 1],
							"post": [1, 1, 1]
						}
					}
				},
				"bass5": {
					"scale": {
						"0.0938": [1, 1, 1],
						"0.125": {
							"pre": [1, 1, 1],
							"post": [350, 350, 1]
						},
						"0.1563": {
							"pre": [350, 350, 1],
							"post": [1, 1, 1]
						}
					}
				},
				"bass6": {
					"scale": {
						"0.125": [1, 1, 1],
						"0.1563": {
							"pre": [1, 1, 1],
							"post": [300, 300, 1]
						},
						"0.1875": {
							"pre": [300, 300, 1],
							"post": [1, 1, 1]
						}
					}
				},
				"bass7": {
					"scale": {
						"0.1563": [1, 1, 1],
						"0.1875": {
							"pre": [1, 1, 1],
							"post": [300, 300, 1]
						},
						"0.2188": {
							"pre": [300, 300, 1],
							"post": [1, 1, 1]
						}
					}
				},
				"bass8": {
					"scale": {
						"0.1875": [1, 1, 1],
						"0.2188": {
							"pre": [1, 1, 1],
							"post": [300, 300, 1]
						},
						"0.25": {
							"pre": [300, 300, 1],
							"post": [1, 1, 1]
						}
					}
				},
				"bass": {
					"scale": 0.5
				}
			}
		},
		"shoot_2": {
			"animation_length": 2,
			"bones": {
				"barrel": {
					"rotation": {
						"0.0": {
							"post": [0, 0, -85],
							"lerp_mode": "catmullrom"
						},
						"0.0417": {
							"post": [0, 0, -70.83],
							"lerp_mode": "catmullrom"
						},
						"0.0833": {
							"post": [0, 0, -56.67],
							"lerp_mode": "catmullrom"
						},
						"0.1354": {
							"post": [0, 0, -42.5],
							"lerp_mode": "catmullrom"
						},
						"0.2083": {
							"post": [0, 0, -28.33],
							"lerp_mode": "catmullrom"
						},
						"0.3125": {
							"post": [0, 0, -14.17],
							"lerp_mode": "catmullrom"
						},
						"0.4167": {
							"post": [0, 0, 0],
							"lerp_mode": "catmullrom"
						}
					}
				},
				"root": {
					"rotation": {
						"0.0": {
							"post": [0, 0, 0],
							"lerp_mode": "catmullrom"
						},
						"0.0417": {
							"post": [0.55, -0.55, 0],
							"lerp_mode": "catmullrom"
						},
						"0.0833": {
							"post": [-2, -1.25, 0],
							"lerp_mode": "catmullrom"
						},
						"0.1667": {
							"post": [-0.55, 0.55, 0],
							"lerp_mode": "catmullrom"
						},
						"0.3333": {
							"post": [0, 0, 0],
							"lerp_mode": "catmullrom"
						}
					},
					"position": {
						"0.0": {
							"post": [0, 0, 0],
							"lerp_mode": "catmullrom"
						},
						"0.0417": {
							"post": [0, 0, 0.8875],
							"lerp_mode": "catmullrom"
						},
						"0.125": {
							"post": [0, 0, 1.17],
							"lerp_mode": "catmullrom"
						},
						"0.3333": {
							"post": [0, 0, 0],
							"lerp_mode": "catmullrom"
						}
					}
				},
				"barrel8": {
					"rotation": {
						"0.0": [0, 1.75, 0],
						"0.0833": [0, -1, 0],
						"0.1667": [0, 0.5, 0],
						"0.25": [0, 0.1, 0],
						"0.3333": [0, 0, 0]
					}
				},
				"barrel1": {
					"rotation": {
						"0.0": [0, 1.75, 0],
						"0.0417": [0, -1, 0],
						"0.0833": [0, 0.5, 0],
						"0.125": [0, 0.1, 0],
						"0.1667": [0, 0, 0]
					}
				},
				"barrel6": {
					"rotation": {
						"0.0": [0, 1.75, 0],
						"0.0833": [0, -1, 0],
						"0.1667": [0, 0.5, 0],
						"0.25": [0, 0.1, 0],
						"0.3333": [0, 0, 0]
					}
				},
				"barrel9": {
					"rotation": {
						"0.0": [0, 1.75, 0],
						"0.0833": [0, -1, 0],
						"0.1667": [0, 0.5, 0],
						"0.25": [0, 0.1, 0],
						"0.3333": [0, 0, 0]
					}
				},
				"barrel11": {
					"rotation": {
						"0.0": [0, -1.75, 0],
						"0.0417": [0, 1, 0],
						"0.0833": [0, -0.5, 0],
						"0.125": [0, -0.1, 0],
						"0.1667": [0, 0, 0]
					}
				},
				"barrel12": {
					"rotation": {
						"0.0": [0, -1.75, 0],
						"0.0417": [0, 1, 0],
						"0.0833": [0, -0.5, 0],
						"0.125": [0, -0.1, 0],
						"0.1667": [0, 0, 0]
					}
				},
				"barrel13": {
					"rotation": {
						"0.0": [0, -1.75, 0],
						"0.0833": [0, 1, 0],
						"0.1667": [0, -0.5, 0],
						"0.25": [0, -0.1, 0],
						"0.3333": [0, 0, 0]
					}
				},
				"barrel14": {
					"rotation": {
						"0.0": [0, -1.75, 0],
						"0.0417": [0, 1, 0],
						"0.0833": [0, -0.5, 0],
						"0.125": [0, -0.1, 0],
						"0.1667": [0, 0, 0]
					}
				},
				"barrel16": {
					"rotation": {
						"0.0": [0, -1.75, 0],
						"0.0833": [0, 1, 0],
						"0.1667": [0, -0.5, 0],
						"0.25": [0, -0.1, 0],
						"0.3333": [0, 0, 0]
					}
				},
				"barrel3": {
					"rotation": {
						"0.0": [0, 1.75, 0],
						"0.0417": [0, -1, 0],
						"0.0833": [0, 0.5, 0],
						"0.125": [0, 0.1, 0],
						"0.1667": [0, 0, 0]
					}
				},
				"camera": {
					"rotation": {
						"0.0": [-0.15, -0.13, 0.03],
						"0.0208": [-0.30298, -0.15, -0.00691],
						"0.0313": [0.21053, 0.44, -0.03538],
						"0.0417": [0.26404, 0.01, -0.17385],
						"0.0521": [-0.08245, 0.48, -0.09231],
						"0.0625": [-0.51894, -0.33, -0.30077],
						"0.0729": [-0.25543, 0.19, -0.16923],
						"0.0833": [-0.22192, 0.15, -0.26769],
						"0.1042": [-0.5649, 0.33, -0.44462],
						"0.125": [-0.36788, 0.24, -0.47154],
						"0.1354": [-0.33437, 0.20643, -0.485],
						"0.1458": [-0.29218, 0.17239, -0.36833],
						"0.1667": [-0.31781, 0.10431, -0.155],
						"0.1875": [-0.48344, 0.29623, 0.01833],
						"0.5": [0, 0, 0]
					}
				},
				"constraint": {
					"rotation": {
						"0.0": [1, 1, 1],
						"0.4167": [0, 0, 0]
					},
					"position": {
						"0.0": [1, 1, 1],
						"0.4167": [0, 0, 0]
					}
				},
				"splash5": {
					"scale": {
						"0.0": [25, 25, 25],
						"0.0104": [1, 1, 1]
					}
				},
				"splash6": {
					"scale": {
						"0.0": [25, 25, 25],
						"0.0104": [1, 1, 1]
					}
				},
				"splash2": {
					"scale": {
						"0.0": [25, 25, 25],
						"0.0104": [1, 1, 1]
					}
				},
				"splash3": {
					"scale": {
						"0.0": [25, 25, 25],
						"0.0104": [1, 1, 1]
					}
				},
				"splash4": {
					"scale": {
						"0.0": [25, 25, 25],
						"0.0104": [1, 1, 1]
					}
				},
				"splash1": {
					"scale": {
						"0.0": [25, 25, 25],
						"0.0104": [1, 1, 1]
					}
				}
			}
		},
		"shoot_3": {
			"animation_length": 2,
			"bones": {
				"barrel": {
					"rotation": {
						"0.0": {
							"post": [0, 0, -85],
							"lerp_mode": "catmullrom"
						},
						"0.0417": {
							"post": [0, 0, -70.83],
							"lerp_mode": "catmullrom"
						},
						"0.0833": {
							"post": [0, 0, -56.67],
							"lerp_mode": "catmullrom"
						},
						"0.1354": {
							"post": [0, 0, -42.5],
							"lerp_mode": "catmullrom"
						},
						"0.2083": {
							"post": [0, 0, -28.33],
							"lerp_mode": "catmullrom"
						},
						"0.3125": {
							"post": [0, 0, -14.17],
							"lerp_mode": "catmullrom"
						},
						"0.4167": {
							"post": [0, 0, 0],
							"lerp_mode": "catmullrom"
						}
					}
				},
				"root": {
					"rotation": {
						"0.0": {
							"post": [0, 0, 0],
							"lerp_mode": "catmullrom"
						},
						"0.0417": {
							"post": [0.55, -0.55, 0],
							"lerp_mode": "catmullrom"
						},
						"0.0833": {
							"post": [-2, -1.25, 0],
							"lerp_mode": "catmullrom"
						},
						"0.1667": {
							"post": [-0.55, 0.55, 0],
							"lerp_mode": "catmullrom"
						},
						"0.3333": {
							"post": [0, 0, 0],
							"lerp_mode": "catmullrom"
						}
					},
					"position": {
						"0.0": {
							"post": [0, 0, 0],
							"lerp_mode": "catmullrom"
						},
						"0.0417": {
							"post": [0, 0, 0.8875],
							"lerp_mode": "catmullrom"
						},
						"0.125": {
							"post": [0, 0, 1.17],
							"lerp_mode": "catmullrom"
						},
						"0.3333": {
							"post": [0, 0, 0],
							"lerp_mode": "catmullrom"
						}
					}
				},
				"barrel8": {
					"rotation": {
						"0.0": [0, 1.75, 0],
						"0.0833": [0, -1, 0],
						"0.1667": [0, 0.5, 0],
						"0.25": [0, 0.1, 0],
						"0.3333": [0, 0, 0]
					}
				},
				"barrel1": {
					"rotation": {
						"0.0": [0, 1.75, 0],
						"0.0417": [0, -1, 0],
						"0.0833": [0, 0.5, 0],
						"0.125": [0, 0.1, 0],
						"0.1667": [0, 0, 0]
					}
				},
				"barrel6": {
					"rotation": {
						"0.0": [0, 1.75, 0],
						"0.0833": [0, -1, 0],
						"0.1667": [0, 0.5, 0],
						"0.25": [0, 0.1, 0],
						"0.3333": [0, 0, 0]
					}
				},
				"barrel9": {
					"rotation": {
						"0.0": [0, 1.75, 0],
						"0.0833": [0, -1, 0],
						"0.1667": [0, 0.5, 0],
						"0.25": [0, 0.1, 0],
						"0.3333": [0, 0, 0]
					}
				},
				"barrel11": {
					"rotation": {
						"0.0": [0, -1.75, 0],
						"0.0417": [0, 1, 0],
						"0.0833": [0, -0.5, 0],
						"0.125": [0, -0.1, 0],
						"0.1667": [0, 0, 0]
					}
				},
				"barrel12": {
					"rotation": {
						"0.0": [0, -1.75, 0],
						"0.0417": [0, 1, 0],
						"0.0833": [0, -0.5, 0],
						"0.125": [0, -0.1, 0],
						"0.1667": [0, 0, 0]
					}
				},
				"barrel13": {
					"rotation": {
						"0.0": [0, -1.75, 0],
						"0.0833": [0, 1, 0],
						"0.1667": [0, -0.5, 0],
						"0.25": [0, -0.1, 0],
						"0.3333": [0, 0, 0]
					}
				},
				"barrel14": {
					"rotation": {
						"0.0": [0, -1.75, 0],
						"0.0417": [0, 1, 0],
						"0.0833": [0, -0.5, 0],
						"0.125": [0, -0.1, 0],
						"0.1667": [0, 0, 0]
					}
				},
				"barrel16": {
					"rotation": {
						"0.0": [0, -1.75, 0],
						"0.0833": [0, 1, 0],
						"0.1667": [0, -0.5, 0],
						"0.25": [0, -0.1, 0],
						"0.3333": [0, 0, 0]
					}
				},
				"barrel3": {
					"rotation": {
						"0.0": [0, 1.75, 0],
						"0.0417": [0, -1, 0],
						"0.0833": [0, 0.5, 0],
						"0.125": [0, 0.1, 0],
						"0.1667": [0, 0, 0]
					}
				},
				"camera": {
					"rotation": {
						"0.0": [-0.15, 0.13, -0.03],
						"0.0208": [0.29702, 0.06667, 0.24691],
						"0.0313": [-0.65947, 0.205, 0.14538],
						"0.0417": [-0.11596, 0.07333, 0.03385],
						"0.0521": [-0.27245, 0.16167, 0.03231],
						"0.0625": [-0.05894, -0.26, 0.16077],
						"0.0729": [-0.52543, 0.01833, 0.22923],
						"0.0833": [-0.00192, -0.26333, 0.18769],
						"0.1042": [-0.3349, -0.20667, 0.43462],
						"0.125": [-0.40788, -0.07, 0.36154],
						"0.1354": [-0.40437, -0.17762, 0.41],
						"0.1458": [-0.39218, -0.28477, 0.32833],
						"0.1667": [-0.35781, -0.00907, 0.245],
						"0.1875": [-0.47344, -0.05337, -0.01833],
						"0.5": [0, 0, 0]
					}
				},
				"constraint": {
					"rotation": {
						"0.0": [1, 1, 1],
						"0.4167": [0, 0, 0]
					},
					"position": {
						"0.0": [1, 1, 1],
						"0.4167": [0, 0, 0]
					}
				},
				"splash5": {
					"scale": {
						"0.0": [25, 25, 25],
						"0.0104": [1, 1, 1]
					}
				},
				"splash6": {
					"scale": {
						"0.0": [25, 25, 25],
						"0.0104": [1, 1, 1]
					}
				},
				"splash2": {
					"scale": {
						"0.0": [25, 25, 25],
						"0.0104": [1, 1, 1]
					}
				},
				"splash3": {
					"scale": {
						"0.0": [25, 25, 25],
						"0.0104": [1, 1, 1]
					}
				},
				"splash4": {
					"scale": {
						"0.0": [25, 25, 25],
						"0.0104": [1, 1, 1]
					}
				},
				"splash1": {
					"scale": {
						"0.0": [25, 25, 25],
						"0.0104": [1, 1, 1]
					}
				}
			}
		},
		"shoot_4": {
			"animation_length": 2,
			"bones": {
				"barrel": {
					"rotation": {
						"0.0": {
							"post": [0, 0, -85],
							"lerp_mode": "catmullrom"
						},
						"0.0417": {
							"post": [0, 0, -70.83],
							"lerp_mode": "catmullrom"
						},
						"0.0833": {
							"post": [0, 0, -56.67],
							"lerp_mode": "catmullrom"
						},
						"0.1354": {
							"post": [0, 0, -42.5],
							"lerp_mode": "catmullrom"
						},
						"0.2083": {
							"post": [0, 0, -28.33],
							"lerp_mode": "catmullrom"
						},
						"0.3125": {
							"post": [0, 0, -14.17],
							"lerp_mode": "catmullrom"
						},
						"0.4167": {
							"post": [0, 0, 0],
							"lerp_mode": "catmullrom"
						}
					}
				},
				"root": {
					"rotation": {
						"0.0": {
							"post": [0, 0, 0],
							"lerp_mode": "catmullrom"
						},
						"0.0417": {
							"post": [0.55, -0.55, 0],
							"lerp_mode": "catmullrom"
						},
						"0.0833": {
							"post": [-2, -1.25, 0],
							"lerp_mode": "catmullrom"
						},
						"0.1667": {
							"post": [-0.55, 0.55, 0],
							"lerp_mode": "catmullrom"
						},
						"0.3333": {
							"post": [0, 0, 0],
							"lerp_mode": "catmullrom"
						}
					},
					"position": {
						"0.0": {
							"post": [0, 0, 0],
							"lerp_mode": "catmullrom"
						},
						"0.0417": {
							"post": [0, 0, 0.8875],
							"lerp_mode": "catmullrom"
						},
						"0.125": {
							"post": [0, 0, 1.17],
							"lerp_mode": "catmullrom"
						},
						"0.3333": {
							"post": [0, 0, 0],
							"lerp_mode": "catmullrom"
						}
					}
				},
				"barrel8": {
					"rotation": {
						"0.0": [0, 1.75, 0],
						"0.0833": [0, -1, 0],
						"0.1667": [0, 0.5, 0],
						"0.25": [0, 0.1, 0],
						"0.3333": [0, 0, 0]
					}
				},
				"barrel1": {
					"rotation": {
						"0.0": [0, 1.75, 0],
						"0.0417": [0, -1, 0],
						"0.0833": [0, 0.5, 0],
						"0.125": [0, 0.1, 0],
						"0.1667": [0, 0, 0]
					}
				},
				"barrel6": {
					"rotation": {
						"0.0": [0, 1.75, 0],
						"0.0833": [0, -1, 0],
						"0.1667": [0, 0.5, 0],
						"0.25": [0, 0.1, 0],
						"0.3333": [0, 0, 0]
					}
				},
				"barrel9": {
					"rotation": {
						"0.0": [0, 1.75, 0],
						"0.0833": [0, -1, 0],
						"0.1667": [0, 0.5, 0],
						"0.25": [0, 0.1, 0],
						"0.3333": [0, 0, 0]
					}
				},
				"barrel11": {
					"rotation": {
						"0.0": [0, -1.75, 0],
						"0.0417": [0, 1, 0],
						"0.0833": [0, -0.5, 0],
						"0.125": [0, -0.1, 0],
						"0.1667": [0, 0, 0]
					}
				},
				"barrel12": {
					"rotation": {
						"0.0": [0, -1.75, 0],
						"0.0417": [0, 1, 0],
						"0.0833": [0, -0.5, 0],
						"0.125": [0, -0.1, 0],
						"0.1667": [0, 0, 0]
					}
				},
				"barrel13": {
					"rotation": {
						"0.0": [0, -1.75, 0],
						"0.0833": [0, 1, 0],
						"0.1667": [0, -0.5, 0],
						"0.25": [0, -0.1, 0],
						"0.3333": [0, 0, 0]
					}
				},
				"barrel14": {
					"rotation": {
						"0.0": [0, -1.75, 0],
						"0.0417": [0, 1, 0],
						"0.0833": [0, -0.5, 0],
						"0.125": [0, -0.1, 0],
						"0.1667": [0, 0, 0]
					}
				},
				"barrel16": {
					"rotation": {
						"0.0": [0, -1.75, 0],
						"0.0833": [0, 1, 0],
						"0.1667": [0, -0.5, 0],
						"0.25": [0, -0.1, 0],
						"0.3333": [0, 0, 0]
					}
				},
				"barrel3": {
					"rotation": {
						"0.0": [0, 1.75, 0],
						"0.0417": [0, -1, 0],
						"0.0833": [0, 0.5, 0],
						"0.125": [0, 0.1, 0],
						"0.1667": [0, 0, 0]
					}
				},
				"camera": {
					"rotation": {
						"0.0": [-0.15, -0.13, 0.03],
						"0.0208": [0.31702, 0.12667, 0.14309],
						"0.0313": [0.13053, -0.13, -0.20538],
						"0.0417": [-0.63596, -0.11667, -0.22385],
						"0.0521": [-0.03245, 0.30667, -0.09231],
						"0.0625": [-0.05894, -0.12, -0.17077],
						"0.0729": [-0.06543, 0.20333, -0.24923],
						"0.0833": [-0.06192, 0.29667, -0.17769],
						"0.1042": [-0.3949, 0.27333, -0.41462],
						"0.125": [-0.23788, 0.18, -0.46154],
						"0.1354": [-0.21937, 0.08381, -0.5],
						"0.1458": [-0.19218, -0.01285, -0.40833],
						"0.1667": [-0.28781, -0.11617, -0.145],
						"0.1875": [-0.45344, 0.07051, 0.02833],
						"0.5": [0, 0, 0]
					}
				},
				"constraint": {
					"rotation": {
						"0.0": [1, 1, 1],
						"0.4167": [0, 0, 0]
					},
					"position": {
						"0.0": [1, 1, 1],
						"0.4167": [0, 0, 0]
					}
				},
				"splash5": {
					"scale": {
						"0.0": [25, 25, 25],
						"0.0104": [1, 1, 1]
					}
				},
				"splash6": {
					"scale": {
						"0.0": [25, 25, 25],
						"0.0104": [1, 1, 1]
					}
				},
				"splash2": {
					"scale": {
						"0.0": [25, 25, 25],
						"0.0104": [1, 1, 1]
					}
				},
				"splash3": {
					"scale": {
						"0.0": [25, 25, 25],
						"0.0104": [1, 1, 1]
					}
				},
				"splash4": {
					"scale": {
						"0.0": [25, 25, 25],
						"0.0104": [1, 1, 1]
					}
				},
				"splash1": {
					"scale": {
						"0.0": [25, 25, 25],
						"0.0104": [1, 1, 1]
					}
				}
			}
		},
		"shoot_last": {
			"animation_length": 2,
			"bones": {
				"barrel": {
					"rotation": {
						"0.0": {
							"post": [0, 0, -85],
							"lerp_mode": "catmullrom"
						},
						"0.0417": {
							"post": [0, 0, -70.83],
							"lerp_mode": "catmullrom"
						},
						"0.0833": {
							"post": [0, 0, -56.67],
							"lerp_mode": "catmullrom"
						},
						"0.1354": {
							"post": [0, 0, -42.5],
							"lerp_mode": "catmullrom"
						},
						"0.2083": {
							"post": [0, 0, -28.33],
							"lerp_mode": "catmullrom"
						},
						"0.3125": {
							"post": [0, 0, -14.17],
							"lerp_mode": "catmullrom"
						},
						"0.4167": {
							"post": [0, 0, 0],
							"lerp_mode": "catmullrom"
						}
					}
				},
				"root": {
					"rotation": {
						"0.0": {
							"post": [0, 0, 0],
							"lerp_mode": "catmullrom"
						},
						"0.0417": {
							"post": [0.55, -0.55, 0],
							"lerp_mode": "catmullrom"
						},
						"0.0833": {
							"post": [-2, -1.25, 0],
							"lerp_mode": "catmullrom"
						},
						"0.1667": {
							"post": [-0.55, 0.55, 0],
							"lerp_mode": "catmullrom"
						},
						"0.3333": {
							"post": [0, 0, 0],
							"lerp_mode": "catmullrom"
						}
					},
					"position": {
						"0.0": {
							"post": [0, 0, 0],
							"lerp_mode": "catmullrom"
						},
						"0.0417": {
							"post": [0, 0, 0.8875],
							"lerp_mode": "catmullrom"
						},
						"0.125": {
							"post": [0, 0, 1.17],
							"lerp_mode": "catmullrom"
						},
						"0.3333": {
							"post": [0, 0, 0],
							"lerp_mode": "catmullrom"
						}
					}
				},
				"barrel8": {
					"rotation": {
						"0.0": [0, 1.75, 0],
						"0.0833": [0, -1, 0],
						"0.1667": [0, 0.5, 0],
						"0.25": [0, 0.1, 0],
						"0.3333": [0, 0, 0]
					}
				},
				"barrel1": {
					"rotation": {
						"0.0": [0, 1.75, 0],
						"0.0417": [0, -1, 0],
						"0.0833": [0, 0.5, 0],
						"0.125": [0, 0.1, 0],
						"0.1667": [0, 0, 0]
					}
				},
				"barrel6": {
					"rotation": {
						"0.0": [0, 1.75, 0],
						"0.0833": [0, -1, 0],
						"0.1667": [0, 0.5, 0],
						"0.25": [0, 0.1, 0],
						"0.3333": [0, 0, 0]
					}
				},
				"barrel9": {
					"rotation": {
						"0.0": [0, 1.75, 0],
						"0.0833": [0, -1, 0],
						"0.1667": [0, 0.5, 0],
						"0.25": [0, 0.1, 0],
						"0.3333": [0, 0, 0]
					}
				},
				"barrel11": {
					"rotation": {
						"0.0": [0, -1.75, 0],
						"0.0417": [0, 1, 0],
						"0.0833": [0, -0.5, 0],
						"0.125": [0, -0.1, 0],
						"0.1667": [0, 0, 0]
					}
				},
				"barrel12": {
					"rotation": {
						"0.0": [0, -1.75, 0],
						"0.0417": [0, 1, 0],
						"0.0833": [0, -0.5, 0],
						"0.125": [0, -0.1, 0],
						"0.1667": [0, 0, 0]
					}
				},
				"barrel13": {
					"rotation": {
						"0.0": [0, -1.75, 0],
						"0.0833": [0, 1, 0],
						"0.1667": [0, -0.5, 0],
						"0.25": [0, -0.1, 0],
						"0.3333": [0, 0, 0]
					}
				},
				"barrel14": {
					"rotation": {
						"0.0": [0, -1.75, 0],
						"0.0417": [0, 1, 0],
						"0.0833": [0, -0.5, 0],
						"0.125": [0, -0.1, 0],
						"0.1667": [0, 0, 0]
					}
				},
				"barrel16": {
					"rotation": {
						"0.0": [0, -1.75, 0],
						"0.0833": [0, 1, 0],
						"0.1667": [0, -0.5, 0],
						"0.25": [0, -0.1, 0],
						"0.3333": [0, 0, 0]
					}
				},
				"barrel3": {
					"rotation": {
						"0.0": [0, 1.75, 0],
						"0.0417": [0, -1, 0],
						"0.0833": [0, 0.5, 0],
						"0.125": [0, 0.1, 0],
						"0.1667": [0, 0, 0]
					}
				},
				"camera": {
					"rotation": {
						"0.0": [-0.15, 0.13, -0.03],
						"0.0208": [0.29702, 0.06667, 0.24691],
						"0.0313": [-0.65947, 0.205, 0.14538],
						"0.0417": [-0.11596, 0.07333, 0.03385],
						"0.0521": [-0.27245, 0.16167, 0.03231],
						"0.0625": [-0.05894, -0.26, 0.16077],
						"0.0729": [-0.52543, 0.01833, 0.22923],
						"0.0833": [-0.00192, -0.26333, 0.18769],
						"0.1042": [-0.3349, -0.20667, 0.43462],
						"0.125": [-0.40788, -0.07, 0.36154],
						"0.1354": [-0.40437, -0.17762, 0.41],
						"0.1458": [-0.39218, -0.28477, 0.32833],
						"0.1667": [-0.35781, -0.00907, 0.245],
						"0.1875": [-0.47344, -0.05337, -0.01833],
						"0.2292": [-0.48469, -0.10197, -0.385],
						"0.2604": [-0.49312, -0.11592, -0.6375],
						"0.2708": [-0.47569, -0.12042, -0.61333],
						"0.3125": [-0.39597, -0.16839, -0.54667],
						"0.3333": [-0.37111, -0.17238, -0.51334],
						"0.4479": [-0.35125, -0.09806, -0.33],
						"0.5": [-0.245, -0.06429, -0.18938],
						"0.6146": [-0.03875, 0.01003, 0.12687],
						"0.6667": [-0.04381, 0.04381, 0.08238],
						"0.8333": [0.01, 0.0419, -0.05],
						"1.0": [-0.05769, 0.03, 0.00077],
						"1.1042": [-0.05, 0.02375, 0.02625],
						"1.1667": [-0.02, 0.02, 0.03],
						"1.3333": [0.05, 0.02, 0.03],
						"1.5": [0.02, 0, 0.02],
						"1.6667": [-0.03, -0.02, 0.01],
						"1.8333": [-0.02, -0.01, 0],
						"2.0": [0, 0, 0]
					}
				},
				"constraint": {
					"rotation": {
						"0.0": [1, 1, 1],
						"0.4167": [0, 0, 0]
					},
					"position": {
						"0.0": [1, 1, 1],
						"0.4167": [0, 0, 0]
					}
				},
				"splash5": {
					"scale": {
						"0.0": [25, 25, 25],
						"0.0104": [1, 1, 1]
					}
				},
				"splash6": {
					"scale": {
						"0.0": [25, 25, 25],
						"0.0104": [1, 1, 1]
					}
				},
				"splash2": {
					"scale": {
						"0.0": [25, 25, 25],
						"0.0104": [1, 1, 1]
					}
				},
				"splash3": {
					"scale": {
						"0.0": [25, 25, 25],
						"0.0104": [1, 1, 1]
					}
				},
				"splash4": {
					"scale": {
						"0.0": [25, 25, 25],
						"0.0104": [1, 1, 1]
					}
				},
				"splash1": {
					"scale": {
						"0.0": [25, 25, 25],
						"0.0104": [1, 1, 1]
					}
				}
			},
			"sound_effects": {
				"0.0104": {
					"effect": "daffas_arsenal:emak_c2/daffas_emak_c2_shoot_last"
				}
			}
		},
		"inspect": {
			"animation_length": 5.9,
			"bones": {
				"lefthand": {
					"rotation": [109.56902, -11.04661, -197.64985],
					"position": [7.8, -7.525, -4.275],
					"scale": 0
				},
				"righthand": {
					"rotation": [119.74721, -1.93597, -165.12261],
					"position": [-6.7125, -12.475, 3.25]
				},
				"root": {
					"rotation": {
						"0.0": {
							"post": [0, 0, 0],
							"lerp_mode": "catmullrom"
						},
						"0.0625": {
							"post": [0.24969, -0.98691, -3.00433],
							"lerp_mode": "catmullrom"
						},
						"0.2083": {
							"post": [-14.69692, -1.51631, -5.44823],
							"lerp_mode": "catmullrom"
						},
						"0.375": {
							"post": [-41.05497, -9.10015, -8.14714],
							"lerp_mode": "catmullrom"
						},
						"0.4583": {
							"post": [-46.94048, -10.7729, -10.70351],
							"lerp_mode": "catmullrom"
						},
						"0.5625": {
							"post": [-49.31892, -12.60178, -13.63082],
							"lerp_mode": "catmullrom"
						},
						"0.6667": {
							"post": [-48.88188, -14.68058, -15.48351],
							"lerp_mode": "catmullrom"
						},
						"0.7917": {
							"post": [-46.09856, -12.70669, -13.51261],
							"lerp_mode": "catmullrom"
						},
						"0.9583": {
							"post": [-43.87977, -12.81907, -13.39776],
							"lerp_mode": "catmullrom"
						},
						"1.2083": {
							"post": [-43.66721, -13.68385, -14.32504],
							"lerp_mode": "catmullrom"
						},
						"1.3958": {
							"post": [-44.64857, -18.05202, -18.97242],
							"lerp_mode": "catmullrom"
						},
						"1.5417": {
							"post": [-44.99, -16.8, -17.7],
							"lerp_mode": "catmullrom"
						},
						"1.8958": {
							"post": [-44.65802, -17.85743, -19.31448],
							"lerp_mode": "catmullrom"
						},
						"2.3958": {
							"post": [-44.99, -16.8, -17.7],
							"lerp_mode": "catmullrom"
						},
						"2.5417": {
							"post": [-44.41933, -7.74581, -7.00835],
							"lerp_mode": "catmullrom"
						},
						"2.6667": {
							"post": [-44.59526, 6.34684, 24.72016],
							"lerp_mode": "catmullrom"
						},
						"2.7917": {
							"post": [-44.50239, 22.98299, 68.95089],
							"lerp_mode": "catmullrom"
						},
						"2.8958": {
							"post": [-46.28114, 34.42621, 74.54127],
							"lerp_mode": "catmullrom"
						},
						"3.0": {
							"post": [-49.89998, 28.82134, 72.36494],
							"lerp_mode": "catmullrom"
						},
						"3.125": {
							"post": [-45.2476, 37.10303, 81.79605],
							"lerp_mode": "catmullrom"
						},
						"3.2708": {
							"post": [-47.9976, 37.10303, 78.54605],
							"lerp_mode": "catmullrom"
						},
						"3.5": {
							"post": [-45.2476, 37.10303, 82.29605],
							"lerp_mode": "catmullrom"
						},
						"4.0": {
							"post": [-45.25626, 37.09075, 80.85515],
							"lerp_mode": "catmullrom"
						},
						"4.2083": {
							"post": [-45.25, 37.1, 82.3],
							"lerp_mode": "catmullrom"
						},
						"4.3333": {
							"post": [-43.2421, 39.56299, 89.39914],
							"lerp_mode": "catmullrom"
						},
						"4.625": {
							"post": [-45.40653, 38.56992, 89.56101],
							"lerp_mode": "catmullrom"
						},
						"5.0417": {
							"post": [-44.30974, 37.15208, 91.34783],
							"lerp_mode": "catmullrom"
						},
						"5.1667": {
							"post": [-35.75121, 20.83665, 69.91532],
							"lerp_mode": "catmullrom"
						},
						"5.2708": {
							"post": [-32.1281, 4.25343, 46.30298],
							"lerp_mode": "catmullrom"
						},
						"5.4583": {
							"post": [-2.36911, -8.49223, 10.74446],
							"lerp_mode": "catmullrom"
						},
						"5.6042": {
							"post": [3.74772, -0.13078, 1.99572],
							"lerp_mode": "catmullrom"
						},
						"5.7292": {
							"post": [-0.5, 0, -1.75],
							"lerp_mode": "catmullrom"
						},
						"5.8958": {
							"post": [0, 0, 0],
							"lerp_mode": "catmullrom"
						}
					},
					"position": {
						"0.0": {
							"post": [0, 0, 0],
							"lerp_mode": "catmullrom"
						},
						"0.0625": {
							"post": [0.15, -0.5875, 0],
							"lerp_mode": "catmullrom"
						},
						"0.125": {
							"post": [0.15, -1.1125, 0],
							"lerp_mode": "catmullrom"
						},
						"0.2083": {
							"post": [0.15, 0.385, 0],
							"lerp_mode": "catmullrom"
						},
						"0.375": {
							"post": [-0.4, -1.0975, 0.7875],
							"lerp_mode": "catmullrom"
						},
						"0.4583": {
							"post": [-0.2875, -0.4, 1.52],
							"lerp_mode": "catmullrom"
						},
						"0.5625": {
							"post": [-0.29, -0.85, 1.52],
							"lerp_mode": "catmullrom"
						},
						"0.6667": {
							"post": [-0.4775, -1.1125, 1.62],
							"lerp_mode": "catmullrom"
						},
						"0.7917": {
							"post": [-0.48, -1.235, 1.62],
							"lerp_mode": "catmullrom"
						},
						"0.9583": {
							"post": [-0.48, -0.805, 1.5075],
							"lerp_mode": "catmullrom"
						},
						"1.2083": {
							"post": [-0.48, -0.805, 1.5075],
							"lerp_mode": "catmullrom"
						},
						"1.3958": {
							"post": [-0.48, -0.9425, 1.62],
							"lerp_mode": "catmullrom"
						},
						"1.6667": {
							"post": [-0.48, -0.7725, 1.62],
							"lerp_mode": "catmullrom"
						},
						"2.1042": {
							"post": [-0.48, -0.7725, 1.62],
							"lerp_mode": "catmullrom"
						},
						"2.3958": {
							"post": [-0.48, -0.9725, 1.62],
							"lerp_mode": "catmullrom"
						},
						"2.5417": {
							"post": [-0.48, -1.5425, 1.62],
							"lerp_mode": "catmullrom"
						},
						"2.6667": {
							"post": [0.0575, -2.7275, 1.62],
							"lerp_mode": "catmullrom"
						},
						"2.7917": {
							"post": [0.06, -1.6425, 1.62],
							"lerp_mode": "catmullrom"
						},
						"2.8958": {
							"post": [0.585, -0.1425, 1.62],
							"lerp_mode": "catmullrom"
						},
						"3.0": {
							"post": [0.4725, -0.4025, 1.62],
							"lerp_mode": "catmullrom"
						},
						"3.125": {
							"post": [-0.1425, -1.3125, 1.62],
							"lerp_mode": "catmullrom"
						},
						"3.2708": {
							"post": [-0.3175, -0.375, 1.62],
							"lerp_mode": "catmullrom"
						},
						"3.5": {
							"post": [-0.4025, 0.04, 1.62],
							"lerp_mode": "catmullrom"
						},
						"4.0": {
							"post": [0.005, 0.08, 1.6],
							"lerp_mode": "catmullrom"
						},
						"4.2083": {
							"post": [-0.0025, 0.04, 1.62],
							"lerp_mode": "catmullrom"
						},
						"4.3333": {
							"post": [0.235, 0.04, 1.9325],
							"lerp_mode": "catmullrom"
						},
						"4.5": {
							"post": [0.4, -0.085, 1.9],
							"lerp_mode": "catmullrom"
						},
						"4.7917": {
							"post": [0.45, -0.135, 1.9],
							"lerp_mode": "catmullrom"
						},
						"5.0417": {
							"post": [0.375, -0.085, 1.9],
							"lerp_mode": "catmullrom"
						},
						"5.125": {
							"post": [-0.14, -1.16, 1.62],
							"lerp_mode": "catmullrom"
						},
						"5.375": {
							"post": [-0.14, -0.9275, 1.62],
							"lerp_mode": "catmullrom"
						},
						"5.4583": {
							"post": [0, -1.0375, 0],
							"lerp_mode": "catmullrom"
						},
						"5.6042": {
							"post": [0, -0.8875, 0],
							"lerp_mode": "catmullrom"
						},
						"5.7292": {
							"post": [0, 0.15, 0],
							"lerp_mode": "catmullrom"
						},
						"5.8958": {
							"post": [0, 0, 0],
							"lerp_mode": "catmullrom"
						}
					}
				},
				"mag_and_lefthand": {
					"rotation": [117.73397, -1.05627, -24.97911],
					"position": [10, -17.9, 18.425]
				},
				"mag_and_bullet": {
					"rotation": [-27.11771, -13.34855, -24.26701],
					"position": [-6, 2.175, -2.425],
					"scale": 0
				},
				"camera": {
					"rotation": {
						"0.0": {
							"post": [0, 0, 0],
							"lerp_mode": "catmullrom"
						},
						"0.3958": {
							"post": [-2, -1.25, 0.75],
							"lerp_mode": "catmullrom"
						},
						"0.7917": {
							"post": [-4.75, 1.25, 1.25],
							"lerp_mode": "catmullrom"
						},
						"1.6042": {
							"post": [9.5, 5.25, 1.25],
							"lerp_mode": "catmullrom"
						},
						"2.5": {
							"post": [0.5, 5.25, 1.25],
							"lerp_mode": "catmullrom"
						},
						"2.7917": {
							"post": [4.75, 1, 0],
							"lerp_mode": "catmullrom"
						},
						"3.0625": {
							"post": [2.5, -1.75, -0.75],
							"lerp_mode": "catmullrom"
						},
						"3.3958": {
							"post": [0.5, 0.5, -0.75],
							"lerp_mode": "catmullrom"
						},
						"4.2917": {
							"post": [6.75, 7.25, -0.75],
							"lerp_mode": "catmullrom"
						},
						"4.875": {
							"post": [8.25, 12, -0.75],
							"lerp_mode": "catmullrom"
						},
						"5.0417": {
							"post": [4.83, 9.28, 1.42],
							"lerp_mode": "catmullrom"
						},
						"5.2083": {
							"post": [3.15, 5.75, 0.33],
							"lerp_mode": "catmullrom"
						},
						"5.4583": {
							"post": [3, 0.75, 2.18],
							"lerp_mode": "catmullrom"
						},
						"5.6667": {
							"post": [-0.25, 0, -0.5],
							"lerp_mode": "catmullrom"
						},
						"5.8958": {
							"post": [0, 0, 0],
							"lerp_mode": "catmullrom"
						}
					}
				}
			}
		},
		"inspect_empty": {
			"animation_length": 5.9,
			"bones": {
				"lefthand": {
					"rotation": [109.56902, -11.04661, -197.64985],
					"position": [7.8, -7.525, -4.275],
					"scale": 0
				},
				"righthand": {
					"rotation": [119.74721, -1.93597, -165.12261],
					"position": [-6.7125, -12.475, 3.25]
				},
				"root": {
					"rotation": {
						"0.0": {
							"post": [0, 0, 0],
							"lerp_mode": "catmullrom"
						},
						"0.0625": {
							"post": [0.24969, -0.98691, -3.00433],
							"lerp_mode": "catmullrom"
						},
						"0.2083": {
							"post": [-14.69692, -1.51631, -5.44823],
							"lerp_mode": "catmullrom"
						},
						"0.375": {
							"post": [-41.05497, -9.10015, -8.14714],
							"lerp_mode": "catmullrom"
						},
						"0.4583": {
							"post": [-46.94048, -10.7729, -10.70351],
							"lerp_mode": "catmullrom"
						},
						"0.5625": {
							"post": [-49.31892, -12.60178, -13.63082],
							"lerp_mode": "catmullrom"
						},
						"0.6667": {
							"post": [-48.88188, -14.68058, -15.48351],
							"lerp_mode": "catmullrom"
						},
						"0.7917": {
							"post": [-46.09856, -12.70669, -13.51261],
							"lerp_mode": "catmullrom"
						},
						"0.9583": {
							"post": [-43.87977, -12.81907, -13.39776],
							"lerp_mode": "catmullrom"
						},
						"1.2083": {
							"post": [-43.66721, -13.68385, -14.32504],
							"lerp_mode": "catmullrom"
						},
						"1.3958": {
							"post": [-44.64857, -18.05202, -18.97242],
							"lerp_mode": "catmullrom"
						},
						"1.5417": {
							"post": [-44.99, -16.8, -17.7],
							"lerp_mode": "catmullrom"
						},
						"1.8958": {
							"post": [-44.65802, -17.85743, -19.31448],
							"lerp_mode": "catmullrom"
						},
						"2.3958": {
							"post": [-44.99, -16.8, -17.7],
							"lerp_mode": "catmullrom"
						},
						"2.5417": {
							"post": [-44.41933, -7.74581, -7.00835],
							"lerp_mode": "catmullrom"
						},
						"2.6667": {
							"post": [-44.59526, 6.34684, 24.72016],
							"lerp_mode": "catmullrom"
						},
						"2.7917": {
							"post": [-44.50239, 22.98299, 68.95089],
							"lerp_mode": "catmullrom"
						},
						"2.8958": {
							"post": [-46.28114, 34.42621, 74.54127],
							"lerp_mode": "catmullrom"
						},
						"3.0": {
							"post": [-49.89998, 28.82134, 72.36494],
							"lerp_mode": "catmullrom"
						},
						"3.125": {
							"post": [-45.2476, 37.10303, 81.79605],
							"lerp_mode": "catmullrom"
						},
						"3.2708": {
							"post": [-47.9976, 37.10303, 78.54605],
							"lerp_mode": "catmullrom"
						},
						"3.5": {
							"post": [-45.2476, 37.10303, 82.29605],
							"lerp_mode": "catmullrom"
						},
						"4.0": {
							"post": [-45.25626, 37.09075, 80.85515],
							"lerp_mode": "catmullrom"
						},
						"4.2083": {
							"post": [-45.25, 37.1, 82.3],
							"lerp_mode": "catmullrom"
						},
						"4.3333": {
							"post": [-43.2421, 39.56299, 89.39914],
							"lerp_mode": "catmullrom"
						},
						"4.625": {
							"post": [-45.40653, 38.56992, 89.56101],
							"lerp_mode": "catmullrom"
						},
						"5.0417": {
							"post": [-44.30974, 37.15208, 91.34783],
							"lerp_mode": "catmullrom"
						},
						"5.1667": {
							"post": [-35.75121, 20.83665, 69.91532],
							"lerp_mode": "catmullrom"
						},
						"5.2708": {
							"post": [-32.1281, 4.25343, 46.30298],
							"lerp_mode": "catmullrom"
						},
						"5.4583": {
							"post": [-2.36911, -8.49223, 10.74446],
							"lerp_mode": "catmullrom"
						},
						"5.6042": {
							"post": [3.74772, -0.13078, 1.99572],
							"lerp_mode": "catmullrom"
						},
						"5.7292": {
							"post": [-0.5, 0, -1.75],
							"lerp_mode": "catmullrom"
						},
						"5.8958": {
							"post": [0, 0, 0],
							"lerp_mode": "catmullrom"
						}
					},
					"position": {
						"0.0": {
							"post": [0, 0, 0],
							"lerp_mode": "catmullrom"
						},
						"0.0625": {
							"post": [0.15, -0.5875, 0],
							"lerp_mode": "catmullrom"
						},
						"0.125": {
							"post": [0.15, -1.1125, 0],
							"lerp_mode": "catmullrom"
						},
						"0.2083": {
							"post": [0.15, 0.385, 0],
							"lerp_mode": "catmullrom"
						},
						"0.375": {
							"post": [-0.4, -1.0975, 0.7875],
							"lerp_mode": "catmullrom"
						},
						"0.4583": {
							"post": [-0.2875, -0.4, 1.52],
							"lerp_mode": "catmullrom"
						},
						"0.5625": {
							"post": [-0.29, -0.85, 1.52],
							"lerp_mode": "catmullrom"
						},
						"0.6667": {
							"post": [-0.4775, -1.1125, 1.62],
							"lerp_mode": "catmullrom"
						},
						"0.7917": {
							"post": [-0.48, -1.235, 1.62],
							"lerp_mode": "catmullrom"
						},
						"0.9583": {
							"post": [-0.48, -0.805, 1.5075],
							"lerp_mode": "catmullrom"
						},
						"1.2083": {
							"post": [-0.48, -0.805, 1.5075],
							"lerp_mode": "catmullrom"
						},
						"1.3958": {
							"post": [-0.48, -0.9425, 1.62],
							"lerp_mode": "catmullrom"
						},
						"1.6667": {
							"post": [-0.48, -0.7725, 1.62],
							"lerp_mode": "catmullrom"
						},
						"2.1042": {
							"post": [-0.48, -0.7725, 1.62],
							"lerp_mode": "catmullrom"
						},
						"2.3958": {
							"post": [-0.48, -0.9725, 1.62],
							"lerp_mode": "catmullrom"
						},
						"2.5417": {
							"post": [-0.48, -1.5425, 1.62],
							"lerp_mode": "catmullrom"
						},
						"2.6667": {
							"post": [0.0575, -2.7275, 1.62],
							"lerp_mode": "catmullrom"
						},
						"2.7917": {
							"post": [0.06, -1.6425, 1.62],
							"lerp_mode": "catmullrom"
						},
						"2.8958": {
							"post": [0.585, -0.1425, 1.62],
							"lerp_mode": "catmullrom"
						},
						"3.0": {
							"post": [0.4725, -0.4025, 1.62],
							"lerp_mode": "catmullrom"
						},
						"3.125": {
							"post": [-0.1425, -1.3125, 1.62],
							"lerp_mode": "catmullrom"
						},
						"3.2708": {
							"post": [-0.3175, -0.375, 1.62],
							"lerp_mode": "catmullrom"
						},
						"3.5": {
							"post": [-0.4025, 0.04, 1.62],
							"lerp_mode": "catmullrom"
						},
						"4.0": {
							"post": [0.005, 0.08, 1.6],
							"lerp_mode": "catmullrom"
						},
						"4.2083": {
							"post": [-0.0025, 0.04, 1.62],
							"lerp_mode": "catmullrom"
						},
						"4.3333": {
							"post": [0.235, 0.04, 1.9325],
							"lerp_mode": "catmullrom"
						},
						"4.5": {
							"post": [0.4, -0.085, 1.9],
							"lerp_mode": "catmullrom"
						},
						"4.7917": {
							"post": [0.45, -0.135, 1.9],
							"lerp_mode": "catmullrom"
						},
						"5.0417": {
							"post": [0.375, -0.085, 1.9],
							"lerp_mode": "catmullrom"
						},
						"5.125": {
							"post": [-0.14, -1.16, 1.62],
							"lerp_mode": "catmullrom"
						},
						"5.375": {
							"post": [-0.14, -0.9275, 1.62],
							"lerp_mode": "catmullrom"
						},
						"5.4583": {
							"post": [0, -1.0375, 0],
							"lerp_mode": "catmullrom"
						},
						"5.6042": {
							"post": [0, -0.8875, 0],
							"lerp_mode": "catmullrom"
						},
						"5.7292": {
							"post": [0, 0.15, 0],
							"lerp_mode": "catmullrom"
						},
						"5.8958": {
							"post": [0, 0, 0],
							"lerp_mode": "catmullrom"
						}
					}
				},
				"mag_and_lefthand": {
					"rotation": [117.73397, -1.05627, -24.97911],
					"position": [10, -17.9, 18.425]
				},
				"mag_and_bullet": {
					"rotation": [-27.11771, -13.34855, -24.26701],
					"position": [-6, 2.175, -2.425],
					"scale": 0
				},
				"camera": {
					"rotation": {
						"0.0": {
							"post": [0, 0, 0],
							"lerp_mode": "catmullrom"
						},
						"0.3958": {
							"post": [-2, -1.25, 0.75],
							"lerp_mode": "catmullrom"
						},
						"0.7917": {
							"post": [-4.75, 1.25, 1.25],
							"lerp_mode": "catmullrom"
						},
						"1.6042": {
							"post": [9.5, 5.25, 1.25],
							"lerp_mode": "catmullrom"
						},
						"2.5": {
							"post": [0.5, 5.25, 1.25],
							"lerp_mode": "catmullrom"
						},
						"2.7917": {
							"post": [4.75, 1, 0],
							"lerp_mode": "catmullrom"
						},
						"3.0625": {
							"post": [2.5, -1.75, -0.75],
							"lerp_mode": "catmullrom"
						},
						"3.3958": {
							"post": [0.5, 0.5, -0.75],
							"lerp_mode": "catmullrom"
						},
						"4.2917": {
							"post": [6.75, 7.25, -0.75],
							"lerp_mode": "catmullrom"
						},
						"4.875": {
							"post": [8.25, 12, -0.75],
							"lerp_mode": "catmullrom"
						},
						"5.0417": {
							"post": [4.83, 9.28, 1.42],
							"lerp_mode": "catmullrom"
						},
						"5.2083": {
							"post": [3.15, 5.75, 0.33],
							"lerp_mode": "catmullrom"
						},
						"5.4583": {
							"post": [3, 0.75, 2.18],
							"lerp_mode": "catmullrom"
						},
						"5.6667": {
							"post": [-0.25, 0, -0.5],
							"lerp_mode": "catmullrom"
						},
						"5.8958": {
							"post": [0, 0, 0],
							"lerp_mode": "catmullrom"
						}
					}
				}
			}
		},
		"reload_empty": {
			"animation_length": 2.7917,
			"bones": {
				"lefthand": {
					"rotation": [109.56902, -11.04661, -197.64985],
					"position": [7.8, -7.525, -4.275],
					"scale": [1, 1.5, 1]
				},
				"righthand": {
					"rotation": [119.74721, -1.93597, -165.12261],
					"position": [-6.7125, -12.475, 3.25]
				},
				"root": {
					"rotation": {
						"0.0": {
							"post": [0, 0, 0],
							"lerp_mode": "catmullrom"
						},
						"0.1667": {
							"post": [-0.47, -3.75, 7.5],
							"lerp_mode": "catmullrom"
						},
						"0.5": {
							"post": [-22.5, -30, 15],
							"lerp_mode": "catmullrom"
						},
						"0.75": {
							"post": [-22.5, -30, 20],
							"lerp_mode": "catmullrom"
						},
						"0.9167": {
							"post": [-22.5, -30, 25],
							"lerp_mode": "catmullrom"
						},
						"1.2917": {
							"post": [-22.5, -30, 28.5],
							"lerp_mode": "catmullrom"
						},
						"1.625": {
							"post": [-26.06706, -24.66762, 25.35908],
							"lerp_mode": "catmullrom"
						},
						"1.9167": {
							"post": [-24.06706, -22.41762, 19.85908],
							"lerp_mode": "catmullrom"
						},
						"2.125": {
							"post": [-16.56706, -19.91762, 14.85908],
							"lerp_mode": "catmullrom"
						},
						"2.375": {
							"post": [-3.92617, -6.58463, 16.01243],
							"lerp_mode": "catmullrom"
						},
						"2.5833": {
							"post": [-0.47, -3.75, 7.5],
							"lerp_mode": "catmullrom"
						},
						"2.7917": {
							"post": [0, 0, 0],
							"lerp_mode": "catmullrom"
						}
					},
					"position": {
						"0.0": {
							"post": [0, 0, 0],
							"lerp_mode": "catmullrom"
						},
						"0.1667": {
							"post": [-0.1375, -1.735, -0.5],
							"lerp_mode": "catmullrom"
						},
						"0.5": {
							"post": [-2, -1, 2],
							"lerp_mode": "catmullrom"
						},
						"0.75": {
							"post": [-1.8375, -1.3625, 1.75],
							"lerp_mode": "catmullrom"
						},
						"0.9167": {
							"post": [-1.6275, -0.9475, 1.75],
							"lerp_mode": "catmullrom"
						},
						"1.2917": {
							"post": [-1.3925, -0.3625, 1.75],
							"lerp_mode": "catmullrom"
						},
						"1.625": {
							"post": [-1.84, -0.36, 1.75],
							"lerp_mode": "catmullrom"
						},
						"1.9167": {
							"post": [-1.84, -0.7725, 1.75],
							"lerp_mode": "catmullrom"
						},
						"2.125": {
							"post": [-1.84, -1.2225, 1.75],
							"lerp_mode": "catmullrom"
						},
						"2.375": {
							"post": [0.22, -0.235, 1.4125],
							"lerp_mode": "catmullrom"
						},
						"2.5833": {
							"post": [0.5, -0.7725, -0.5],
							"lerp_mode": "catmullrom"
						},
						"2.7917": {
							"post": [0, 0, 0],
							"lerp_mode": "catmullrom"
						}
					}
				},
				"mag_and_lefthand": {
					"rotation": {
						"0.0": {
							"post": [8.83, 11.1, 6.78],
							"lerp_mode": "catmullrom"
						},
						"0.25": {
							"post": [-0.7441, 24.27517, 16.20068],
							"lerp_mode": "catmullrom"
						},
						"0.5": {
							"post": [-1.88407, 21.21048, -13.60291],
							"lerp_mode": "catmullrom"
						},
						"0.75": {
							"post": [-37.83692, 1.85221, -65.33568],
							"lerp_mode": "catmullrom"
						},
						"0.9167": {
							"post": [-44.04972, -1.20013, -71.81508],
							"lerp_mode": "catmullrom"
						},
						"1.0417": {
							"post": [-50.43974, -2.34372, -74.1726],
							"lerp_mode": "catmullrom"
						},
						"1.1667": {
							"post": [-52.74123, -2.3839, -76.52676],
							"lerp_mode": "catmullrom"
						},
						"1.2917": {
							"post": [-57.54959, 3.16697, -75.55946],
							"lerp_mode": "catmullrom"
						},
						"1.4167": {
							"post": [-66.11197, 8.30937, -70.69395],
							"lerp_mode": "catmullrom"
						},
						"1.5417": {
							"post": [-69.00698, 0.40314, -77.95716],
							"lerp_mode": "catmullrom"
						},
						"1.6667": {
							"post": [-65.2986, 2.6412, -71.73337],
							"lerp_mode": "catmullrom"
						},
						"1.7917": {
							"post": [-69.00698, 0.40314, -77.95716],
							"lerp_mode": "catmullrom"
						},
						"2.0": {
							"post": [-53.05723, -11.14097, -73.8519],
							"lerp_mode": "catmullrom"
						},
						"2.125": {
							"post": [-34.86823, 1.55488, -43.84256],
							"lerp_mode": "catmullrom"
						},
						"2.375": {
							"post": [12.02379, 6.70245, 3.63632],
							"lerp_mode": "catmullrom"
						},
						"2.625": {
							"post": [12.02379, 6.70245, 3.63632],
							"lerp_mode": "catmullrom"
						}
					},
					"position": {
						"0.0": {
							"post": [21.54, -13.21, 11.41],
							"lerp_mode": "catmullrom"
						},
						"0.25": {
							"post": [12.06611, 0.85904, -9.63395],
							"lerp_mode": "catmullrom"
						},
						"0.5": {
							"post": [4.76842, 0.23327, -16.61043],
							"lerp_mode": "catmullrom"
						},
						"0.75": {
							"post": [4.47782, 4.5671, -17.13035],
							"lerp_mode": "catmullrom"
						},
						"0.9167": {
							"post": [2.84115, 5.04702, -16.30344],
							"lerp_mode": "catmullrom"
						},
						"1.0417": {
							"post": [2.72321, 5.00179, -16.20705],
							"lerp_mode": "catmullrom"
						},
						"1.1667": {
							"post": [2.67851, 5.69948, -15.46961],
							"lerp_mode": "catmullrom"
						},
						"1.2917": {
							"post": [2.08478, 5.46514, -14.43771],
							"lerp_mode": "catmullrom"
						},
						"1.4167": {
							"post": [1.36334, 5.08901, -13.26625],
							"lerp_mode": "catmullrom"
						},
						"1.5417": {
							"post": [1.0714, 5.97613, -12.17815],
							"lerp_mode": "catmullrom"
						},
						"1.6667": {
							"post": [1.52359, 5.4526, -11.67315],
							"lerp_mode": "catmullrom"
						},
						"1.7917": {
							"post": [1.47238, 5.84355, -10.79312],
							"lerp_mode": "catmullrom"
						},
						"2.0": {
							"post": [3.51767, 6.36375, -15.96335],
							"lerp_mode": "catmullrom"
						},
						"2.125": {
							"post": [6.2735, 2.78289, -17.0144],
							"lerp_mode": "catmullrom"
						},
						"2.375": {
							"post": [12.81652, -0.15659, -6.18261],
							"lerp_mode": "catmullrom"
						},
						"2.625": {
							"post": [24.7, -17.9, 18.425],
							"lerp_mode": "catmullrom"
						}
					}
				},
				"mag_and_bullet": {
					"rotation": {
						"0.0": {
							"post": [7.88229, -13.34855, -24.26701],
							"lerp_mode": "catmullrom"
						},
						"0.1667": {
							"post": [7.88229, -13.34855, -24.26701],
							"lerp_mode": "catmullrom"
						},
						"0.4167": {
							"post": [-9.34136, -11.91332, -14.12415],
							"lerp_mode": "catmullrom"
						},
						"0.75": {
							"post": [-21.64743, -7.43547, -13.06431],
							"lerp_mode": "catmullrom"
						},
						"0.9167": {
							"post": [-21.64743, -7.43547, -13.06431],
							"lerp_mode": "catmullrom"
						},
						"1.2917": {
							"post": [-9.61771, -13.34855, -24.26701],
							"lerp_mode": "catmullrom"
						}
					},
					"position": {
						"0.0": {
							"post": [0.32286, 4.92995, -4.46484],
							"lerp_mode": "catmullrom"
						},
						"0.1667": {
							"post": [0.32286, 4.92995, -4.46484],
							"lerp_mode": "catmullrom"
						},
						"0.4167": {
							"post": [-0.12698, 5.04834, -3.93169],
							"lerp_mode": "catmullrom"
						},
						"0.75": {
							"post": [0, 5.175, -3.425],
							"lerp_mode": "catmullrom"
						}
					},
					"scale": 7
				},
				"camera": {
					"rotation": {
						"0.0": {
							"post": [0, 0, 0],
							"lerp_mode": "catmullrom"
						},
						"0.1667": {
							"post": [0.75, -0.5, 0.5],
							"lerp_mode": "catmullrom"
						},
						"0.3333": {
							"post": [0.08, -0.94, -0.72],
							"lerp_mode": "catmullrom"
						},
						"0.5": {
							"post": [-0.75, -1.25, 0],
							"lerp_mode": "catmullrom"
						},
						"0.9583": {
							"post": [-1.25, -0.75, 0],
							"lerp_mode": "catmullrom"
						},
						"1.4583": {
							"post": [-1.75, 1.5, 1.5],
							"lerp_mode": "catmullrom"
						},
						"2.0": {
							"post": [-1, 1.75, 0],
							"lerp_mode": "catmullrom"
						},
						"2.25": {
							"post": [-1.25, 0.75, 0],
							"lerp_mode": "catmullrom"
						},
						"2.5": {
							"post": [0.5, 0.5, 0.5],
							"lerp_mode": "catmullrom"
						},
						"2.7917": {
							"post": [0, 0, 0],
							"lerp_mode": "catmullrom"
						}
					}
				},
				"splash7": {
					"rotation": {
						"0.7083": [0, 0, 0],
						"0.75": [0, 0, 0],
						"1.0": [0, 12.5, -32.5],
						"1.0417": [0, 12.5, -32.5],
						"1.0833": [0, 0, 0],
						"1.125": [0, 0, 0],
						"1.375": [0, 12.5, -32.5],
						"1.4167": [0, 12.5, -32.5],
						"1.4583": [0, 0, 0],
						"1.5": [0, 0, 0],
						"1.75": [0, 12.5, -32.5],
						"1.7917": [0, 12.5, -32.5]
					},
					"position": {
						"0.7083": [-0.80812, 6.27657, -1.48313],
						"0.75": [-0.80812, 6.27657, -1.48313],
						"1.0": [-0.1876, 0.73603, 2.0611],
						"1.0417": [-0.66691, 1.075, 5.58254],
						"1.0833": [-0.80812, 6.27657, -1.48313],
						"1.125": [-1.98312, 6.27657, -1.08313],
						"1.375": [-0.46749, 1.14761, 2.46009],
						"1.4167": [-0.66691, 1.075, 5.58254],
						"1.4583": [-0.80812, 6.27657, -1.48313],
						"1.5": [-2.50812, 5.47657, 2.81687],
						"1.75": [-0.51124, 0.52595, 6.48528],
						"1.7917": [-0.66691, 1.075, 5.58254]
					},
					"scale": {
						"0.7083": [0, 0, 0],
						"0.75": {
							"pre": [0, 0, 0],
							"post": [8, 8, 8]
						},
						"1.0": {
							"pre": [8, 8, 8],
							"post": [0, 0, 0]
						},
						"1.0417": {
							"pre": [0, 0, 0],
							"post": [0, 0, 0]
						},
						"1.0833": {
							"pre": [0, 0, 0],
							"post": [0, 0, 0]
						},
						"1.125": {
							"pre": [0, 0, 0],
							"post": [8, 8, 8]
						},
						"1.375": {
							"pre": [8, 8, 8],
							"post": [0, 0, 0]
						},
						"1.4167": {
							"pre": [0, 0, 0],
							"post": [0, 0, 0]
						},
						"1.4583": {
							"pre": [0, 0, 0],
							"post": [0, 0, 0]
						},
						"1.5": {
							"pre": [0, 0, 0],
							"post": [8, 8, 8]
						},
						"1.75": {
							"pre": [8, 8, 8],
							"post": [0, 0, 0]
						},
						"1.7917": {
							"pre": [0, 0, 0],
							"post": [0, 0, 0]
						}
					}
				},
				"splash8": {
					"rotation": {
						"0.8333": [0, 0, 0],
						"0.875": [0, 0, 0],
						"1.125": [0, 12.5, -32.5],
						"1.1667": [0, 12.5, -32.5],
						"1.2083": [0, 0, 0],
						"1.25": [0, 0, 0],
						"1.5": [0, 12.5, -32.5],
						"1.5417": [0, 12.5, -32.5],
						"1.5833": [0, 0, 0],
						"1.625": [0, 0, 0],
						"1.875": [0, 12.5, -32.5],
						"1.9167": [0, 12.5, -32.5]
					},
					"position": {
						"0.8333": [-0.80812, 6.27657, -1.48313],
						"0.875": [-2.02062, 6.05157, -5.50813],
						"1.125": [-1.4001, 0.51103, -1.9639],
						"1.1667": [-0.66691, 1.075, 5.58254],
						"1.2083": [-0.80812, 6.27657, -1.48313],
						"1.25": [-2.16425, 5.59555, -3.9907],
						"1.5": [-0.75414, 1.41774, -1.19001],
						"1.5417": [-0.66691, 1.075, 5.58254],
						"1.5833": [-0.80812, 6.27657, -1.48313],
						"1.625": [-1.9858, 6.37307, 0.15855],
						"1.875": [-0.73749, 0.69277, 2.79435],
						"1.9167": [-0.66691, 1.075, 5.58254]
					},
					"scale": {
						"0.8333": [0, 0, 0],
						"0.875": {
							"pre": [0, 0, 0],
							"post": [8, 8, 8]
						},
						"1.125": {
							"pre": [8, 8, 8],
							"post": [0, 0, 0]
						},
						"1.1667": {
							"pre": [0, 0, 0],
							"post": [0, 0, 0]
						},
						"1.2083": {
							"pre": [0, 0, 0],
							"post": [0, 0, 0]
						},
						"1.25": {
							"pre": [0, 0, 0],
							"post": [8, 8, 8]
						},
						"1.5": {
							"pre": [8, 8, 8],
							"post": [0, 0, 0]
						},
						"1.5417": {
							"pre": [0, 0, 0],
							"post": [0, 0, 0]
						},
						"1.5833": {
							"pre": [0, 0, 0],
							"post": [0, 0, 0]
						},
						"1.625": {
							"pre": [0, 0, 0],
							"post": [8, 8, 8]
						},
						"1.875": {
							"pre": [8, 8, 8],
							"post": [0, 0, 0]
						},
						"1.9167": {
							"pre": [0, 0, 0],
							"post": [0, 0, 0]
						}
					}
				},
				"splash9": {
					"rotation": {
						"0.9583": [0, 0, 0],
						"1.0": [0, 0, 0],
						"1.25": [0, 12.5, -32.5],
						"1.2917": [0, 12.5, -32.5],
						"1.3333": [0, 0, 0],
						"1.375": [0, 0, 0],
						"1.625": [0, 12.5, -32.5],
						"1.6667": [0, 12.5, -32.5],
						"1.7083": [0, 0, 0],
						"1.75": [0, 0, 0],
						"2.0": [0, 12.5, -32.5],
						"2.0417": [0, 12.5, -32.5]
					},
					"position": {
						"0.9583": [-0.80812, 6.27657, -1.48313],
						"1.0": [-2.02062, 6.05157, -7.87063],
						"1.25": [-1.4001, 0.51103, -4.3264],
						"1.2917": [-0.66691, 1.075, 5.58254],
						"1.3333": [-0.80812, 6.27657, -1.48313],
						"1.375": [-1.88069, 6.17589, -5.25258],
						"1.625": [-0.75237, 2.34002, -0.04132],
						"1.6667": [-0.66691, 1.075, 5.58254],
						"1.7083": [-0.80812, 6.27657, -1.48313],
						"1.75": [-1.87288, 6.1478, -1.41392],
						"2.0": [-0.54458, 0.47162, -0.05997],
						"2.0417": [-0.66691, 1.075, 5.58254]
					},
					"scale": {
						"0.9583": [0, 0, 0],
						"1.0": {
							"pre": [0, 0, 0],
							"post": [8, 8, 8]
						},
						"1.25": {
							"pre": [8, 8, 8],
							"post": [0, 0, 0]
						},
						"1.2917": {
							"pre": [0, 0, 0],
							"post": [0, 0, 0]
						},
						"1.3333": {
							"pre": [0, 0, 0],
							"post": [0, 0, 0]
						},
						"1.375": {
							"pre": [0, 0, 0],
							"post": [8, 8, 8]
						},
						"1.625": {
							"pre": [8, 8, 8],
							"post": [0, 0, 0]
						},
						"1.6667": {
							"pre": [0, 0, 0],
							"post": [0, 0, 0]
						},
						"1.7083": {
							"pre": [0, 0, 0],
							"post": [0, 0, 0]
						},
						"1.75": {
							"pre": [0, 0, 0],
							"post": [8, 8, 8]
						},
						"2.0": {
							"pre": [8, 8, 8],
							"post": [0, 0, 0]
						},
						"2.0417": {
							"pre": [0, 0, 0],
							"post": [0, 0, 0]
						}
					}
				}
			},
			"sound_effects": {
				"0.0": {
					"effect": "daffas_arsenal:hk45/daffas_hk45_cloth3"
				},
				"0.4167": {
					"effect": "daffas_arsenal:emak_c2/daffas_emak_c2_pour"
				},
				"1.9583": {
					"effect": "daffas_arsenal:hk45/daffas_hk45_cloth"
				}
			}
		},
		"reload_tactical": {
			"animation_length": 2.7917,
			"bones": {
				"lefthand": {
					"rotation": [109.56902, -11.04661, -197.64985],
					"position": [7.8, -7.525, -4.275],
					"scale": [1, 1.5, 1]
				},
				"righthand": {
					"rotation": [119.74721, -1.93597, -165.12261],
					"position": [-6.7125, -12.475, 3.25]
				},
				"root": {
					"rotation": {
						"0.0": {
							"post": [0, 0, 0],
							"lerp_mode": "catmullrom"
						},
						"0.1667": {
							"post": [-0.47, -3.75, 7.5],
							"lerp_mode": "catmullrom"
						},
						"0.5": {
							"post": [-22.5, -30, 15],
							"lerp_mode": "catmullrom"
						},
						"0.75": {
							"post": [-22.5, -30, 20],
							"lerp_mode": "catmullrom"
						},
						"0.9167": {
							"post": [-22.5, -30, 25],
							"lerp_mode": "catmullrom"
						},
						"1.2917": {
							"post": [-22.5, -30, 28.5],
							"lerp_mode": "catmullrom"
						},
						"1.625": {
							"post": [-26.06706, -24.66762, 25.35908],
							"lerp_mode": "catmullrom"
						},
						"1.9167": {
							"post": [-24.06706, -22.41762, 19.85908],
							"lerp_mode": "catmullrom"
						},
						"2.125": {
							"post": [-16.56706, -19.91762, 14.85908],
							"lerp_mode": "catmullrom"
						},
						"2.375": {
							"post": [-3.92617, -6.58463, 16.01243],
							"lerp_mode": "catmullrom"
						},
						"2.5833": {
							"post": [-0.47, -3.75, 7.5],
							"lerp_mode": "catmullrom"
						},
						"2.7917": {
							"post": [0, 0, 0],
							"lerp_mode": "catmullrom"
						}
					},
					"position": {
						"0.0": {
							"post": [0, 0, 0],
							"lerp_mode": "catmullrom"
						},
						"0.1667": {
							"post": [-0.1375, -1.735, -0.5],
							"lerp_mode": "catmullrom"
						},
						"0.5": {
							"post": [-2, -1, 2],
							"lerp_mode": "catmullrom"
						},
						"0.75": {
							"post": [-1.8375, -1.3625, 1.75],
							"lerp_mode": "catmullrom"
						},
						"0.9167": {
							"post": [-1.6275, -0.9475, 1.75],
							"lerp_mode": "catmullrom"
						},
						"1.2917": {
							"post": [-1.3925, -0.3625, 1.75],
							"lerp_mode": "catmullrom"
						},
						"1.625": {
							"post": [-1.84, -0.36, 1.75],
							"lerp_mode": "catmullrom"
						},
						"1.9167": {
							"post": [-1.84, -0.7725, 1.75],
							"lerp_mode": "catmullrom"
						},
						"2.125": {
							"post": [-1.84, -1.2225, 1.75],
							"lerp_mode": "catmullrom"
						},
						"2.375": {
							"post": [0.22, -0.235, 1.4125],
							"lerp_mode": "catmullrom"
						},
						"2.5833": {
							"post": [0.5, -0.7725, -0.5],
							"lerp_mode": "catmullrom"
						},
						"2.7917": {
							"post": [0, 0, 0],
							"lerp_mode": "catmullrom"
						}
					}
				},
				"mag_and_lefthand": {
					"rotation": {
						"0.0": {
							"post": [8.83, 11.1, 6.78],
							"lerp_mode": "catmullrom"
						},
						"0.25": {
							"post": [-0.7441, 24.27517, 16.20068],
							"lerp_mode": "catmullrom"
						},
						"0.5": {
							"post": [-1.88407, 21.21048, -13.60291],
							"lerp_mode": "catmullrom"
						},
						"0.75": {
							"post": [-37.83692, 1.85221, -65.33568],
							"lerp_mode": "catmullrom"
						},
						"0.9167": {
							"post": [-44.04972, -1.20013, -71.81508],
							"lerp_mode": "catmullrom"
						},
						"1.0417": {
							"post": [-50.43974, -2.34372, -74.1726],
							"lerp_mode": "catmullrom"
						},
						"1.1667": {
							"post": [-52.74123, -2.3839, -76.52676],
							"lerp_mode": "catmullrom"
						},
						"1.2917": {
							"post": [-57.54959, 3.16697, -75.55946],
							"lerp_mode": "catmullrom"
						},
						"1.4167": {
							"post": [-66.11197, 8.30937, -70.69395],
							"lerp_mode": "catmullrom"
						},
						"1.5417": {
							"post": [-69.00698, 0.40314, -77.95716],
							"lerp_mode": "catmullrom"
						},
						"1.6667": {
							"post": [-65.2986, 2.6412, -71.73337],
							"lerp_mode": "catmullrom"
						},
						"1.7917": {
							"post": [-69.00698, 0.40314, -77.95716],
							"lerp_mode": "catmullrom"
						},
						"2.0": {
							"post": [-53.05723, -11.14097, -73.8519],
							"lerp_mode": "catmullrom"
						},
						"2.125": {
							"post": [-34.86823, 1.55488, -43.84256],
							"lerp_mode": "catmullrom"
						},
						"2.375": {
							"post": [12.02379, 6.70245, 3.63632],
							"lerp_mode": "catmullrom"
						},
						"2.625": {
							"post": [12.02379, 6.70245, 3.63632],
							"lerp_mode": "catmullrom"
						}
					},
					"position": {
						"0.0": {
							"post": [21.54, -13.21, 11.41],
							"lerp_mode": "catmullrom"
						},
						"0.25": {
							"post": [12.06611, 0.85904, -9.63395],
							"lerp_mode": "catmullrom"
						},
						"0.5": {
							"post": [4.76842, 0.23327, -16.61043],
							"lerp_mode": "catmullrom"
						},
						"0.75": {
							"post": [4.47782, 4.5671, -17.13035],
							"lerp_mode": "catmullrom"
						},
						"0.9167": {
							"post": [2.84115, 5.04702, -16.30344],
							"lerp_mode": "catmullrom"
						},
						"1.0417": {
							"post": [2.72321, 5.00179, -16.20705],
							"lerp_mode": "catmullrom"
						},
						"1.1667": {
							"post": [2.67851, 5.69948, -15.46961],
							"lerp_mode": "catmullrom"
						},
						"1.2917": {
							"post": [2.08478, 5.46514, -14.43771],
							"lerp_mode": "catmullrom"
						},
						"1.4167": {
							"post": [1.36334, 5.08901, -13.26625],
							"lerp_mode": "catmullrom"
						},
						"1.5417": {
							"post": [1.0714, 5.97613, -12.17815],
							"lerp_mode": "catmullrom"
						},
						"1.6667": {
							"post": [1.52359, 5.4526, -11.67315],
							"lerp_mode": "catmullrom"
						},
						"1.7917": {
							"post": [1.47238, 5.84355, -10.79312],
							"lerp_mode": "catmullrom"
						},
						"2.0": {
							"post": [3.51767, 6.36375, -15.96335],
							"lerp_mode": "catmullrom"
						},
						"2.125": {
							"post": [6.2735, 2.78289, -17.0144],
							"lerp_mode": "catmullrom"
						},
						"2.375": {
							"post": [12.81652, -0.15659, -6.18261],
							"lerp_mode": "catmullrom"
						},
						"2.625": {
							"post": [24.7, -17.9, 18.425],
							"lerp_mode": "catmullrom"
						}
					}
				},
				"mag_and_bullet": {
					"rotation": {
						"0.0": {
							"post": [7.88229, -13.34855, -24.26701],
							"lerp_mode": "catmullrom"
						},
						"0.1667": {
							"post": [7.88229, -13.34855, -24.26701],
							"lerp_mode": "catmullrom"
						},
						"0.4167": {
							"post": [-9.34136, -11.91332, -14.12415],
							"lerp_mode": "catmullrom"
						},
						"0.75": {
							"post": [-21.64743, -7.43547, -13.06431],
							"lerp_mode": "catmullrom"
						},
						"0.9167": {
							"post": [-21.64743, -7.43547, -13.06431],
							"lerp_mode": "catmullrom"
						},
						"1.2917": {
							"post": [-9.61771, -13.34855, -24.26701],
							"lerp_mode": "catmullrom"
						}
					},
					"position": {
						"0.0": {
							"post": [0.32286, 4.92995, -4.46484],
							"lerp_mode": "catmullrom"
						},
						"0.1667": {
							"post": [0.32286, 4.92995, -4.46484],
							"lerp_mode": "catmullrom"
						},
						"0.4167": {
							"post": [-0.12698, 5.04834, -3.93169],
							"lerp_mode": "catmullrom"
						},
						"0.75": {
							"post": [0, 5.175, -3.425],
							"lerp_mode": "catmullrom"
						}
					},
					"scale": 7
				},
				"camera": {
					"rotation": {
						"0.0": {
							"post": [0, 0, 0],
							"lerp_mode": "catmullrom"
						},
						"0.1667": {
							"post": [0.75, -0.5, 0.5],
							"lerp_mode": "catmullrom"
						},
						"0.3333": {
							"post": [0.08, -0.94, -0.72],
							"lerp_mode": "catmullrom"
						},
						"0.5": {
							"post": [-0.75, -1.25, 0],
							"lerp_mode": "catmullrom"
						},
						"0.9583": {
							"post": [-1.25, -0.75, 0],
							"lerp_mode": "catmullrom"
						},
						"1.4583": {
							"post": [-1.75, 1.5, 1.5],
							"lerp_mode": "catmullrom"
						},
						"2.0": {
							"post": [-1, 1.75, 0],
							"lerp_mode": "catmullrom"
						},
						"2.25": {
							"post": [-1.25, 0.75, 0],
							"lerp_mode": "catmullrom"
						},
						"2.5": {
							"post": [0.5, 0.5, 0.5],
							"lerp_mode": "catmullrom"
						},
						"2.7917": {
							"post": [0, 0, 0],
							"lerp_mode": "catmullrom"
						}
					}
				},
				"splash7": {
					"rotation": {
						"0.7083": [0, 0, 0],
						"0.75": [0, 0, 0],
						"1.0": [0, 12.5, -32.5],
						"1.0417": [0, 12.5, -32.5],
						"1.0833": [0, 0, 0],
						"1.125": [0, 0, 0],
						"1.375": [0, 12.5, -32.5],
						"1.4167": [0, 12.5, -32.5],
						"1.4583": [0, 0, 0],
						"1.5": [0, 0, 0],
						"1.75": [0, 12.5, -32.5],
						"1.7917": [0, 12.5, -32.5]
					},
					"position": {
						"0.7083": [-0.80812, 6.27657, -1.48313],
						"0.75": [-0.80812, 6.27657, -1.48313],
						"1.0": [-0.1876, 0.73603, 2.0611],
						"1.0417": [-0.66691, 1.075, 5.58254],
						"1.0833": [-0.80812, 6.27657, -1.48313],
						"1.125": [-1.98312, 6.27657, -1.08313],
						"1.375": [-0.46749, 1.14761, 2.46009],
						"1.4167": [-0.66691, 1.075, 5.58254],
						"1.4583": [-0.80812, 6.27657, -1.48313],
						"1.5": [-2.50812, 5.47657, 2.81687],
						"1.75": [-0.51124, 0.52595, 6.48528],
						"1.7917": [-0.66691, 1.075, 5.58254]
					},
					"scale": {
						"0.7083": [0, 0, 0],
						"0.75": {
							"pre": [0, 0, 0],
							"post": [8, 8, 8]
						},
						"1.0": {
							"pre": [8, 8, 8],
							"post": [0, 0, 0]
						},
						"1.0417": {
							"pre": [0, 0, 0],
							"post": [0, 0, 0]
						},
						"1.0833": {
							"pre": [0, 0, 0],
							"post": [0, 0, 0]
						},
						"1.125": {
							"pre": [0, 0, 0],
							"post": [8, 8, 8]
						},
						"1.375": {
							"pre": [8, 8, 8],
							"post": [0, 0, 0]
						},
						"1.4167": {
							"pre": [0, 0, 0],
							"post": [0, 0, 0]
						},
						"1.4583": {
							"pre": [0, 0, 0],
							"post": [0, 0, 0]
						},
						"1.5": {
							"pre": [0, 0, 0],
							"post": [8, 8, 8]
						},
						"1.75": {
							"pre": [8, 8, 8],
							"post": [0, 0, 0]
						},
						"1.7917": {
							"pre": [0, 0, 0],
							"post": [0, 0, 0]
						}
					}
				},
				"splash8": {
					"rotation": {
						"0.8333": [0, 0, 0],
						"0.875": [0, 0, 0],
						"1.125": [0, 12.5, -32.5],
						"1.1667": [0, 12.5, -32.5],
						"1.2083": [0, 0, 0],
						"1.25": [0, 0, 0],
						"1.5": [0, 12.5, -32.5],
						"1.5417": [0, 12.5, -32.5],
						"1.5833": [0, 0, 0],
						"1.625": [0, 0, 0],
						"1.875": [0, 12.5, -32.5],
						"1.9167": [0, 12.5, -32.5]
					},
					"position": {
						"0.8333": [-0.80812, 6.27657, -1.48313],
						"0.875": [-2.02062, 6.05157, -5.50813],
						"1.125": [-1.4001, 0.51103, -1.9639],
						"1.1667": [-0.66691, 1.075, 5.58254],
						"1.2083": [-0.80812, 6.27657, -1.48313],
						"1.25": [-2.16425, 5.59555, -3.9907],
						"1.5": [-0.75414, 1.41774, -1.19001],
						"1.5417": [-0.66691, 1.075, 5.58254],
						"1.5833": [-0.80812, 6.27657, -1.48313],
						"1.625": [-1.9858, 6.37307, 0.15855],
						"1.875": [-0.73749, 0.69277, 2.79435],
						"1.9167": [-0.66691, 1.075, 5.58254]
					},
					"scale": {
						"0.8333": [0, 0, 0],
						"0.875": {
							"pre": [0, 0, 0],
							"post": [8, 8, 8]
						},
						"1.125": {
							"pre": [8, 8, 8],
							"post": [0, 0, 0]
						},
						"1.1667": {
							"pre": [0, 0, 0],
							"post": [0, 0, 0]
						},
						"1.2083": {
							"pre": [0, 0, 0],
							"post": [0, 0, 0]
						},
						"1.25": {
							"pre": [0, 0, 0],
							"post": [8, 8, 8]
						},
						"1.5": {
							"pre": [8, 8, 8],
							"post": [0, 0, 0]
						},
						"1.5417": {
							"pre": [0, 0, 0],
							"post": [0, 0, 0]
						},
						"1.5833": {
							"pre": [0, 0, 0],
							"post": [0, 0, 0]
						},
						"1.625": {
							"pre": [0, 0, 0],
							"post": [8, 8, 8]
						},
						"1.875": {
							"pre": [8, 8, 8],
							"post": [0, 0, 0]
						},
						"1.9167": {
							"pre": [0, 0, 0],
							"post": [0, 0, 0]
						}
					}
				},
				"splash9": {
					"rotation": {
						"0.9583": [0, 0, 0],
						"1.0": [0, 0, 0],
						"1.25": [0, 12.5, -32.5],
						"1.2917": [0, 12.5, -32.5],
						"1.3333": [0, 0, 0],
						"1.375": [0, 0, 0],
						"1.625": [0, 12.5, -32.5],
						"1.6667": [0, 12.5, -32.5],
						"1.7083": [0, 0, 0],
						"1.75": [0, 0, 0],
						"2.0": [0, 12.5, -32.5],
						"2.0417": [0, 12.5, -32.5]
					},
					"position": {
						"0.9583": [-0.80812, 6.27657, -1.48313],
						"1.0": [-2.02062, 6.05157, -7.87063],
						"1.25": [-1.4001, 0.51103, -4.3264],
						"1.2917": [-0.66691, 1.075, 5.58254],
						"1.3333": [-0.80812, 6.27657, -1.48313],
						"1.375": [-1.88069, 6.17589, -5.25258],
						"1.625": [-0.75237, 2.34002, -0.04132],
						"1.6667": [-0.66691, 1.075, 5.58254],
						"1.7083": [-0.80812, 6.27657, -1.48313],
						"1.75": [-1.87288, 6.1478, -1.41392],
						"2.0": [-0.54458, 0.47162, -0.05997],
						"2.0417": [-0.66691, 1.075, 5.58254]
					},
					"scale": {
						"0.9583": [0, 0, 0],
						"1.0": {
							"pre": [0, 0, 0],
							"post": [8, 8, 8]
						},
						"1.25": {
							"pre": [8, 8, 8],
							"post": [0, 0, 0]
						},
						"1.2917": {
							"pre": [0, 0, 0],
							"post": [0, 0, 0]
						},
						"1.3333": {
							"pre": [0, 0, 0],
							"post": [0, 0, 0]
						},
						"1.375": {
							"pre": [0, 0, 0],
							"post": [8, 8, 8]
						},
						"1.625": {
							"pre": [8, 8, 8],
							"post": [0, 0, 0]
						},
						"1.6667": {
							"pre": [0, 0, 0],
							"post": [0, 0, 0]
						},
						"1.7083": {
							"pre": [0, 0, 0],
							"post": [0, 0, 0]
						},
						"1.75": {
							"pre": [0, 0, 0],
							"post": [8, 8, 8]
						},
						"2.0": {
							"pre": [8, 8, 8],
							"post": [0, 0, 0]
						},
						"2.0417": {
							"pre": [0, 0, 0],
							"post": [0, 0, 0]
						}
					}
				}
			},
			"sound_effects": {
				"0.0": {
					"effect": "daffas_arsenal:hk45/daffas_hk45_cloth3"
				},
				"0.4167": {
					"effect": "daffas_arsenal:emak_c2/daffas_emak_c2_pour"
				},
				"1.9583": {
					"effect": "daffas_arsenal:hk45/daffas_hk45_cloth"
				}
			}
		},
		"run_start": {
			"animation_length": 0.5417,
			"bones": {
				"root": {
					"rotation": {
						"0.0": [0, 0, 0],
						"0.0625": [-6.41804, 6.38395, 2.94781],
						"0.1458": {
							"pre": [-14.14491, 3.54495, -10.55969],
							"post": [-14.14491, 3.54495, -10.55969],
							"lerp_mode": "catmullrom"
						},
						"0.2917": {
							"post": [-45.53086, -0.50096, -21.12548],
							"lerp_mode": "catmullrom"
						},
						"0.4167": {
							"post": [-42.93086, -2.31096, -21.12548],
							"lerp_mode": "catmullrom"
						},
						"0.5417": [-42.93086, 2.63904, -21.12548]
					},
					"position": {
						"0.0": [0, 0, 0],
						"0.0625": [-1.05445, -0.63881, 0.66472],
						"0.1458": {
							"pre": [-2.22886, -1.40352, 2.01943],
							"post": [-2.22886, -1.40352, 2.01943],
							"lerp_mode": "catmullrom"
						},
						"0.2917": {
							"post": [-2.95, -3.5075, 1.53],
							"lerp_mode": "catmullrom"
						},
						"0.4167": {
							"post": [-3.45, -4.3775, 1.53],
							"lerp_mode": "catmullrom"
						},
						"0.5417": [-4.45, -2.6475, 1.53]
					}
				}
			}
		},
		"run": {
			"animation_length": 1,
			"bones": {
				"root": {
					"rotation": {
						"0.0": [-44.03086, 6.25904, -21.12548],
						"0.0625": [-45.53086, 9.39904, -21.12548],
						"0.1458": [-47.03086, 11.20904, -21.12548],
						"0.2292": [-48.13086, 11.20904, -21.12548],
						"0.3333": [-48.53086, 9.39904, -21.12548],
						"0.3958": [-48.30086, 7.10904, -21.12548],
						"0.5": [-47.03086, 2.63904, -21.12548],
						"0.5625": [-45.53086, -0.50096, -21.12548],
						"0.625": [-44.03086, -2.31096, -21.12548],
						"0.6875": [-42.93086, -2.31096, -21.12548],
						"0.7708": [-42.53086, -0.50096, -21.12548],
						"0.875": [-42.93086, 2.63904, -21.12548],
						"1.0": [-44.03086, 6.25904, -21.12548]
					},
					"position": {
						"0.0": [-4.82, -2.6475, 1.53],
						"0.0625": [-4.95, -3.5075, 1.53],
						"0.1458": [-4.82, -4.3775, 1.53],
						"0.2292": [-4.45, -4.3775, 1.53],
						"0.3333": [-3.95, -3.5175, 1.53],
						"0.3958": [-3.57, -2.8075, 1.53],
						"0.5": [-3.08, -2.6475, 1.53],
						"0.5625": [-2.95, -3.5075, 1.53],
						"0.625": [-3.08, -4.3775, 1.53],
						"0.6875": [-3.45, -4.3775, 1.53],
						"0.7708": [-3.95, -3.5175, 1.53],
						"0.875": [-4.45, -2.6475, 1.53],
						"1.0": [-4.82, -2.6475, 1.53]
					}
				}
			}
		},
		"run_hold": {
			"loop": "hold_on_last_frame",
			"animation_length": 1000,
			"bones": {
				"root": {
					"rotation": {
						"0.0": {
							"post": [-48.53086, 9.39904, -21.12548],
							"lerp_mode": "catmullrom"
						},
						"0.1458": {
							"post": [-71.26118, 30.19562, 7.55],
							"lerp_mode": "catmullrom"
						},
						"0.3333": {
							"post": [-64.70904, 25.57, -4.75522],
							"lerp_mode": "catmullrom"
						},
						"0.6042": {
							"post": [-71.03106, 23.09084, -5.2459],
							"lerp_mode": "catmullrom"
						},
						"0.9583": {
							"post": [-69.06379, 21.84817, -0.1525],
							"lerp_mode": "catmullrom"
						},
						"1.25": {
							"post": [-66.88949, 21.12067, 0.40068],
							"lerp_mode": "catmullrom"
						},
						"1000.0": [-48.53086, 9.39904, -21.12548]
					},
					"position": {
						"0.0": {
							"post": [-3.95, -3.5175, 1.53],
							"lerp_mode": "catmullrom"
						},
						"0.0625": {
							"post": [-4.63, -5.2125, 1.53],
							"lerp_mode": "catmullrom"
						},
						"0.1667": {
							"post": [-4.35, -2.8175, 1.53],
							"lerp_mode": "catmullrom"
						},
						"0.3333": {
							"post": [-4.8, -1.5925, 1.53],
							"lerp_mode": "catmullrom"
						},
						"0.6042": {
							"post": [-5.2, -1.5125, 1.53],
							"lerp_mode": "catmullrom"
						},
						"1.25": {
							"post": [-5.4, -2.4925, 1.53],
							"lerp_mode": "catmullrom"
						},
						"1000.0": [-3.95, -3.5175, 4.03]
					}
				},
				"camera": {
					"rotation": {
						"0.0": {
							"post": [0, 0, 0],
							"lerp_mode": "catmullrom"
						},
						"0.0625": {
							"post": [0.38, 0, -0.09],
							"lerp_mode": "catmullrom"
						},
						"0.125": {
							"post": [-0.05, 0, -0.76],
							"lerp_mode": "catmullrom"
						},
						"0.2292": {
							"post": [-0.27, 0, -0.26],
							"lerp_mode": "catmullrom"
						},
						"0.3125": {
							"post": [-0.14, 0, -0.1],
							"lerp_mode": "catmullrom"
						},
						"0.4792": {
							"post": [0, 0, 0],
							"lerp_mode": "catmullrom"
						},
						"1000.0": [0, 0, 0]
					}
				}
			}
		},
		"melee_stock": {
			"animation_length": 1,
			"bones": {
				"root": {
					"rotation": {
						"0.0": [-40, 80, 0],
						"0.125": [-35, -35.5, 15],
						"0.2083": [-35, -82, 29],
						"0.5208": [5, -162, 29],
						"0.5417": [20.49833, -16.86191, 12.87131],
						"0.5625": [18.19, -15.2, 11.42],
						"0.7083": {
							"pre": [2.01, -3.58, 1.27],
							"post": [2.01, -3.58, 1.27],
							"lerp_mode": "catmullrom"
						},
						"0.8125": {
							"post": [-1.35267, -1.1649, -0.83425],
							"lerp_mode": "catmullrom"
						},
						"1.0": {
							"post": [0, 0, 0],
							"lerp_mode": "catmullrom"
						}
					},
					"position": {
						"0.0": [0, 0, 0],
						"0.2083": [11.405, -5.37, -3],
						"0.4583": [20.41, -15.37, 6],
						"0.5208": [20.41, -15.37, 6],
						"0.5417": [0.925, -4.475, 4.4],
						"0.5625": [0.84, -3.98, 3.93],
						"0.7083": {
							"pre": [0.27, -0.5, 0.68],
							"post": [0.27, -0.5, 0.68],
							"lerp_mode": "catmullrom"
						},
						"0.8125": {
							"post": [0.15, 0.225, 0],
							"lerp_mode": "catmullrom"
						},
						"1.0": {
							"post": [0, 0, 0],
							"lerp_mode": "catmullrom"
						}
					}
				},
				"righthand": {
					"scale": {
						"0.0": [1, 1, 1],
						"0.0625": [0, 0, 0],
						"0.5208": [0, 0, 0],
						"0.5417": [1, 1, 1]
					}
				},
				"camera": {
					"rotation": {
						"0.0": {
							"post": [0, 0, 0],
							"lerp_mode": "catmullrom"
						},
						"0.1042": {
							"post": [0.15, -0.75, 1.5],
							"lerp_mode": "catmullrom"
						},
						"0.1667": {
							"post": [0.57, -4.62, 2.05],
							"lerp_mode": "catmullrom"
						},
						"0.25": {
							"post": [1.3, -3.025, -1.5],
							"lerp_mode": "catmullrom"
						},
						"0.4375": {
							"post": [2.55, -4.345, -0.225],
							"lerp_mode": "catmullrom"
						},
						"0.7292": {
							"post": [1.225, -0.65, 0.925],
							"lerp_mode": "catmullrom"
						},
						"1.0": {
							"post": [0, 0, 0],
							"lerp_mode": "catmullrom"
						}
					}
				},
				"barrel": {
					"rotation": {
						"0.0": [0, 0, 0],
						"0.4792": [0, 0, 1000],
						"0.5": [0, 0, 0]
					}
				},
				"barrel8": {
					"rotation": {
						"0.0": [0, 85, 0],
						"0.4792": [0, 85, 0],
						"0.5": [0, 0, 0]
					}
				},
				"barrel1": {
					"rotation": {
						"0.0": [0, 85, 0],
						"0.4792": [0, 85, 0],
						"0.5": [0, 0, 0]
					}
				},
				"barrel4": {
					"rotation": {
						"0.0": [0, 85, 0],
						"0.4792": [0, 85, 0],
						"0.5": [0, 0, 0]
					}
				},
				"barrel5": {
					"rotation": {
						"0.0": [0, 85, 0],
						"0.4792": [0, 85, 0],
						"0.5": [0, 0, 0]
					}
				},
				"barrel6": {
					"rotation": {
						"0.0": [0, 85, 0],
						"0.4792": [0, 85, 0],
						"0.5": [0, 0, 0]
					}
				},
				"barrel7": {
					"rotation": {
						"0.0": [0, 85, 0],
						"0.4792": [0, 85, 0],
						"0.5": [0, 0, 0]
					}
				},
				"barrel9": {
					"rotation": {
						"0.0": [0, 85, 0],
						"0.4792": [0, 85, 0],
						"0.5": [0, 0, 0]
					}
				},
				"barrel10": {
					"rotation": {
						"0.0": [0, -85, 0],
						"0.4792": [0, -85, 0],
						"0.5": [0, 0, 0]
					}
				},
				"barrel11": {
					"rotation": {
						"0.0": [0, -85, 0],
						"0.4792": [0, -85, 0],
						"0.5": [0, 0, 0]
					}
				},
				"barrel12": {
					"rotation": {
						"0.0": [0, -85, 0],
						"0.4792": [0, -85, 0],
						"0.5": [0, 0, 0]
					}
				},
				"barrel13": {
					"rotation": {
						"0.0": [0, -85, 0],
						"0.4792": [0, -85, 0],
						"0.5": [0, 0, 0]
					}
				},
				"barrel14": {
					"rotation": {
						"0.0": [0, -85, 0],
						"0.4792": [0, -85, 0],
						"0.5": [0, 0, 0]
					}
				},
				"barrel15": {
					"rotation": {
						"0.0": [0, -85, 0],
						"0.4792": [0, -85, 0],
						"0.5": [0, 0, 0]
					}
				},
				"barrel16": {
					"rotation": {
						"0.0": [0, -85, 0],
						"0.4792": [0, -85, 0],
						"0.5": [0, 0, 0]
					}
				},
				"barrel2": {
					"rotation": {
						"0.0": [0, 85, 0],
						"0.4792": [0, 85, 0],
						"0.5": [0, 0, 0]
					}
				},
				"barrel3": {
					"rotation": {
						"0.0": [0, 85, 0],
						"0.4792": [0, 85, 0],
						"0.5": [0, 0, 0]
					}
				},
				"mag_and_bullet": {
					"scale": 0
				}
			}
		},
		"slide_back": {
			"loop": true,
			"animation_length": 0.85,
			"bones": {
				"constraint": {
					"rotation": {
						"0.0": [0.01, 0.01, 0.01],
						"0.15": [0.001, 0.001, 0.001]
					},
					"position": [0.01, 0.01, 0.01]
				},
				"root": {
					"rotation": {
						"0.0": [0, 0, 12.94],
						"0.0833": {
							"pre": [-2.65, 0.08, 13.6375],
							"post": [-2.65, 0.08, 13.6375],
							"lerp_mode": "catmullrom"
						},
						"0.1833": {
							"post": [-2.75, -3.1875, 5.25],
							"lerp_mode": "catmullrom"
						},
						"0.3333": [0, -0.6575, -1.62],
						"0.4333": [0, 0, 0]
					},
					"position": {
						"0.0": [-0.5, -0.5625, -0.75],
						"0.0833": {
							"pre": [-0.3075, -0.4375, -0.625],
							"post": [-0.3075, -0.4375, -0.625],
							"lerp_mode": "catmullrom"
						},
						"0.1667": {
							"post": [-0.1575, -0.6175, -0.3125],
							"lerp_mode": "catmullrom"
						},
						"0.3": [0.005, -0.0625, 0.0625],
						"0.3833": [0, 0, 0]
					}
				}
			}
		},
		"slide_idle": {
			"loop": true,
			"animation_length": 0.9333,
			"bones": {
				"constraint": {
					"rotation": [0.01, 0.01, 0.01],
					"position": [0.01, 0.01, 0.01]
				},
				"root": {
					"rotation": [0, 0, 12.94],
					"position": [-0.5, -0.5625, -0.75]
				},
				"camera": {
					"rotation": {
						"0.0": {
							"post": [0, 0, 0],
							"lerp_mode": "catmullrom"
						}
					}
				}
			}
		},
		"slide": {
			"loop": true,
			"animation_length": 0.75,
			"bones": {
				"constraint": {
					"rotation": [0.01, 0.01, 0.01],
					"position": [0.01, 0.01, 0.01]
				},
				"root": {
					"rotation": {
						"0.0": [0, 0, 0.01],
						"0.1333": {
							"pre": [-0.51, 0.67, 7.74],
							"post": [-0.51, 0.67, 7.74],
							"lerp_mode": "catmullrom"
						},
						"0.2833": [1.06, 0.24, 13.77],
						"0.3833": [0, 0, 12.94]
					},
					"position": {
						"0.0": [0, 0, 0],
						"0.1167": {
							"pre": [-0.595, -0.375, -0.5625],
							"post": [-0.595, -0.375, -0.5625],
							"lerp_mode": "catmullrom"
						},
						"0.1833": [-0.695, -0.6525, -0.7],
						"0.35": [-0.5, -0.5625, -0.75]
					}
				}
			}
		}
	}
}