{
	"format_version": "1.8.0",
	"animations": {
		"aim_start": {
			"animation_length": 1.0333,
			"bones": {
				"root": {
					"rotation": {
						"0.0": [0, 0, 0],
						"0.0833": {
							"pre": [0, 0, -10.5],
							"post": [0, 0, -10.5],
							"lerp_mode": "catmullrom"
						},
						"0.1875": {
							"post": [0, 0, -21.5],
							"lerp_mode": "catmullrom"
						},
						"0.2917": {
							"post": [0, 0, 1],
							"lerp_mode": "catmullrom"
						},
						"0.3958": {
							"post": [0, 0, -1],
							"lerp_mode": "catmullrom"
						},
						"0.5313": {
							"post": [0, 0, 0],
							"lerp_mode": "catmullrom"
						},
						"0.6354": {
							"post": [0.025, 0.1, 0],
							"lerp_mode": "catmullrom"
						},
						"0.7292": {
							"post": [-0.45, -0.15, 0.375],
							"lerp_mode": "catmullrom"
						},
						"0.8333": {
							"post": [0, 0.1, -0.075],
							"lerp_mode": "catmullrom"
						},
						"0.9688": {
							"post": [0, 0, 0],
							"lerp_mode": "catmullrom"
						}
					},
					"position": {
						"0.0": [0, 0, 0],
						"0.0833": {
							"pre": [0.675, -0.75, 0],
							"post": [0.675, -0.75, 0],
							"lerp_mode": "catmullrom"
						},
						"0.1875": {
							"post": [0.695, -0.47, 0],
							"lerp_mode": "catmullrom"
						},
						"0.2917": {
							"post": [-0.075, 0, 0],
							"lerp_mode": "catmullrom"
						},
						"0.3958": {
							"post": [0.06, 0.01, 0],
							"lerp_mode": "catmullrom"
						},
						"0.6042": {
							"post": [0, 0, 0.175],
							"lerp_mode": "catmullrom"
						},
						"0.6979": {
							"post": [0, 0, -0.1],
							"lerp_mode": "catmullrom"
						},
						"0.8021": {
							"post": [0, 0, 0],
							"lerp_mode": "catmullrom"
						}
					}
				},
				"constraint": {
					"rotation": {
						"0.0": [0, 0, 0],
						"0.5": [0.25, 0.25, 0.25],
						"1.0": [0, 0, 0]
					},
					"position": {
						"0.0": [0, 0, 0],
						"0.5": [0.1, 0.1, 0.1],
						"1.0": [0, 0, 0]
					}
				}
			},
			"sound_effects": {
				"0.0104": {
					"effect": "daffas_arsenal:all/aim"
				}
			}
		},
		"aim_loop": {
			"animation_length": 10,
			"bones": {
				"root": {
					"position": {
						"0.0": {
							"post": [0, 0, 0],
							"lerp_mode": "catmullrom"
						},
						"0.3": {
							"post": [0.01, -0.01, 0],
							"lerp_mode": "catmullrom"
						},
						"0.7": {
							"post": [-0.01, -0.02, 0],
							"lerp_mode": "catmullrom"
						},
						"1.0": {
							"post": [0.02, 0.02, 0],
							"lerp_mode": "catmullrom"
						},
						"1.3": {
							"post": [-0.01, 0, 0],
							"lerp_mode": "catmullrom"
						},
						"1.7": {
							"post": [0.02, -0.01, 0],
							"lerp_mode": "catmullrom"
						},
						"2.0": {
							"post": [-0.02, 0.01, 0],
							"lerp_mode": "catmullrom"
						},
						"2.3": {
							"post": [-0.01, 0, 0],
							"lerp_mode": "catmullrom"
						},
						"2.7": {
							"post": [0.02, 0, 0],
							"lerp_mode": "catmullrom"
						},
						"3.0": {
							"post": [0.02, -0.02, 0],
							"lerp_mode": "catmullrom"
						},
						"3.3": {
							"post": [-0.01, 0.01, 0],
							"lerp_mode": "catmullrom"
						},
						"3.7": {
							"post": [-0.01, -0.01, 0],
							"lerp_mode": "catmullrom"
						},
						"4.0": {
							"post": [0.01, -0.01, 0],
							"lerp_mode": "catmullrom"
						},
						"4.3": {
							"post": [0, -0.01, 0],
							"lerp_mode": "catmullrom"
						},
						"4.7": {
							"post": [-0.02, 0.02, 0],
							"lerp_mode": "catmullrom"
						},
						"5.0": {
							"post": [0.01, 0.02, 0],
							"lerp_mode": "catmullrom"
						},
						"5.3": {
							"post": [0.01, -0.02, 0],
							"lerp_mode": "catmullrom"
						},
						"5.7": {
							"post": [-0.02, -0.01, 0],
							"lerp_mode": "catmullrom"
						},
						"6.0": {
							"post": [-0.01, 0.01, 0],
							"lerp_mode": "catmullrom"
						},
						"6.3": {
							"post": [-0.02, -0.01, 0],
							"lerp_mode": "catmullrom"
						},
						"6.7": {
							"post": [0, 0, 0],
							"lerp_mode": "catmullrom"
						},
						"7.0": {
							"post": [-0.01, 0.02, 0],
							"lerp_mode": "catmullrom"
						},
						"7.3": {
							"post": [0.02, 0.02, 0],
							"lerp_mode": "catmullrom"
						},
						"7.7": {
							"post": [0.01, 0.02, 0],
							"lerp_mode": "catmullrom"
						},
						"8.0": {
							"post": [0.01, 0.02, 0],
							"lerp_mode": "catmullrom"
						},
						"8.3": {
							"post": [-0.01, -0.02, 0],
							"lerp_mode": "catmullrom"
						},
						"8.7": {
							"post": [0, -0.02, 0],
							"lerp_mode": "catmullrom"
						},
						"9.0": {
							"post": [0, -0.01, 0],
							"lerp_mode": "catmullrom"
						},
						"9.3": {
							"post": [0.02, 0.01, 0],
							"lerp_mode": "catmullrom"
						},
						"9.7": {
							"post": [0.01, 0.02, 0],
							"lerp_mode": "catmullrom"
						},
						"10.0": {
							"post": [0, 0, 0],
							"lerp_mode": "catmullrom"
						}
					}
				},
				"constraint": {
					"rotation": [0, 0, 0],
					"position": [0, 0, 0]
				}
			}
		},
		"aim_end": {
			"animation_length": 0.5333,
			"bones": {
				"root": {
					"rotation": {
						"0.0": {
							"post": [0, 0, 0],
							"lerp_mode": "catmullrom"
						},
						"0.0667": {
							"post": [0, 0, 12.25],
							"lerp_mode": "catmullrom"
						},
						"0.1667": {
							"post": [0, 0, 16],
							"lerp_mode": "catmullrom"
						},
						"0.3333": {
							"post": [0, 0, -1],
							"lerp_mode": "catmullrom"
						},
						"0.5333": {
							"post": [0, 0, 0],
							"lerp_mode": "catmullrom"
						}
					},
					"position": {
						"0.0": {
							"post": [0, 0, 0],
							"lerp_mode": "catmullrom"
						},
						"0.2333": {
							"post": [0.075, 0, 0],
							"lerp_mode": "catmullrom"
						},
						"0.4333": {
							"post": [0, 0, 0],
							"lerp_mode": "catmullrom"
						}
					}
				},
				"constraint": {
					"rotation": {
						"0.0": {
							"post": [0.1, 0.1, 0.1],
							"lerp_mode": "catmullrom"
						},
						"0.2667": {
							"post": [0.5, 0.5, 0.5],
							"lerp_mode": "catmullrom"
						},
						"0.5333": {
							"post": [0, 0, 0],
							"lerp_mode": "catmullrom"
						}
					},
					"position": {
						"0.0": {
							"post": [0.1, 0.1, 0.1],
							"lerp_mode": "catmullrom"
						},
						"0.2667": {
							"post": [0.5, 0.5, 0.5],
							"lerp_mode": "catmullrom"
						},
						"0.5333": {
							"post": [0, 0, 0],
							"lerp_mode": "catmullrom"
						}
					}
				}
			},
			"sound_effects": {
				"0.0333": {
					"effect": "daffas_arsenal:all/unaim"
				}
			}
		},
		"idle": {
			"animation_length": 8,
			"bones": {
				"root": {
					"rotation": {
						"0.0": {
							"post": [0, 0, 0],
							"lerp_mode": "catmullrom"
						},
						"1.1": {
							"post": [-0.4, -0.36, -0.18],
							"lerp_mode": "catmullrom"
						},
						"2.1": {
							"post": [0.36, -0.46, -0.2],
							"lerp_mode": "catmullrom"
						},
						"3.1": {
							"post": [-0.08, -0.22, 0.06],
							"lerp_mode": "catmullrom"
						},
						"4.2": {
							"post": [-0.42, 0.42, 0.48],
							"lerp_mode": "catmullrom"
						},
						"5.2": {
							"post": [-0.42, -0.44, 0.42],
							"lerp_mode": "catmullrom"
						},
						"6.3": {
							"post": [-0.38, -0.28, 0.26],
							"lerp_mode": "catmullrom"
						},
						"7.3": {
							"post": [-0.22, -0.44, 0.48],
							"lerp_mode": "catmullrom"
						},
						"8.0": {
							"post": [0, 0, 0],
							"lerp_mode": "catmullrom"
						}
					},
					"position": {
						"0.0": {
							"post": [0, 0, 0],
							"lerp_mode": "catmullrom"
						},
						"0.9": {
							"post": [0.04, -0.04, 0],
							"lerp_mode": "catmullrom"
						},
						"1.8": {
							"post": [0.08, 0, 0],
							"lerp_mode": "catmullrom"
						},
						"2.6": {
							"post": [0.04, -0.08, 0],
							"lerp_mode": "catmullrom"
						},
						"3.5": {
							"post": [0, 0.04, 0],
							"lerp_mode": "catmullrom"
						},
						"4.5": {
							"post": [0.04, 0.08, 0],
							"lerp_mode": "catmullrom"
						},
						"5.4": {
							"post": [0.04, -0.08, 0],
							"lerp_mode": "catmullrom"
						},
						"6.2": {
							"post": [-0.04, 0, 0],
							"lerp_mode": "catmullrom"
						},
						"7.1": {
							"post": [-0.04, -0.04, 0],
							"lerp_mode": "catmullrom"
						},
						"8.0": {
							"post": [0, 0, 0],
							"lerp_mode": "catmullrom"
						}
					}
				},
				"camera": {
					"rotation": {
						"0.0": {
							"post": [0, 0, 0],
							"lerp_mode": "catmullrom"
						},
						"1.4": {
							"post": [-0.16094, -0.08625, -0.19547],
							"lerp_mode": "catmullrom"
						},
						"2.4": {
							"post": [0.21906, -0.13625, -0.20547],
							"lerp_mode": "catmullrom"
						},
						"3.4": {
							"post": [-0.00094, -0.01625, -0.07547],
							"lerp_mode": "catmullrom"
						},
						"4.5": {
							"post": [-0.17094, 0.30375, 0.13453],
							"lerp_mode": "catmullrom"
						},
						"5.5": {
							"post": [-0.17094, -0.12625, 0.10453],
							"lerp_mode": "catmullrom"
						},
						"6.6": {
							"post": [-0.15094, -0.04625, 0.02453],
							"lerp_mode": "catmullrom"
						},
						"8.0": {
							"post": [0, 0, 0],
							"lerp_mode": "catmullrom"
						}
					}
				}
			}
		},
		"run_start": {
			"animation_length": 0.5417,
			"bones": {
				"root": {
					"rotation": {
						"0.0": [0, 0, 0],
						"0.0417": [0, -4.75, 6.5],
						"0.1042": {
							"pre": [5.16, -29.945, 0.125],
							"post": [5.16, -29.945, 0.125],
							"lerp_mode": "catmullrom"
						},
						"0.2292": {
							"post": [-6.91, -67.5, 0.25],
							"lerp_mode": "catmullrom"
						},
						"0.375": {
							"post": [1.69, -69.31, 0.25],
							"lerp_mode": "catmullrom"
						},
						"0.5417": [-4.31, -64.36, 0.25]
					},
					"position": {
						"0.0": [0, 0, 0],
						"0.0417": [0.275, -0.375, 0],
						"0.1042": {
							"pre": [1.77, -0.61, 0.02],
							"post": [1.77, -0.61, 0.02],
							"lerp_mode": "catmullrom"
						},
						"0.2292": {
							"post": [5.05, -1.92, -0.47],
							"lerp_mode": "catmullrom"
						},
						"0.375": {
							"post": [8.41181, -3.98464, -0.45755],
							"lerp_mode": "catmullrom"
						},
						"0.5417": [3.55, -1.06, -0.47]
					}
				}
			}
		},
		"run": {
			"loop": true,
			"animation_length": 1,
			"bones": {
				"root": {
					"rotation": {
						"0.0": [-5.41, -60.74, 0.25],
						"0.05": [-6.91, -57.6, 0.25],
						"0.15": [-8.41, -55.79, 0.25],
						"0.25": [-9.51, -55.79, 0.25],
						"0.35": [-9.91, -57.6, 0.25],
						"0.4": [-9.68, -59.89, 0.25],
						"0.5": [-8.41, -64.36, 0.25],
						"0.55": [-6.91, -67.5, 0.25],
						"0.65": [-5.41, -69.31, 0.25],
						"0.7": [-4.31, -69.31, 0.25],
						"0.75": [-3.91, -67.5, 0.25],
						"0.9": [-4.31, -64.36, 0.25],
						"1.0": [-5.41, -60.74, 0.25]
					},
					"position": {
						"0.0": [3.18, -1.06, -0.47],
						"0.05": [2.93228, -2.85101, -0.46734],
						"0.15": [3.18188, -4.52141, -0.46734],
						"0.25": [3.92188, -4.52141, -0.46734],
						"0.35": [4.92188, -2.80141, -0.46734],
						"0.4": [5.68188, -1.38141, -0.46734],
						"0.5": [6.66188, -1.06141, -0.46734],
						"0.55": [6.91148, -2.85101, -0.46734],
						"0.65": [6.66188, -4.52141, -0.46734],
						"0.7": [5.83854, -4.37807, -0.46734],
						"0.75": [4.92188, -2.80141, -0.46734],
						"0.9": [3.92188, -1.06141, -0.46734],
						"1.0": [3.18, -1.06, -0.47]
					}
				}
			}
		},
		"run_hold": {
			"animation_length": 1000,
			"bones": {
				"root": {
					"rotation": {
						"0.0": {
							"post": [-9.91, -57.6, 0.25],
							"lerp_mode": "catmullrom"
						},
						"0.1667": {
							"post": [-32.64032, -36.80342, 28.92548],
							"lerp_mode": "catmullrom"
						},
						"0.2917": {
							"post": [-26.08818, -41.42904, 16.62026],
							"lerp_mode": "catmullrom"
						},
						"0.5625": {
							"post": [-32.4102, -43.9082, 16.12958],
							"lerp_mode": "catmullrom"
						},
						"0.9792": {
							"post": [-30.44293, -45.15087, 21.22298],
							"lerp_mode": "catmullrom"
						},
						"1.2708": {
							"post": [-28.26863, -45.87837, 21.77616],
							"lerp_mode": "catmullrom"
						}
					},
					"position": {
						"0.0": {
							"post": [4.05, -1.93, -0.47],
							"lerp_mode": "catmullrom"
						},
						"0.0417": {
							"post": [5.37, -4.70312, -0.47],
							"lerp_mode": "catmullrom"
						},
						"0.1875": {
							"post": [3.65, -2.16359, -0.47],
							"lerp_mode": "catmullrom"
						},
						"0.2917": {
							"post": [3.2, 0.54969, -0.47],
							"lerp_mode": "catmullrom"
						},
						"0.5625": {
							"post": [2.8, 0.86406, -0.47],
							"lerp_mode": "catmullrom"
						},
						"1.2708": {
							"post": [2.6, -0.905, -0.47],
							"lerp_mode": "catmullrom"
						},
						"1000.0": [2.6, -0.9, -0.47]
					}
				},
				"camera": {
					"rotation": {
						"0.0": {
							"post": [0, 0, 0],
							"lerp_mode": "catmullrom"
						},
						"0.0625": {
							"post": [0.38, 0, -0.09],
							"lerp_mode": "catmullrom"
						},
						"0.125": {
							"post": [-0.05, 0, -0.76],
							"lerp_mode": "catmullrom"
						},
						"0.2292": {
							"post": [-0.27, 0, -0.26],
							"lerp_mode": "catmullrom"
						},
						"0.3125": {
							"post": [-0.14, 0, -0.1],
							"lerp_mode": "catmullrom"
						},
						"0.4792": {
							"post": [0, 0, 0],
							"lerp_mode": "catmullrom"
						}
					}
				}
			}
		},
		"run_end": {
			"loop": "hold_on_last_frame",
			"animation_length": 0.7,
			"bones": {
				"root": {
					"rotation": {
						"0.0": {
							"post": [-4.31, -64.36, 0.25],
							"lerp_mode": "catmullrom"
						},
						"0.15": {
							"post": [0.22212, -6.13569, -3.38188],
							"lerp_mode": "catmullrom"
						},
						"0.3": {
							"post": [1.48748, 1.52283, 4.35661],
							"lerp_mode": "catmullrom"
						},
						"0.5": {
							"post": [-1.04055, -0.88127, 0.63309],
							"lerp_mode": "catmullrom"
						},
						"0.7": [0, 0, 0]
					},
					"position": {
						"0.0": {
							"post": [5.55, -1.06, 0.53],
							"lerp_mode": "catmullrom"
						},
						"0.25": {
							"post": [0.5875, -0.2375, 1.2125],
							"lerp_mode": "catmullrom"
						},
						"0.4": {
							"post": [0, -0.2, 0.425],
							"lerp_mode": "catmullrom"
						},
						"0.7": [0, 0, 0]
					}
				},
				"camera": {
					"rotation": {
						"0.2": {
							"pre": [0, 0, 0],
							"post": [0, 0, 0],
							"lerp_mode": "catmullrom"
						},
						"0.25": {
							"post": [0, 0, 0.3],
							"lerp_mode": "catmullrom"
						},
						"0.3": {
							"post": [0, 0, -0.125],
							"lerp_mode": "catmullrom"
						},
						"0.4": {
							"post": [0, 0, 0],
							"lerp_mode": "catmullrom"
						}
					}
				}
			}
		},
		"walk_aiming": {
			"loop": true,
			"animation_length": 1,
			"bones": {
				"root": {
					"rotation": {
						"0.0": {
							"post": [0, 1, 5],
							"lerp_mode": "catmullrom"
						},
						"0.1": {
							"post": [-0.5, 0.87, 3.5],
							"lerp_mode": "catmullrom"
						},
						"0.15": {
							"post": [-0.87, 0.5, 2.4],
							"lerp_mode": "catmullrom"
						},
						"0.25": {
							"post": [-1, 0, 2],
							"lerp_mode": "catmullrom"
						},
						"0.35": {
							"post": [-0.87, -0.5, 2.4],
							"lerp_mode": "catmullrom"
						},
						"0.4": {
							"post": [-0.5, -0.87, 3.5],
							"lerp_mode": "catmullrom"
						},
						"0.5": {
							"post": [0, -1, 5],
							"lerp_mode": "catmullrom"
						},
						"0.6": {
							"post": [0.5, -0.87, 6.5],
							"lerp_mode": "catmullrom"
						},
						"0.65": {
							"post": [0.87, -0.5, 7.6],
							"lerp_mode": "catmullrom"
						},
						"0.75": {
							"post": [1, 0, 8],
							"lerp_mode": "catmullrom"
						},
						"0.85": {
							"post": [0.87, 0.5, 7.6],
							"lerp_mode": "catmullrom"
						},
						"0.9": {
							"post": [0.5, 0.87, 6.5],
							"lerp_mode": "catmullrom"
						},
						"1.0": {
							"post": [0, 1, 5],
							"lerp_mode": "catmullrom"
						}
					},
					"position": {
						"0.0": {
							"post": [0, 0, 0],
							"lerp_mode": "catmullrom"
						},
						"0.1": {
							"post": [0.25, 0.22, -0.25],
							"lerp_mode": "catmullrom"
						},
						"0.15": {
							"post": [0.43, 0.22, -0.43],
							"lerp_mode": "catmullrom"
						},
						"0.25": {
							"post": [0.5, 0, -0.5],
							"lerp_mode": "catmullrom"
						},
						"0.35": {
							"post": [0.43, -0.22, -0.43],
							"lerp_mode": "catmullrom"
						},
						"0.4": {
							"post": [0.25, -0.22, -0.25],
							"lerp_mode": "catmullrom"
						},
						"0.5": {
							"post": [0, 0, 0],
							"lerp_mode": "catmullrom"
						},
						"0.6": {
							"post": [-0.25, 0.22, 0.25],
							"lerp_mode": "catmullrom"
						},
						"0.65": {
							"post": [-0.43, 0.22, 0.43],
							"lerp_mode": "catmullrom"
						},
						"0.75": {
							"post": [-0.5, 0, 0.5],
							"lerp_mode": "catmullrom"
						},
						"0.85": {
							"post": [-0.43, -0.22, 0.43],
							"lerp_mode": "catmullrom"
						},
						"0.9": {
							"post": [-0.25, -0.22, 0.25],
							"lerp_mode": "catmullrom"
						},
						"1.0": {
							"post": [0, 0, 0],
							"lerp_mode": "catmullrom"
						}
					}
				},
				"constraint": {
					"rotation": [0.1, 0.1, 0.1],
					"position": [0.1, 0.1, 0.1]
				}
			}
		},
		"walk_forward": {
			"loop": true,
			"animation_length": 1,
			"bones": {
				"root": {
					"rotation": {
						"0.0": [0.20883, -0.70655, 6.67326],
						"0.05": [0.52001, -0.66698, 5.98049],
						"0.1": [0.75051, -0.55959, 5.35722],
						"0.15": [1.18847, -0.40132, 5.29551],
						"0.2": [1.11932, -0.20914, 4.18501],
						"0.25": [0.94644, 0, 2.67386],
						"0.3": [0.70441, 0.20914, 1.57773],
						"0.35": [0.50848, 0.40132, 1.11252],
						"0.4": [-0.02168, 0.55959, 0.98166],
						"0.45": [-0.26371, 0.66698, 1.1647],
						"0.5": [-0.42507, 0.70655, 1.6134],
						"0.55": [-0.48269, 0.66698, 2.36379],
						"0.6": [-0.49422, 0.55959, 3.40196],
						"0.65": [-0.42507, 0.40132, 5.50364],
						"0.7": [-0.39049, 0.20914, 6.46432],
						"0.75": [-0.37896, 0, 7.27243],
						"0.8": [-0.48269, -0.20914, 7.9767],
						"0.85": [-0.62099, -0.40132, 8.31512],
						"0.9": [-0.39049, -0.55959, 7.83515],
						"0.95": [-0.11389, -0.66698, 7.31788],
						"1.0": [0.20883, -0.70655, 6.67326]
					},
					"position": {
						"0.0": [0.82636, -0.20014, 0.62986],
						"0.05": [0.76339, -0.3418, 0.61412],
						"0.1": [0.70044, -0.51494, 0.59837],
						"0.15": [0.55877, -0.82974, 0.59837],
						"0.2": [0.44859, -1.01862, 0.70856],
						"0.25": [0.33841, -1.16028, 0.83448],
						"0.3": [0.18101, -1.19177, 0.97613],
						"0.35": [0.00786, -1.11306, 1.08633],
						"0.4": [-0.18617, -0.94312, 1.33816],
						"0.45": [-0.50959, -0.75843, 1.41686],
						"0.5": [-0.62173, -0.60938, 1.4326],
						"0.55": [-0.55877, -0.65659, 1.38537],
						"0.6": [-0.43286, -0.75104, 1.30667],
						"0.65": [-0.05509, -1.01862, 1.0391],
						"0.7": [0.13379, -1.11306, 0.89743],
						"0.75": [0.27545, -1.14454, 0.78727],
						"0.8": [0.43286, -0.97139, 0.51968],
						"0.85": [0.54303, -0.65659, 0.26783],
						"0.9": [0.77913, -0.15291, 0.3308],
						"0.95": [0.8421, -0.1057, 0.59837],
						"1.0": [0.82636, -0.20014, 0.62986]
					}
				}
			}
		},
		"walk_sideway": {
			"loop": true,
			"animation_length": 1,
			"bones": {
				"root": {
					"rotation": {
						"0.0": [0.14, -1.72, 6.06],
						"0.05": [0.41, -1.79, 5.75],
						"0.1": [0.61, -1.86, 5.57],
						"0.15": [0.99, -2.23, 6.05],
						"0.2": [0.93, -1.94, 5.35],
						"0.25": [0.78, -1.5, 4.32],
						"0.3": [0.57, -1.21, 3.52],
						"0.35": [0.4, -1.2, 3.25],
						"0.4": [-0.06, -1.4, 2.93],
						"0.45": [-0.27, -1.5, 2.95],
						"0.5": [-0.41, -1.54, 3.13],
						"0.55": [-0.46, -1.52, 3.49],
						"0.6": [-0.47, -1.45, 4.03],
						"0.65": [-0.41, -1.28, 5.32],
						"0.7": [-0.38, -1.22, 5.89],
						"0.75": [-0.37, -1.19, 6.31],
						"0.8": [-0.46, -1.25, 6.77],
						"0.85": [-0.58, -1.38, 6.93],
						"0.9": [-0.38, -1.58, 6.72],
						"0.95": [-0.14, -1.65, 6.41],
						"1.0": [0.14, -1.72, 6.06]
					},
					"position": {
						"0.0": [1.15, -0.24, -0.51],
						"0.05": [1.11, -0.33, -0.52],
						"0.1": [1.07, -0.44, -0.53],
						"0.15": [0.98, -0.64, -0.53],
						"0.2": [0.91, -0.76, -0.46],
						"0.25": [0.84, -0.85, -0.38],
						"0.3": [0.74, -0.87, -0.29],
						"0.35": [0.63, -0.82, -0.22],
						"0.4": [0.37, -0.63, -0.06],
						"0.45": [0.27, -0.54, -0.01],
						"0.5": [0.23, -0.5, 0],
						"0.55": [0.27, -0.53, -0.03],
						"0.6": [0.35, -0.59, -0.08],
						"0.65": [0.59, -0.76, -0.25],
						"0.7": [0.71, -0.82, -0.34],
						"0.75": [0.8, -0.84, -0.41],
						"0.8": [0.9, -0.73, -0.58],
						"0.85": [0.97, -0.53, -0.74],
						"0.9": [1.12, -0.21, -0.7],
						"0.95": [1.16, -0.18, -0.53],
						"1.0": [1.15, -0.24, -0.51]
					}
				}
			}
		},
		"walk_backward": {
			"loop": true,
			"animation_length": 1,
			"bones": {
				"root": {
					"rotation": {
						"0.0": {
							"post": [0, -1, -1],
							"lerp_mode": "catmullrom"
						},
						"0.1": {
							"post": [-0.71, -1.29, -3.12],
							"lerp_mode": "catmullrom"
						},
						"0.15": {
							"post": [-0.92, -1.65, -3.76],
							"lerp_mode": "catmullrom"
						},
						"0.25": {
							"post": [-1, -2, -4],
							"lerp_mode": "catmullrom"
						},
						"0.35": {
							"post": [-0.94, -2.34, -3.81],
							"lerp_mode": "catmullrom"
						},
						"0.4": {
							"post": [-0.5, -2.87, -2.5],
							"lerp_mode": "catmullrom"
						},
						"0.5": {
							"post": [0, -3, -1],
							"lerp_mode": "catmullrom"
						},
						"0.6": {
							"post": [0.5, -2.87, 0.5],
							"lerp_mode": "catmullrom"
						},
						"0.65": {
							"post": [0.87, -2.5, 1.6],
							"lerp_mode": "catmullrom"
						},
						"0.75": {
							"post": [1, -2, 2],
							"lerp_mode": "catmullrom"
						},
						"0.85": {
							"post": [0.87, -1.5, 1.6],
							"lerp_mode": "catmullrom"
						},
						"0.9": {
							"post": [0.5, -1.13, 0.5],
							"lerp_mode": "catmullrom"
						},
						"1.0": {
							"post": [0, -1, -1],
							"lerp_mode": "catmullrom"
						}
					},
					"position": {
						"0.0": {
							"post": [-0.3, -0.35, 0.65],
							"lerp_mode": "catmullrom"
						},
						"0.1": {
							"post": [-0.65, -0.1, 1],
							"lerp_mode": "catmullrom"
						},
						"0.15": {
							"post": [-0.76, -0.19, 1.11],
							"lerp_mode": "catmullrom"
						},
						"0.25": {
							"post": [-0.8, -0.35, 1.15],
							"lerp_mode": "catmullrom"
						},
						"0.35": {
							"post": [-0.77, -0.51, 1.12],
							"lerp_mode": "catmullrom"
						},
						"0.4": {
							"post": [-0.55, -0.57, 0.9],
							"lerp_mode": "catmullrom"
						},
						"0.5": {
							"post": [-0.3, -0.35, 0.65],
							"lerp_mode": "catmullrom"
						},
						"0.6": {
							"post": [-0.05, -0.13, 0.4],
							"lerp_mode": "catmullrom"
						},
						"0.65": {
							"post": [0.13, -0.13, 0.22],
							"lerp_mode": "catmullrom"
						},
						"0.75": {
							"post": [0.2, -0.35, 0.15],
							"lerp_mode": "catmullrom"
						},
						"0.85": {
							"post": [0.13, -0.57, 0.22],
							"lerp_mode": "catmullrom"
						},
						"0.9": {
							"post": [-0.05, -0.57, 0.4],
							"lerp_mode": "catmullrom"
						},
						"1.0": {
							"post": [-0.3, -0.35, 0.65],
							"lerp_mode": "catmullrom"
						}
					}
				}
			}
		},
		"draw": {
			"animation_length": 0.7,
			"bones": {
				"root": {
					"rotation": {
						"0.0": [0.81, -32.64, 33.95],
						"0.0333": [0.41, -30.53, 32.03],
						"0.0667": [-0.2, -27.56, 29.28],
						"0.1": [-0.85, -24.08, 26.12],
						"0.1333": [-1.39, -20.46, 22.92],
						"0.1667": [-1.65, -17.06, 20.1],
						"0.2": [-1.47, -12.69, 17.07],
						"0.2333": [-0.93, -8.04, 14.24],
						"0.2667": [-0.31, -3.86, 11.52],
						"0.3": [0.1, -0.92, 8.88],
						"0.3333": [0.22, 0.14, 6.64],
						"0.3667": [0.24, 0.31, 4.3],
						"0.4": [0.2, -0.02, 2.09],
						"0.4333": [0.14, -0.46, 0.25],
						"0.4667": [0.11, -0.62, -0.98],
						"0.5": [0.07, -0.33, -1.34],
						"0.5333": [0.03, 0.03, -0.45],
						"0.5667": [-0.01, 0.27, 0.27],
						"0.6": [-0.02, 0.27, 0.3],
						"0.6333": [-0.01, 0.19, 0.21],
						"0.6667": [0, 0.07, 0.08],
						"0.7": [0, 0, 0]
					},
					"position": {
						"0.0": [-3.18, -5.58, 24],
						"0.0333": [-2.87, -5.17, 21.3],
						"0.0667": [-2.43, -4.59, 17.38],
						"0.1": [-1.92, -3.92, 12.96],
						"0.1333": [-1.44, -3.26, 8.8],
						"0.1667": [-1.07, -2.71, 5.61],
						"0.2": [-0.68, -1.99, 2.44],
						"0.2333": [-0.43, -1.4, 0.64],
						"0.2667": [-0.25, -0.94, -0.49],
						"0.3": [-0.12, -0.67, -0.97],
						"0.3333": [-0.06, -0.54, -0.77],
						"0.3667": [-0.03, -0.45, -0.5],
						"0.4": [-0.01, -0.38, -0.3],
						"0.4333": [-0.02, -0.34, -0.02],
						"0.4667": [-0.03, -0.3, 0.16],
						"0.5": [-0.02, -0.21, 0.14],
						"0.5333": [-0.02, -0.12, 0.02],
						"0.5667": [-0.01, -0.05, -0.06],
						"0.6": [-0.01, -0.02, -0.06],
						"0.6333": [0, -0.01, -0.03],
						"0.6667": [0, 0, 0]
					}
				},
				"camera": {
					"rotation": {
						"0.0": {
							"post": [0, 0, 0],
							"lerp_mode": "catmullrom"
						},
						"0.1": {
							"post": [0.11, 0.06, 0.13],
							"lerp_mode": "catmullrom"
						},
						"0.2": {
							"post": [0.76303, 0.21614, 0.52935],
							"lerp_mode": "catmullrom"
						},
						"0.3": {
							"post": [1.025, 0.19, 0.345],
							"lerp_mode": "catmullrom"
						},
						"0.4": {
							"post": [0.475, 0, -0.175],
							"lerp_mode": "catmullrom"
						},
						"0.4667": {
							"post": [0.17, -0.01, 0.19],
							"lerp_mode": "catmullrom"
						},
						"0.5": {
							"post": [-0.175, -0.01, 0.09],
							"lerp_mode": "catmullrom"
						},
						"0.6": {
							"post": [0, 0, -0.05],
							"lerp_mode": "catmullrom"
						},
						"0.7": {
							"post": [0, 0, 0],
							"lerp_mode": "catmullrom"
						}
					}
				},
				"constraint": {
					"rotation": {
						"0.0": [1, 1, 1],
						"0.3": [0.2, 0.2, 0.2]
					},
					"position": {
						"0.0": [1, 1, 1],
						"0.3": [0.1, 0.1, 0.1]
					}
				}
			}
		},
		"put_away": {
			"loop": "hold_on_last_frame",
			"animation_length": 0.46667,
			"bones": {
				"root": {
					"rotation": {
						"0.0": [0, 0, 0],
						"0.0333": [-0.47, -1.28, -1.35],
						"0.0667": [-0.64, -3.66, -2.19],
						"0.1": [0.26, -7.55, -0.77],
						"0.1333": [1.8, -12.38, 1.96],
						"0.1667": [3.1, -15.6, 4.35],
						"0.2": [4.61, -19.11, 7.2],
						"0.2333": [6.24, -23.59, 10.25],
						"0.2667": [8.04, -29.69, 13.62],
						"0.3": [9.94, -36.77, 17.19],
						"0.3333": [11.64, -43.66, 20.29],
						"0.3667": [13.08, -50.6, 22.78],
						"0.4": [14.32, -57.35, 24.8],
						"0.4333": [15.16, -62.05, 26.17]
					},
					"position": {
						"0.0": [0, 0, 0],
						"0.0333": [-0.21, -0.18, 0.14],
						"0.0667": [-0.45, -0.49, 0.28],
						"0.1": [-0.59, -0.99, 0.33],
						"0.1333": [-0.67, -1.47, 0.34],
						"0.1667": [-0.67, -1.81, 0.28],
						"0.2": [-0.64, -2.11, 0.19],
						"0.2333": [-0.43, -2.62, 0.06],
						"0.2667": [-0.13, -3.2, -0.07],
						"0.3": [0.29, -3.91, -0.23],
						"0.3333": [0.92, -4.65, -0.33],
						"0.3667": [1.67, -5.25, -0.37],
						"0.4": [2.61, -5.91, -0.37],
						"0.4333": [3.51, -6.51, -0.36],
						"0.4667": [4.13, -6.92, -0.35]
					}
				},
				"camera": {
					"rotation": {
						"0.0": {
							"post": [0, 0, 0],
							"lerp_mode": "catmullrom"
						},
						"0.1333": {
							"post": [0.3, 0, -0.125],
							"lerp_mode": "catmullrom"
						},
						"0.2333": {
							"post": [0.64, 0, 0.3],
							"lerp_mode": "catmullrom"
						},
						"0.3667": {
							"post": [0.5, 0, 0.15],
							"lerp_mode": "catmullrom"
						},
						"0.5333": {
							"post": [0, 0, 0],
							"lerp_mode": "catmullrom"
						}
					}
				},
				"constraint": {
					"rotation": {
						"0.0": [0.2, 0.2, 0.2],
						"0.3333": [1, 1, 1]
					},
					"position": {
						"0.0": [0.1, 0.1, 0.1],
						"0.3333": [1, 1, 1]
					}
				}
			}
		},
		"ADS_up": {
			"animation_length": 0.63333,
			"bones": {
				"root": {
					"rotation": {
						"0.0": [0, 0, 0],
						"0.0333": [-0.01, -0.01, 0.64],
						"0.0667": [-0.02, -0.03, 1.61],
						"0.1": [-0.04, -0.05, 2.75],
						"0.1333": [-0.05, -0.08, 3.91],
						"0.1667": [-0.07, -0.1, 4.94],
						"0.2": [-0.08, -0.11, 5.67],
						"0.2333": [-0.09, -0.12, 5.96],
						"0.2667": [-0.09, -0.11, 5.7],
						"0.3": [-0.08, -0.1, 5.01],
						"0.3333": [-0.07, -0.08, 4.02],
						"0.3667": [-0.06, -0.06, 2.9],
						"0.4": [-0.05, -0.04, 1.79],
						"0.4333": [-0.05, -0.02, 0.84],
						"0.4667": [-0.04, -0.01, 0.21],
						"0.5": [-0.04, 0, 0.08],
						"0.5333": [-0.03, 0, 0.07],
						"0.5667": [-0.02, 0, 0.06],
						"0.6": [-0.01, 0, 0.03],
						"0.6333": [0, 0, 0]
					},
					"position": {
						"0.0": [0, 0, 0],
						"0.0333": [0.02, -0.02, -0.07],
						"0.0667": [0.04, -0.04, -0.18],
						"0.1": [0.07, -0.07, -0.3],
						"0.1333": [0.1, -0.11, -0.43],
						"0.1667": [0.13, -0.14, -0.55],
						"0.2": [0.15, -0.16, -0.66],
						"0.2333": [0.18, -0.17, -0.72],
						"0.2667": [0.21, -0.18, -0.78],
						"0.3": [0.24, -0.17, -0.77],
						"0.3333": [0.26, -0.15, -0.73],
						"0.3667": [0.28, -0.12, -0.67],
						"0.4": [0.24, -0.08, -0.49],
						"0.4333": [0.19, -0.04, -0.28],
						"0.4667": [0.14, 0, -0.11],
						"0.5": [0, 0, 0],
						"0.5333": [0, 0, 0],
						"0.5667": [0, 0, 0],
						"0.6": [0, 0, 0]
					}
				}
			}
		},
		"ADS_down": {
			"animation_length": 0.6,
			"bones": {
				"root": {
					"rotation": {
						"0.0": [0, 0, 0],
						"0.0333": [0, -0.04, 0.26],
						"0.0667": [-0.01, -0.11, 0.66],
						"0.1": [-0.01, -0.19, 1.11],
						"0.1333": [-0.01, -0.26, 1.53],
						"0.1667": [-0.02, -0.32, 1.84],
						"0.2": [-0.02, -0.34, 1.96],
						"0.2333": [-0.02, -0.34, 1.86],
						"0.2667": [-0.02, -0.32, 1.61],
						"0.3": [-0.02, -0.29, 1.25],
						"0.3333": [-0.01, -0.25, 0.85],
						"0.3667": [-0.01, -0.2, 0.46],
						"0.4": [-0.01, -0.17, 0.14],
						"0.4333": [-0.01, -0.14, -0.07],
						"0.4667": [-0.01, -0.11, -0.09],
						"0.5": [-0.01, -0.08, 0.13],
						"0.5333": [-0.01, -0.06, 0.11],
						"0.5667": [0, -0.02, 0.05],
						"0.6": [0, 0, 0]
					},
					"position": {
						"0.0": [0, 0, 0],
						"0.0333": [0, -0.03, -0.06],
						"0.0667": [0, -0.07, -0.14],
						"0.1": [0, -0.13, -0.24],
						"0.1333": [0, -0.18, -0.33],
						"0.1667": [0, -0.22, -0.42],
						"0.2": [0, -0.25, -0.47],
						"0.2333": [0, -0.26, -0.51],
						"0.2667": [-0.01, -0.27, -0.54],
						"0.3": [-0.01, -0.27, -0.55],
						"0.3333": [-0.02, -0.26, -0.55],
						"0.3667": [-0.03, -0.25, -0.53],
						"0.4": [-0.03, -0.23, -0.5],
						"0.4333": [-0.04, -0.18, -0.38],
						"0.4667": [-0.04, -0.11, -0.2],
						"0.5": [-0.04, -0.06, -0.06],
						"0.5333": [-0.02, -0.02, 0],
						"0.5667": [-0.01, -0.01, 0],
						"0.6": [0, 0, 0]
					}
				}
			},
			"particle_effects": {}
		},
		"melee_bayonet_1": {
			"animation_length": 0.8,
			"bones": {
				"root": {
					"rotation": {
						"0.0": {
							"post": [0, 0, 0],
							"lerp_mode": "catmullrom"
						},
						"0.0667": {
							"post": [-0.91946, -0.68416, 4.52785],
							"lerp_mode": "catmullrom"
						},
						"0.1667": {
							"post": [-0.58211, -4.60393, 30.44834],
							"lerp_mode": "catmullrom"
						},
						"0.2333": {
							"post": [-0.84898, -3.10249, 31.61935],
							"lerp_mode": "catmullrom"
						},
						"0.3667": {
							"post": [0.20024, -1.98812, 22.79719],
							"lerp_mode": "catmullrom"
						},
						"0.4667": {
							"post": [1.49985, -0.01745, 13.09985],
							"lerp_mode": "catmullrom"
						},
						"0.6": {
							"post": [0, -0.375, 4.5],
							"lerp_mode": "catmullrom"
						},
						"0.6667": {
							"post": [-0.09, -0.35, -0.46875],
							"lerp_mode": "catmullrom"
						},
						"0.8": {
							"post": [0.01309, -0.25017, -0.42511],
							"lerp_mode": "catmullrom"
						}
					},
					"position": {
						"0.0": {
							"post": [0, 0, 0],
							"lerp_mode": "catmullrom"
						},
						"0.0667": {
							"post": [-2.11, -1.63, 1.31],
							"lerp_mode": "catmullrom"
						},
						"0.1667": {
							"post": [-1.675, -0.95, -7.675],
							"lerp_mode": "catmullrom"
						},
						"0.2333": {
							"post": [-1.02, -0.775, -4.52],
							"lerp_mode": "catmullrom"
						},
						"0.3667": {
							"post": [-0.21, -1.08, -2.375],
							"lerp_mode": "catmullrom"
						},
						"0.4667": {
							"post": [0, -0.25, -0.025],
							"lerp_mode": "catmullrom"
						},
						"0.6": {
							"post": [0, 0, 0.525],
							"lerp_mode": "catmullrom"
						},
						"0.7667": {
							"post": [0, 0, -0.1],
							"lerp_mode": "catmullrom"
						}
					}
				},
				"camera": {
					"rotation": {
						"0.0": {
							"post": [0, 0, 0],
							"lerp_mode": "catmullrom"
						},
						"0.0667": {
							"post": [-0.325, -0.2, -0.4],
							"lerp_mode": "catmullrom"
						},
						"0.2": {
							"post": [0.455, -0.175, 0.7],
							"lerp_mode": "catmullrom"
						},
						"0.3333": {
							"post": [-0.195, 0.075, -0.45],
							"lerp_mode": "catmullrom"
						},
						"0.4667": {
							"post": [0.185, 0.175, 0.15],
							"lerp_mode": "catmullrom"
						},
						"0.7333": {
							"post": [0, 0, 0],
							"lerp_mode": "catmullrom"
						}
					}
				}
			}
		},
		"melee_bayonet_2": {
			"animation_length": 1,
			"bones": {
				"root": {
					"rotation": {
						"0.0": {
							"post": [0, 0, 0],
							"lerp_mode": "catmullrom"
						},
						"0.0333": {
							"post": [-11.62112, 5.02424, -30.90973],
							"lerp_mode": "catmullrom"
						},
						"0.1": {
							"post": [-57.27994, -10.05463, -44.72562],
							"lerp_mode": "catmullrom"
						},
						"0.2": {
							"post": [19.58234, -16.27556, -47.51332],
							"lerp_mode": "catmullrom"
						},
						"0.2667": {
							"post": [36.70734, -16.27556, -47.51332],
							"lerp_mode": "catmullrom"
						},
						"0.3667": {
							"post": [17.56, -7.03, -21.31],
							"lerp_mode": "catmullrom"
						},
						"0.5": {
							"post": [1.79245, -1.48948, -8.54986],
							"lerp_mode": "catmullrom"
						},
						"0.5667": {
							"post": [-0.1031, -0.3951, -1.47738],
							"lerp_mode": "catmullrom"
						},
						"0.6333": {
							"post": [1, 0, -1],
							"lerp_mode": "catmullrom"
						},
						"0.8": {
							"post": [0, 0, 0.75],
							"lerp_mode": "catmullrom"
						},
						"1.0": {
							"post": [0, 0, 0],
							"lerp_mode": "catmullrom"
						}
					},
					"position": {
						"0.0": {
							"post": [0, 0, 0],
							"lerp_mode": "catmullrom"
						},
						"0.0333": {
							"post": [-1.95, -1.4, -0.6],
							"lerp_mode": "catmullrom"
						},
						"0.1": {
							"post": [-5.575, 2.22, -1.675],
							"lerp_mode": "catmullrom"
						},
						"0.2": {
							"post": [23.925, -18.33, -3.22],
							"lerp_mode": "catmullrom"
						},
						"0.3667": {
							"post": [4.46, -12.935, -2.91],
							"lerp_mode": "catmullrom"
						},
						"0.5": {
							"post": [0.475, -1.575, -2.675],
							"lerp_mode": "catmullrom"
						},
						"0.6333": {
							"post": [0, -0.05625, 0.325],
							"lerp_mode": "catmullrom"
						},
						"0.8": {
							"post": [0, -0.04375, -0.125],
							"lerp_mode": "catmullrom"
						},
						"1.0": {
							"post": [0, 0, 0],
							"lerp_mode": "catmullrom"
						}
					}
				},
				"camera": {
					"rotation": {
						"0.0": {
							"post": [0, 0, 0],
							"lerp_mode": "catmullrom"
						},
						"0.0667": {
							"post": [0.4, 0.875, -0.55],
							"lerp_mode": "catmullrom"
						},
						"0.2": {
							"post": [-0.9, -0.725, 1.075],
							"lerp_mode": "catmullrom"
						},
						"0.3333": {
							"post": [0.5, -0.6, -0.6],
							"lerp_mode": "catmullrom"
						},
						"0.5333": {
							"post": [-0.2, -0.175, 0.225],
							"lerp_mode": "catmullrom"
						},
						"0.7": {
							"post": [0.05, -0.025, -0.1],
							"lerp_mode": "catmullrom"
						},
						"0.8333": {
							"post": [-0.075, 0, 0.075],
							"lerp_mode": "catmullrom"
						},
						"1.0": {
							"post": [0, 0, 0],
							"lerp_mode": "catmullrom"
						}
					}
				}
			}
		},
		"melee_bayonet_3": {
			"animation_length": 1,
			"bones": {
				"root": {
					"rotation": {
						"0.0": {
							"post": [0, 0, 0],
							"lerp_mode": "catmullrom"
						},
						"0.0667": {
							"post": [-61.48612, -19.69264, 37.07004],
							"lerp_mode": "catmullrom"
						},
						"0.1": {
							"post": [-87.55956, -19.67553, 59.00335],
							"lerp_mode": "catmullrom"
						},
						"0.1667": {
							"post": [-42.24745, 1.27374, 57.11302],
							"lerp_mode": "catmullrom"
						},
						"0.2333": {
							"post": [-10.42341, -0.24334, 66.26144],
							"lerp_mode": "catmullrom"
						},
						"0.3": {
							"post": [-9.485, -3.07, 27.74],
							"lerp_mode": "catmullrom"
						},
						"0.4667": {
							"post": [0, 1.1375, 16.8],
							"lerp_mode": "catmullrom"
						},
						"0.6": {
							"post": [1.53542, 0.33037, -2.99222],
							"lerp_mode": "catmullrom"
						},
						"0.7": {
							"post": [0.7736, 0.13492, 0.75369],
							"lerp_mode": "catmullrom"
						},
						"0.7667": {
							"post": [0, 0, -0.5],
							"lerp_mode": "catmullrom"
						},
						"0.8667": {
							"post": [0, 0, 0.3],
							"lerp_mode": "catmullrom"
						},
						"1.0": {
							"post": [0, 0, 0],
							"lerp_mode": "catmullrom"
						}
					},
					"position": {
						"0.0": {
							"post": [0, 0, 0],
							"lerp_mode": "catmullrom"
						},
						"0.0667": {
							"post": [8.875, 3.375, -2.5],
							"lerp_mode": "catmullrom"
						},
						"0.1": {
							"post": [10.055, 5.305, -3.875],
							"lerp_mode": "catmullrom"
						},
						"0.1667": {
							"post": [-4.04, -2.85, -3.87],
							"lerp_mode": "catmullrom"
						},
						"0.2333": {
							"post": [-35.79625, -22.66875, -3.87],
							"lerp_mode": "catmullrom"
						},
						"0.3": {
							"post": [-29.69125, -26.55, 3.345],
							"lerp_mode": "catmullrom"
						},
						"0.3667": {
							"post": [-10.485, -19.105, -1.13],
							"lerp_mode": "catmullrom"
						},
						"0.4667": {
							"post": [-2.75625, -3.95, -5.85],
							"lerp_mode": "catmullrom"
						},
						"0.6": [0, -0.29375, -0.55],
						"0.7": [0, 0, 0.4375],
						"0.8": {
							"pre": [0, 0, -0.3875],
							"post": [0, 0, -0.3875],
							"lerp_mode": "catmullrom"
						},
						"1.0": {
							"post": [0, 0, 0],
							"lerp_mode": "catmullrom"
						}
					}
				},
				"camera": {
					"rotation": {
						"0.0": {
							"post": [0, 0, 0],
							"lerp_mode": "catmullrom"
						},
						"0.0667": {
							"post": [-0.9, -0.475, 0.5],
							"lerp_mode": "catmullrom"
						},
						"0.1667": {
							"post": [-1.275, -0.45, 0.75],
							"lerp_mode": "catmullrom"
						},
						"0.2333": {
							"post": [1.23, 0.575, -1.025],
							"lerp_mode": "catmullrom"
						},
						"0.3": {
							"post": [1.03625, 0.85, 1.15],
							"lerp_mode": "catmullrom"
						},
						"0.4333": {
							"post": [-0.5175, 0.025, -0.425],
							"lerp_mode": "catmullrom"
						},
						"0.5667": {
							"post": [0.1, -0.15, 0.2],
							"lerp_mode": "catmullrom"
						},
						"0.7": {
							"post": [-0.0375, 0.025, -0.15],
							"lerp_mode": "catmullrom"
						},
						"0.8333": {
							"post": [-0.1, 0, 0.025],
							"lerp_mode": "catmullrom"
						},
						"1.0": {
							"post": [0, 0, 0],
							"lerp_mode": "catmullrom"
						}
					}
				}
			}
		},
		"melee_push": {
			"animation_length": 0.7083,
			"bones": {
				"root": {
					"rotation": {
						"0.0": {
							"post": [0, 0, 0],
							"lerp_mode": "catmullrom"
						},
						"0.0417": {
							"post": [-16.97003, -2.76041, 45.32806],
							"lerp_mode": "catmullrom"
						},
						"0.0833": [-68.37003, -2.76041, 71.32806],
						"0.125": {
							"pre": [-95.82022, -2.96281, 78.33389],
							"post": [-95.82022, -2.96281, 78.33389],
							"lerp_mode": "catmullrom"
						},
						"0.1458": {
							"post": [-94.24522, -6.23781, 81.53389],
							"lerp_mode": "catmullrom"
						},
						"0.1875": {
							"post": [-95.82022, -2.96281, 80.00889],
							"lerp_mode": "catmullrom"
						},
						"0.2292": {
							"post": [-95.49522, -3.78781, 80.00889],
							"lerp_mode": "catmullrom"
						},
						"0.2708": {
							"post": [-94.99522, -3.78781, 80.00889],
							"lerp_mode": "catmullrom"
						},
						"0.3125": {
							"post": [-80.39522, -3.78781, 75.90889],
							"lerp_mode": "catmullrom"
						},
						"0.4583": {
							"post": [-11.13679, -3.02335, 36.72959],
							"lerp_mode": "catmullrom"
						},
						"0.5417": {
							"post": [-1.07062, 1.22619, 0.89945],
							"lerp_mode": "catmullrom"
						},
						"0.5625": {
							"post": [0.27023, 0.30257, -0.60029],
							"lerp_mode": "catmullrom"
						},
						"0.6042": {
							"post": [0.2151, -0.25061, 0],
							"lerp_mode": "catmullrom"
						},
						"0.6458": [-0.175, 0.1, 0.25],
						"0.6875": [0, 0.25, 0],
						"0.7083": [0, 0, 0]
					},
					"position": {
						"0.0": {
							"post": [0, 0, 0],
							"lerp_mode": "catmullrom"
						},
						"0.0417": {
							"post": [-0.3, 0.6, -2.2],
							"lerp_mode": "catmullrom"
						},
						"0.0833": [-0.3, 0.6, 1.9],
						"0.125": {
							"pre": [-0.3, 1.2, -11.65],
							"post": [-0.3, 1.2, -11.65],
							"lerp_mode": "catmullrom"
						},
						"0.1458": {
							"post": [-0.2, 1.125, -8.6],
							"lerp_mode": "catmullrom"
						},
						"0.1875": {
							"post": [-0.3, 1.2, -8.675],
							"lerp_mode": "catmullrom"
						},
						"0.2292": [-0.25, 1.175, -8.6],
						"0.2708": [-0.25, 1.175, -8.6],
						"0.3125": {
							"pre": [-0.25, 1.175, -8.6],
							"post": [-0.25, 1.175, -8.6],
							"lerp_mode": "catmullrom"
						},
						"0.4583": {
							"post": [-0.25, 1.2, -2.975],
							"lerp_mode": "catmullrom"
						},
						"0.5417": {
							"post": [0.075, -0.075, -0.4],
							"lerp_mode": "catmullrom"
						},
						"0.5625": {
							"post": [0.15, -0.025, 0],
							"lerp_mode": "catmullrom"
						},
						"0.6042": {
							"post": [-0.025, -0.025, 0],
							"lerp_mode": "catmullrom"
						},
						"0.6458": [0, 0, 0],
						"0.6875": [0, 0, 0],
						"0.7083": [0, 0, 0]
					}
				},
				"camera": {
					"rotation": {
						"0.0": {
							"post": [0, 0, 0],
							"lerp_mode": "catmullrom"
						},
						"0.0417": {
							"post": [-1, 0.5, -1],
							"lerp_mode": "catmullrom"
						},
						"0.0833": {
							"post": [-0.5, -0.5, -0.5],
							"lerp_mode": "catmullrom"
						},
						"0.1458": {
							"post": [-0.5, 0.2, -0.5],
							"lerp_mode": "catmullrom"
						},
						"0.1875": {
							"post": [1.2, -2.7, 0],
							"lerp_mode": "catmullrom"
						},
						"0.2292": {
							"post": [-0.8, 0.2, -0.8],
							"lerp_mode": "catmullrom"
						},
						"0.2708": {
							"post": [0.6, -0.2, 0.4],
							"lerp_mode": "catmullrom"
						},
						"0.3125": {
							"post": [0, 0, 0],
							"lerp_mode": "catmullrom"
						},
						"0.3958": {
							"post": [0, 0, 0],
							"lerp_mode": "catmullrom"
						},
						"0.4583": {
							"post": [-0.275, 0.75, 0.25],
							"lerp_mode": "catmullrom"
						},
						"0.5208": {
							"post": [-0.6, 0.175, 0.15],
							"lerp_mode": "catmullrom"
						},
						"0.6042": {
							"post": [0.025, -0.025, 0],
							"lerp_mode": "catmullrom"
						},
						"0.625": {
							"post": [-0.025, 0.025, 0],
							"lerp_mode": "catmullrom"
						},
						"0.6667": {
							"post": [0, 0, 0],
							"lerp_mode": "catmullrom"
						},
						"0.6875": {
							"post": [0, 0, 0],
							"lerp_mode": "catmullrom"
						}
					},
					"position": {
						"0.1458": [0, 0, 0],
						"0.1875": {
							"pre": [0, 0, -0.2],
							"post": [0, 0, -0.2],
							"lerp_mode": "catmullrom"
						},
						"0.2292": {
							"post": [0, 0, 0.125],
							"lerp_mode": "catmullrom"
						},
						"0.2708": {
							"post": [0, 0, 0],
							"lerp_mode": "catmullrom"
						}
					}
				}
			}
		},
		"melee_stock": {
			"animation_length": 0.7083,
			"bones": {
				"camera": {
					"rotation": {
						"0.0": {
							"post": [0, 0, 0],
							"lerp_mode": "catmullrom"
						},
						"0.0625": {
							"post": [2, 1.5, -3],
							"lerp_mode": "catmullrom"
						},
						"0.125": {
							"post": [-1, -1.5, 3.8],
							"lerp_mode": "catmullrom"
						},
						"0.1667": {
							"post": [0.6, 0.8, -0.45],
							"lerp_mode": "catmullrom"
						},
						"0.1875": {
							"post": [-0.275, -0.275, 0.325],
							"lerp_mode": "catmullrom"
						},
						"0.2083": {
							"post": [0.25, 0, -0.2],
							"lerp_mode": "catmullrom"
						},
						"0.25": {
							"post": [0, 0, 0],
							"lerp_mode": "catmullrom"
						},
						"0.4167": {
							"post": [0, 0, 0],
							"lerp_mode": "catmullrom"
						},
						"0.4792": {
							"post": [0.5, 0, -0.8],
							"lerp_mode": "catmullrom"
						},
						"0.5208": {
							"post": [-0.1, -0.2, 0.1],
							"lerp_mode": "catmullrom"
						},
						"0.5625": {
							"post": [0, 0, 0],
							"lerp_mode": "catmullrom"
						}
					}
				},
				"root": {
					"rotation": {
						"0.0": {
							"post": [0, 0, 0],
							"lerp_mode": "catmullrom"
						},
						"0.0208": {
							"post": [-0.62807, 4.95976, -6.02537],
							"lerp_mode": "catmullrom"
						},
						"0.0625": {
							"post": [-23.00731, -18.15747, 53.72531],
							"lerp_mode": "catmullrom"
						},
						"0.0833": {
							"post": [-142.03231, 4.99253, 72.92531],
							"lerp_mode": "catmullrom"
						},
						"0.125": [-141.98231, -0.90747, 76.72531],
						"0.1667": [-144.60731, -1.15747, 76.72531],
						"0.25": [-144.60731, -1.15747, 76.72531],
						"0.2917": [-134.00445, -1.25948, 63.82049],
						"0.4375": {
							"pre": [-21.22399, -4.89941, 18.91483],
							"post": [-21.22399, -4.89941, 18.91483],
							"lerp_mode": "catmullrom"
						},
						"0.5208": [1.375, 0, 1],
						"0.5625": [-0.175, 0.75, 0.5],
						"0.6042": {
							"pre": [0, -0.25, 0.25],
							"post": [0, -0.25, 0.25],
							"lerp_mode": "catmullrom"
						},
						"0.6667": {
							"post": [0, 0, 0],
							"lerp_mode": "catmullrom"
						},
						"0.7083": {
							"post": [0, 0, 0],
							"lerp_mode": "catmullrom"
						}
					},
					"position": {
						"0.0": {
							"post": [0, 0, 0],
							"lerp_mode": "catmullrom"
						},
						"0.0208": [0, 0, 0.175],
						"0.0625": [0, 0, 1],
						"0.0833": {
							"pre": [3.6, 1.3, -6.1],
							"post": [3.6, 1.3, -6.1],
							"lerp_mode": "catmullrom"
						},
						"0.125": [4.275, 1.4, -7],
						"0.1667": [4, 1.3, -7.1],
						"0.25": [4, 1.3, -7.1],
						"0.2917": [4, 1.3, -7.1],
						"0.4375": {
							"pre": [0.1, -0.4, -1.5],
							"post": [0.1, -0.4, -1.5],
							"lerp_mode": "catmullrom"
						},
						"0.5208": {
							"post": [-0.15, 0, -0.325],
							"lerp_mode": "catmullrom"
						},
						"0.5625": {
							"post": [0.025, -0.075, 0.25],
							"lerp_mode": "catmullrom"
						},
						"0.6042": {
							"post": [-0.025, 0, 0],
							"lerp_mode": "catmullrom"
						},
						"0.6667": {
							"post": [0.025, 0, 0],
							"lerp_mode": "catmullrom"
						},
						"0.7083": {
							"post": [0, 0, 0],
							"lerp_mode": "catmullrom"
						}
					}
				}
			}
		},
		"slide": {
			"animation_length": 0.375,
			"bones": {
				"root": {
					"rotation": {
						"0.0": [0, 0, 0.01],
						"0.125": {
							"pre": [-0.51, 0.67, 7.74],
							"post": [-0.51, 0.67, 7.74],
							"lerp_mode": "catmullrom"
						},
						"0.2917": [1.06, 0.24, 13.77],
						"0.375": [0, 0, 12.94]
					},
					"position": {
						"0.0": [0, 0, 0],
						"0.125": {
							"pre": [-0.595, -0.375, -0.5625],
							"post": [-0.595, -0.375, -0.5625],
							"lerp_mode": "catmullrom"
						},
						"0.1875": [-0.695, -0.6525, -0.7],
						"0.3542": [-0.5, -0.5625, -0.75]
					}
				}
			}
		},
		"slide_idle": {
			"loop": true,
			"bones": {
				"root": {
					"rotation": [0, 0, 12.94],
					"position": [-0.5, -0.5625, -0.75]
				}
			}
		},
		"slide_back": {
			"animation_length": 0.4375,
			"bones": {
				"root": {
					"rotation": {
						"0.0": [0, 0, 12.94],
						"0.0833": {
							"pre": [-2.65, 0.08, 13.6375],
							"post": [-2.65, 0.08, 13.6375],
							"lerp_mode": "catmullrom"
						},
						"0.1875": {
							"post": [-2.75, -3.1875, 5.25],
							"lerp_mode": "catmullrom"
						},
						"0.3333": [0, -0.6575, -1.62],
						"0.4375": [0, 0, 0]
					},
					"position": {
						"0.0": [-0.5, -0.5625, -0.75],
						"0.0833": {
							"pre": [-0.3075, -0.4375, -0.625],
							"post": [-0.3075, -0.4375, -0.625],
							"lerp_mode": "catmullrom"
						},
						"0.1667": {
							"post": [-0.1575, -0.6175, -0.3125],
							"lerp_mode": "catmullrom"
						},
						"0.2917": [0.005, -0.0625, 0.0625],
						"0.375": [0, 0, 0]
					}
				}
			}
		},
		"walk_forward2": {
			"loop": true,
			"animation_length": 1,
			"bones": {
				"root": {
					"rotation": {
						"0.0": [0.14, 0, -0.19],
						"0.05": [0.41, 0, -0.7502],
						"0.1": [0.61, 0, -1.18],
						"0.15": [0.99, 0, -1.07],
						"0.2": [0.93, 0, -1.83495],
						"0.25": [0.78, 0, -2.93],
						"0.3": [0.57, 0, -3.66495],
						"0.35": [0.4, 0, -3.87],
						"0.4": [-0.06, 0, -3.82],
						"0.45": [-0.27, 0, -3.5502],
						"0.5": [-0.41, 0, -3.12],
						"0.55": [-0.46, 0, -2.5098],
						"0.6": [-0.47, 0, -1.72],
						"0.65": [-0.41, 0, -0.06],
						"0.7": [-0.38, 0, 0.57495],
						"0.75": [-0.37, 0, 1.06],
						"0.8": [-0.46, 0, 1.45495],
						"0.85": [-0.58, 0, 1.55],
						"0.9": [-0.38, 0, 0.97],
						"0.95": [-0.14, 0, 0.4102],
						"1.0": [0.14, 0, -0.19]
					},
					"position": {
						"0.0": [0.00156, 0.01, -0.00219],
						"0.05": [-0.03844, -0.08, -0.01219],
						"0.1": [-0.07844, -0.19, -0.02219],
						"0.15": [-0.16844, -0.39, -0.02219],
						"0.2": [-0.23844, -0.51, 0.04781],
						"0.25": [-0.30844, -0.6, 0.12781],
						"0.3": [-0.40844, -0.62, 0.21781],
						"0.35": [-0.51844, -0.57, 0.28781],
						"0.4": [-0.77844, -0.38, 0.44781],
						"0.45": [-0.87844, -0.29, 0.49781],
						"0.5": [-0.91844, -0.25, 0.50781],
						"0.55": [-0.87844, -0.28, 0.47781],
						"0.6": [-0.79844, -0.34, 0.42781],
						"0.65": [-0.55844, -0.51, 0.25781],
						"0.7": [-0.43844, -0.57, 0.16781],
						"0.75": [-0.34844, -0.59, 0.09781],
						"0.8": [-0.24844, -0.48, -0.07219],
						"0.85": [-0.17844, -0.28, -0.23219],
						"0.9": [-0.02844, 0.04, -0.19219],
						"0.95": [0.01156, 0.07, -0.02219],
						"1.0": [0.00156, 0.01, -0.00219]
					}
				}
			}
		}
	}
}