







{

  "model": "daffas_arsenal:ammo/daffas_40mm",
  "texture": "daffas_arsenal:gun/uv/m79",
  "slot": "daffas_arsenal:ammo/slot/daffas_40mm",
  "shell": {
    "model": "daffas_arsenal:shell/daffas_acp45_shell",
    "texture": "daffas_arsenal:ammo/uv/daffas_45"
  },
  "tracer_color": "#FFFFFF",

  "transform": {
    "scale": {
      "thirdperson": [
        0.5,
        0.5,
        0.5
      ],
      "ground": [
        0.5,
        0.5,
        0.5
      ],
      "fixed": [
        1,
        1,
        1
      ]
    }
  }
}
