{
	"format_version": "1.12.0",
	"minecraft:geometry": [
		{
			"description": {
				"identifier": "geometry.scope_standard_8x - Converted",
				"texture_width": 512,
				"texture_height": 512,
				"visible_bounds_width": 30,
				"visible_bounds_height": 12,
				"visible_bounds_offset": [0, 2, 0]
			},
			"bones": [
				{
					"name": "root",
					"pivot": [0, -0.13907, 1.33203]
				},
				{
					"name": "scope",
					"parent": "root",
					"pivot": [0, -0.15631, 1.12376]
				},
				{
					"name": "scope_view",
					"parent": "root",
					"pivot": [0, 1.46443, 9.19299]
				},
				{
					"name": "division",
					"parent": "root",
					"pivot": [0, 1.46154, -79.63026],
					"cubes": [
						{
							"origin": [-21.69521, -20.23367, -116.80553],
							"size": [43.39042, 43.39042, 0.20711],
							"uv": {
								"south": {"uv": [256, 0], "uv_size": [256, 256]}
							}
						},
						{
							"origin": [-74.71644, -57.51422, -116.80553],
							"size": [53.02123, 117.95153, 0.20711],
							"uv": {
								"south": {"uv": [475, 219], "uv_size": [37, 37]}
							}
						},
						{
							"origin": [21.69521, -57.51422, -116.80553],
							"size": [53.02123, 117.95153, 0.20711],
							"uv": {
								"south": {"uv": [512, 219], "uv_size": [-37, 37]}
							}
						},
						{
							"origin": [-21.69521, 23.15674, -116.80553],
							"size": [43.39042, 37.28055, 0.20711],
							"uv": {
								"south": {"uv": [475, 219], "uv_size": [37, 37]}
							}
						},
						{
							"origin": [-21.69521, -57.51422, -116.80553],
							"size": [43.39042, 37.28055, 0.20711],
							"uv": {
								"south": {"uv": [475, 219], "uv_size": [37, 37]}
							}
						},
						{
							"origin": [-1.13138, 1.04731, -116.49484],
							"size": [0.11392, 0.82846, 0],
							"pivot": [0, 1.46154, -116.5984],
							"rotation": [0, 0, -90],
							"uv": {
								"south": {"uv": [294, 15], "uv_size": [1, 1]}
							}
						},
						{
							"origin": [-1.64914, 1.25442, -116.49484],
							"size": [0.11392, 0.41422, 0],
							"pivot": [0, 1.46154, -116.5984],
							"rotation": [0, 0, -90],
							"uv": {
								"south": {"uv": [294, 15], "uv_size": [1, 1]}
							}
						},
						{
							"origin": [-2.16692, 1.04731, -116.49484],
							"size": [0.11392, 0.82846, 0],
							"pivot": [0, 1.46154, -116.5984],
							"rotation": [0, 0, -90],
							"uv": {
								"south": {"uv": [294, 15], "uv_size": [1, 1]}
							}
						},
						{
							"origin": [-2.68471, 1.25442, -116.49484],
							"size": [0.11392, 0.41422, 0],
							"pivot": [0, 1.46154, -116.5984],
							"rotation": [0, 0, -90],
							"uv": {
								"south": {"uv": [294, 15], "uv_size": [1, 1]}
							}
						},
						{
							"origin": [-3.2025, 1.04731, -116.49484],
							"size": [0.11392, 0.82846, 0],
							"pivot": [0, 1.46154, -116.5984],
							"rotation": [0, 0, -90],
							"uv": {
								"south": {"uv": [294, 15], "uv_size": [1, 1]}
							}
						},
						{
							"origin": [-4.23807, 1.04731, -116.49484],
							"size": [0.11392, 0.82846, 0],
							"pivot": [0, 1.46154, -116.5984],
							"rotation": [0, 0, -90],
							"uv": {
								"south": {"uv": [294, 15], "uv_size": [1, 1]}
							}
						},
						{
							"origin": [-3.72027, 1.25442, -116.49484],
							"size": [0.1139, 0.41422, 0],
							"pivot": [0, 1.46154, -116.5984],
							"rotation": [0, 0, -90],
							"uv": {
								"south": {"uv": [294, 15], "uv_size": [1, 1]}
							}
						},
						{
							"origin": [-4.75587, 1.25442, -116.49484],
							"size": [0.11392, 0.41422, 0],
							"pivot": [0, 1.46154, -116.5984],
							"rotation": [0, 0, -90],
							"uv": {
								"south": {"uv": [294, 15], "uv_size": [1, 1]}
							}
						},
						{
							"origin": [-5.27366, 1.04731, -116.49484],
							"size": [0.11392, 0.82846, 0],
							"pivot": [0, 1.46154, -116.5984],
							"rotation": [0, 0, -90],
							"uv": {
								"south": {"uv": [294, 15], "uv_size": [1, 1]}
							}
						},
						{
							"origin": [-6.30921, 1.04731, -116.49484],
							"size": [0.11392, 0.82846, 0],
							"pivot": [0, 1.46154, -116.5984],
							"rotation": [0, 0, -90],
							"uv": {
								"south": {"uv": [294, 15], "uv_size": [1, 1]}
							}
						},
						{
							"origin": [-5.79142, 1.25442, -116.49484],
							"size": [0.11392, 0.41422, 0],
							"pivot": [0, 1.46154, -116.5984],
							"rotation": [0, 0, -90],
							"uv": {
								"south": {"uv": [294, 15], "uv_size": [1, 1]}
							}
						},
						{
							"origin": [-7.86256, 1.25442, -116.49484],
							"size": [0.1139, 0.41422, 0],
							"pivot": [0, 1.46154, -116.5984],
							"rotation": [0, 0, -90],
							"uv": {
								"south": {"uv": [294, 15], "uv_size": [1, 1]}
							}
						},
						{
							"origin": [-8.38035, 1.04731, -116.49484],
							"size": [0.11392, 0.82846, 0],
							"pivot": [0, 1.46154, -116.5984],
							"rotation": [0, 0, -90],
							"uv": {
								"south": {"uv": [294, 15], "uv_size": [1, 1]}
							}
						},
						{
							"origin": [-7.34479, 1.04731, -116.49484],
							"size": [0.1139, 0.82846, 0],
							"pivot": [0, 1.46154, -116.5984],
							"rotation": [0, 0, -90],
							"uv": {
								"south": {"uv": [294, 15], "uv_size": [1, 1]}
							}
						},
						{
							"origin": [-6.82699, 1.25442, -116.49484],
							"size": [0.11392, 0.41422, 0],
							"pivot": [0, 1.46154, -116.5984],
							"rotation": [0, 0, -90],
							"uv": {
								"south": {"uv": [294, 15], "uv_size": [1, 1]}
							}
						},
						{
							"origin": [-8.89814, 1.25442, -116.49484],
							"size": [0.11392, 0.41422, 0],
							"pivot": [0, 1.46154, -116.5984],
							"rotation": [0, 0, -90],
							"uv": {
								"south": {"uv": [294, 15], "uv_size": [1, 1]}
							}
						},
						{
							"origin": [-9.41592, 1.0473, -116.49484],
							"size": [0.11392, 0.82846, 0],
							"pivot": [0, 1.46154, -116.5984],
							"rotation": [0, 0, -90],
							"uv": {
								"south": {"uv": [294, 15], "uv_size": [1, 1]}
							}
						},
						{
							"origin": [-10.45148, 1.0473, -116.49484],
							"size": [0.11392, 0.82846, 0],
							"pivot": [0, 1.46154, -116.5984],
							"rotation": [0, 0, -90],
							"uv": {
								"south": {"uv": [294, 15], "uv_size": [1, 1]}
							}
						},
						{
							"origin": [-9.93369, 1.25442, -116.49484],
							"size": [0.11392, 0.41422, 0],
							"pivot": [0, 1.46154, -116.5984],
							"rotation": [0, 0, -90],
							"uv": {
								"south": {"uv": [294, 15], "uv_size": [1, 1]}
							}
						},
						{
							"origin": [-10.96926, 1.25442, -116.49484],
							"size": [0.11392, 0.41422, 0],
							"pivot": [0, 1.46154, -116.5984],
							"rotation": [0, 0, -90],
							"uv": {
								"south": {"uv": [294, 15], "uv_size": [1, 1]}
							}
						},
						{
							"origin": [11.59839, 1.16382, -116.49484],
							"size": [10.76994, 0.62135, 0],
							"uv": {
								"south": {"uv": [294, 15], "uv_size": [1, 1]}
							}
						},
						{
							"origin": [11.58544, 1.15087, -116.49484],
							"size": [10.76994, 0.62135, 0],
							"pivot": [0, 1.46154, -116.5984],
							"rotation": [0, 0, 90],
							"uv": {
								"south": {"uv": [294, 15], "uv_size": [1, 1]}
							}
						},
						{
							"origin": [-8.41183, -6.96858, -116.49484],
							"size": [0.43935, 0.43938, 0],
							"pivot": [0, 1.46154, -116.5984],
							"rotation": [0, 0, -135],
							"uv": {
								"south": {"uv": [294, 15], "uv_size": [1, 1]}
							}
						},
						{
							"origin": [-8.41183, 9.43402, -116.49484],
							"size": [0.43935, 0.43935, 0],
							"pivot": [0, 1.46154, -116.5984],
							"rotation": [0, 0, -135],
							"uv": {
								"south": {"uv": [294, 15], "uv_size": [1, 1]}
							}
						},
						{
							"origin": [7.97248, -6.96858, -116.49484],
							"size": [0.43935, 0.43938, 0],
							"pivot": [0, 1.46154, -116.5984],
							"rotation": [0, 0, 135],
							"uv": {
								"south": {"uv": [295, 15], "uv_size": [-1, 1]}
							}
						},
						{
							"origin": [-22.36833, 1.16382, -116.49484],
							"size": [10.76994, 0.62135, 0],
							"uv": {
								"south": {"uv": [295, 15], "uv_size": [-1, 1]}
							}
						},
						{
							"origin": [1.11325, 1.45634, -116.49484],
							"size": [0.13461, 0.9299, 0],
							"pivot": [0, 1.46154, -116.5984],
							"rotation": [0, 0, 180],
							"uv": {
								"south": {"uv": [295, 15], "uv_size": [-1, 1]}
							}
						},
						{
							"origin": [1.73459, 1.45634, -116.49484],
							"size": [0.13461, 0.47636, 0],
							"pivot": [0, 1.46154, -116.5984],
							"rotation": [0, 0, 180],
							"uv": {
								"south": {"uv": [295, 15], "uv_size": [-1, 1]}
							}
						},
						{
							"origin": [2.35594, 1.45634, -116.49484],
							"size": [0.13461, 0.47636, 0],
							"pivot": [0, 1.46154, -116.5984],
							"rotation": [0, 0, 180],
							"uv": {
								"south": {"uv": [295, 15], "uv_size": [-1, 1]}
							}
						},
						{
							"origin": [2.97729, 1.45634, -116.49484],
							"size": [0.13461, 0.9299, 0],
							"pivot": [0, 1.46154, -116.5984],
							"rotation": [0, 0, 180],
							"uv": {
								"south": {"uv": [295, 15], "uv_size": [-1, 1]}
							}
						},
						{
							"origin": [5.46264, 1.45634, -116.49484],
							"size": [0.13461, 0.47636, 0],
							"pivot": [0, 1.46154, -116.5984],
							"rotation": [0, 0, 180],
							"uv": {
								"south": {"uv": [295, 15], "uv_size": [-1, 1]}
							}
						},
						{
							"origin": [4.84131, 1.45634, -116.49484],
							"size": [0.13461, 0.9299, 0],
							"pivot": [0, 1.46154, -116.5984],
							"rotation": [0, 0, 180],
							"uv": {
								"south": {"uv": [295, 15], "uv_size": [-1, 1]}
							}
						},
						{
							"origin": [4.21996, 1.45634, -116.49484],
							"size": [0.13461, 0.47636, 0],
							"pivot": [0, 1.46154, -116.5984],
							"rotation": [0, 0, 180],
							"uv": {
								"south": {"uv": [295, 15], "uv_size": [-1, 1]}
							}
						},
						{
							"origin": [3.59862, 1.45634, -116.49484],
							"size": [0.13461, 0.47636, 0],
							"pivot": [0, 1.46154, -116.5984],
							"rotation": [0, 0, 180],
							"uv": {
								"south": {"uv": [295, 15], "uv_size": [-1, 1]}
							}
						},
						{
							"origin": [8.56936, 1.45634, -116.49484],
							"size": [0.13461, 0.9299, 0],
							"pivot": [0, 1.46154, -116.5984],
							"rotation": [0, 0, 180],
							"uv": {
								"south": {"uv": [295, 15], "uv_size": [-1, 1]}
							}
						},
						{
							"origin": [9.1907, 1.45634, -116.49484],
							"size": [0.13461, 0.47636, 0],
							"pivot": [0, 1.46154, -116.5984],
							"rotation": [0, 0, 180],
							"uv": {
								"south": {"uv": [295, 15], "uv_size": [-1, 1]}
							}
						},
						{
							"origin": [9.81205, 1.45634, -116.49484],
							"size": [0.13461, 0.47636, 0],
							"pivot": [0, 1.46154, -116.5984],
							"rotation": [0, 0, 180],
							"uv": {
								"south": {"uv": [295, 15], "uv_size": [-1, 1]}
							}
						},
						{
							"origin": [10.4334, 1.45634, -116.49484],
							"size": [0.13461, 0.9299, 0],
							"pivot": [0, 1.46154, -116.5984],
							"rotation": [0, 0, 180],
							"uv": {
								"south": {"uv": [295, 15], "uv_size": [-1, 1]}
							}
						},
						{
							"origin": [7.94803, 1.45634, -116.49484],
							"size": [0.13461, 0.47636, 0],
							"pivot": [0, 1.46154, -116.5984],
							"rotation": [0, 0, 180],
							"uv": {
								"south": {"uv": [295, 15], "uv_size": [-1, 1]}
							}
						},
						{
							"origin": [7.32668, 1.45634, -116.49484],
							"size": [0.13461, 0.47636, 0],
							"pivot": [0, 1.46154, -116.5984],
							"rotation": [0, 0, 180],
							"uv": {
								"south": {"uv": [295, 15], "uv_size": [-1, 1]}
							}
						},
						{
							"origin": [6.70533, 1.45634, -116.49484],
							"size": [0.13461, 0.9299, 0],
							"pivot": [0, 1.46154, -116.5984],
							"rotation": [0, 0, 180],
							"uv": {
								"south": {"uv": [295, 15], "uv_size": [-1, 1]}
							}
						},
						{
							"origin": [6.08399, 1.45634, -116.49484],
							"size": [0.13461, 0.47636, 0],
							"pivot": [0, 1.46154, -116.5984],
							"rotation": [0, 0, 180],
							"uv": {
								"south": {"uv": [295, 15], "uv_size": [-1, 1]}
							}
						},
						{
							"origin": [-1.24785, 1.45634, -116.49484],
							"size": [0.13461, 0.9299, 0],
							"pivot": [0, 1.46154, -116.5984],
							"rotation": [0, 0, -180],
							"uv": {
								"south": {"uv": [294, 15], "uv_size": [1, 1]}
							}
						},
						{
							"origin": [-1.8692, 1.45634, -116.49484],
							"size": [0.13461, 0.47636, 0],
							"pivot": [0, 1.46154, -116.5984],
							"rotation": [0, 0, -180],
							"uv": {
								"south": {"uv": [294, 15], "uv_size": [1, 1]}
							}
						},
						{
							"origin": [-2.49053, 1.45634, -116.49484],
							"size": [0.13461, 0.47636, 0],
							"pivot": [0, 1.46154, -116.5984],
							"rotation": [0, 0, -180],
							"uv": {
								"south": {"uv": [294, 15], "uv_size": [1, 1]}
							}
						},
						{
							"origin": [-3.11187, 1.45634, -116.49484],
							"size": [0.13461, 0.9299, 0],
							"pivot": [0, 1.46154, -116.5984],
							"rotation": [0, 0, -180],
							"uv": {
								"south": {"uv": [294, 15], "uv_size": [1, 1]}
							}
						},
						{
							"origin": [-5.59725, 1.45634, -116.49484],
							"size": [0.13461, 0.47636, 0],
							"pivot": [0, 1.46154, -116.5984],
							"rotation": [0, 0, -180],
							"uv": {
								"south": {"uv": [294, 15], "uv_size": [1, 1]}
							}
						},
						{
							"origin": [-4.97591, 1.45634, -116.49484],
							"size": [0.13461, 0.9299, 0],
							"pivot": [0, 1.46154, -116.5984],
							"rotation": [0, 0, -180],
							"uv": {
								"south": {"uv": [294, 15], "uv_size": [1, 1]}
							}
						},
						{
							"origin": [-4.35457, 1.45634, -116.49484],
							"size": [0.13461, 0.47636, 0],
							"pivot": [0, 1.46154, -116.5984],
							"rotation": [0, 0, -180],
							"uv": {
								"south": {"uv": [294, 15], "uv_size": [1, 1]}
							}
						},
						{
							"origin": [-3.73322, 1.45634, -116.49484],
							"size": [0.13461, 0.47636, 0],
							"pivot": [0, 1.46154, -116.5984],
							"rotation": [0, 0, -180],
							"uv": {
								"south": {"uv": [294, 15], "uv_size": [1, 1]}
							}
						},
						{
							"origin": [-8.70396, 1.45634, -116.49484],
							"size": [0.13461, 0.9299, 0],
							"pivot": [0, 1.46154, -116.5984],
							"rotation": [0, 0, -180],
							"uv": {
								"south": {"uv": [294, 15], "uv_size": [1, 1]}
							}
						},
						{
							"origin": [-9.32531, 1.45634, -116.49484],
							"size": [0.13461, 0.47636, 0],
							"pivot": [0, 1.46154, -116.5984],
							"rotation": [0, 0, -180],
							"uv": {
								"south": {"uv": [294, 15], "uv_size": [1, 1]}
							}
						},
						{
							"origin": [-9.94664, 1.45634, -116.49484],
							"size": [0.13461, 0.47636, 0],
							"pivot": [0, 1.46154, -116.5984],
							"rotation": [0, 0, -180],
							"uv": {
								"south": {"uv": [294, 15], "uv_size": [1, 1]}
							}
						},
						{
							"origin": [-10.56799, 1.45634, -116.49484],
							"size": [0.13461, 0.9299, 0],
							"pivot": [0, 1.46154, -116.5984],
							"rotation": [0, 0, -180],
							"uv": {
								"south": {"uv": [294, 15], "uv_size": [1, 1]}
							}
						},
						{
							"origin": [-8.08262, 1.45634, -116.49484],
							"size": [0.13461, 0.47636, 0],
							"pivot": [0, 1.46154, -116.5984],
							"rotation": [0, 0, -180],
							"uv": {
								"south": {"uv": [294, 15], "uv_size": [1, 1]}
							}
						},
						{
							"origin": [-7.46127, 1.45634, -116.49484],
							"size": [0.13461, 0.47636, 0],
							"pivot": [0, 1.46154, -116.5984],
							"rotation": [0, 0, -180],
							"uv": {
								"south": {"uv": [294, 15], "uv_size": [1, 1]}
							}
						},
						{
							"origin": [-6.83995, 1.45634, -116.49484],
							"size": [0.13461, 0.9299, 0],
							"pivot": [0, 1.46154, -116.5984],
							"rotation": [0, 0, -180],
							"uv": {
								"south": {"uv": [294, 15], "uv_size": [1, 1]}
							}
						},
						{
							"origin": [-6.21859, 1.45634, -116.49484],
							"size": [0.13461, 0.47636, 0],
							"pivot": [0, 1.46154, -116.5984],
							"rotation": [0, 0, -180],
							"uv": {
								"south": {"uv": [294, 15], "uv_size": [1, 1]}
							}
						}
					]
				},
				{
					"name": "dot_illuminated",
					"parent": "division",
					"pivot": [0, 1.46878, -78.79139],
					"cubes": [
						{
							"origin": [-0.75971, 1.37953, -116.54663],
							"size": [1.51939, 0.18991, 0],
							"pivot": [0, 1.4745, -116.54663],
							"rotation": [0, 0, 90],
							"uv": {
								"south": {"uv": [281.5, 28], "uv_size": [3, 3]}
							}
						},
						{
							"origin": [-0.75969, 1.37953, -116.54663],
							"size": [1.51939, 0.18991, 0],
							"uv": {
								"south": {"uv": [281.5, 28], "uv_size": [3, 3]}
							}
						}
					]
				},
				{
					"name": "ocular_ring",
					"parent": "root",
					"pivot": [-15.73605, 1.46151, 28.31589],
					"cubes": [
						{
							"origin": [-0.3582, 0.45532, 2.23851],
							"size": [0.71639, 0.02909, 3.5026],
							"inflate": 0.1,
							"uv": {
								"north": {"uv": [176, 192], "uv_size": [2, 0.5]},
								"east": {"uv": [175, 63], "uv_size": [9, 0.5]},
								"south": {"uv": [189, 192], "uv_size": [2, 0.5]},
								"west": {"uv": [175, 140], "uv_size": [9, 0.5]},
								"up": {"uv": [140, 19], "uv_size": [2, 9]},
								"down": {"uv": [140, 102], "uv_size": [2, -9]}
							}
						},
						{
							"origin": [-0.3582, 2.43859, 2.23851],
							"size": [0.71639, 0.02909, 3.5026],
							"inflate": 0.1,
							"uv": {
								"north": {"uv": [192, 192], "uv_size": [2, 0.5]},
								"east": {"uv": [176, 24], "uv_size": [9, 0.5]},
								"south": {"uv": [193, 2], "uv_size": [2, 0.5]},
								"west": {"uv": [176, 31], "uv_size": [9, 0.5]},
								"up": {"uv": [141, 63], "uv_size": [2, 9]},
								"down": {"uv": [99, 150], "uv_size": [2, -9]}
							}
						},
						{
							"origin": [0.6653, 0.35057, 2.23851],
							"size": [0.02909, 0.71639, 3.5026],
							"inflate": 0.1,
							"pivot": [0.75274, 0.70877, -14.61113],
							"rotation": [0, 0, 45],
							"uv": {
								"north": {"uv": [193, 4], "uv_size": [0.5, 2]},
								"east": {"uv": [137, 124], "uv_size": [9, 2]},
								"south": {"uv": [6, 193], "uv_size": [0.5, 2]},
								"west": {"uv": [140, 0], "uv_size": [9, 2]},
								"up": {"uv": [64, 176], "uv_size": [0.5, 9]},
								"down": {"uv": [66, 185], "uv_size": [0.5, -9]}
							}
						},
						{
							"origin": [0.97708, 1.10331, 2.23851],
							"size": [0.0291, 0.71639, 3.5026],
							"inflate": 0.1,
							"uv": {
								"north": {"uv": [8, 193], "uv_size": [0.5, 2]},
								"east": {"uv": [140, 29], "uv_size": [9, 2]},
								"south": {"uv": [10, 193], "uv_size": [0.5, 2]},
								"west": {"uv": [141, 3], "uv_size": [9, 2]},
								"up": {"uv": [68, 176], "uv_size": [0.5, 9]},
								"down": {"uv": [70, 185], "uv_size": [0.5, -9]}
							}
						},
						{
							"origin": [0.95983, 1.97805, 2.23851],
							"size": [0.0291, 0.71639, 3.5026],
							"inflate": 0.1,
							"pivot": [1.04728, 1.91969, -14.61113],
							"rotation": [0, 0, -45],
							"uv": {
								"north": {"uv": [193, 10], "uv_size": [0.5, 2]},
								"east": {"uv": [141, 6], "uv_size": [9, 2]},
								"south": {"uv": [12, 193], "uv_size": [0.5, 2]},
								"west": {"uv": [141, 129], "uv_size": [9, 2]},
								"up": {"uv": [72, 176], "uv_size": [0.5, 9]},
								"down": {"uv": [78, 185], "uv_size": [0.5, -9]}
							}
						},
						{
							"origin": [-0.69439, 0.35057, 2.23851],
							"size": [0.02909, 0.71639, 3.5026],
							"inflate": 0.1,
							"pivot": [-0.75274, 0.70877, -14.61113],
							"rotation": [0, 0, -45],
							"uv": {
								"north": {"uv": [71, 194], "uv_size": [0.5, 2]},
								"east": {"uv": [143, 108], "uv_size": [9, 2]},
								"south": {"uv": [73, 194], "uv_size": [0.5, 2]},
								"west": {"uv": [143, 111], "uv_size": [9, 2]},
								"up": {"uv": [177, 110], "uv_size": [0.5, 9]},
								"down": {"uv": [125, 186], "uv_size": [0.5, -9]}
							}
						},
						{
							"origin": [-1.00619, 1.10331, 2.23851],
							"size": [0.0291, 0.71639, 3.5026],
							"inflate": 0.1,
							"uv": {
								"north": {"uv": [75, 194], "uv_size": [0.5, 2]},
								"east": {"uv": [144, 70], "uv_size": [9, 2]},
								"south": {"uv": [77, 194], "uv_size": [0.5, 2]},
								"west": {"uv": [105, 144], "uv_size": [9, 2]},
								"up": {"uv": [127, 177], "uv_size": [0.5, 9]},
								"down": {"uv": [129, 186], "uv_size": [0.5, -9]}
							}
						},
						{
							"origin": [-0.98893, 1.97805, 2.23851],
							"size": [0.0291, 0.71639, 3.5026],
							"inflate": 0.1,
							"pivot": [-1.04728, 1.91969, -14.61113],
							"rotation": [0, 0, 45],
							"uv": {
								"north": {"uv": [79, 194], "uv_size": [0.5, 2]},
								"east": {"uv": [115, 144], "uv_size": [9, 2]},
								"south": {"uv": [81, 194], "uv_size": [0.5, 2]},
								"west": {"uv": [144, 117], "uv_size": [9, 2]},
								"up": {"uv": [131, 177], "uv_size": [0.5, 9]},
								"down": {"uv": [177, 151], "uv_size": [0.5, -9]}
							}
						},
						{
							"origin": [-0.39027, 0.37876, 4.40501],
							"size": [0.78053, 0.04514, 0.92911],
							"inflate": 0.1,
							"uv": {
								"north": {"uv": [2, 220], "uv_size": [1, 2]},
								"south": {"uv": [5, 220], "uv_size": [1, 2]},
								"down": {"uv": [3, 220], "uv_size": [1, -2]}
							}
						},
						{
							"origin": [1.03841, 1.07202, 4.40493],
							"size": [0.04529, 0.78068, 0.92926],
							"inflate": 0.099,
							"pivot": [0, 1.46237, 4.86957],
							"rotation": [0, 0, 45],
							"uv": {
								"north": {"uv": [2, 215], "uv_size": [1, 2]},
								"south": {"uv": [5, 215], "uv_size": [1, 2]},
								"west": {"uv": [3, 215], "uv_size": [2, 2]}
							}
						},
						{
							"origin": [1.03847, 1.0721, 4.40501],
							"size": [0.04514, 0.78053, 0.92911],
							"inflate": 0.1,
							"uv": {
								"north": {"uv": [2, 200], "uv_size": [1, 2]},
								"south": {"uv": [5, 200], "uv_size": [1, 2]},
								"west": {"uv": [3, 200], "uv_size": [2, 2]}
							}
						},
						{
							"origin": [1.03841, 1.07202, 4.40493],
							"size": [0.04527, 0.78068, 0.92926],
							"inflate": 0.099,
							"pivot": [0, 1.46237, 4.86957],
							"rotation": [0, 0, -45],
							"uv": {
								"north": {"uv": [2, 210], "uv_size": [1, 2]},
								"south": {"uv": [5, 210], "uv_size": [1, 2]},
								"west": {"uv": [3, 210], "uv_size": [2, 2]}
							}
						},
						{
							"origin": [-1.0837, 1.07202, 4.40493],
							"size": [0.04529, 0.78068, 0.92926],
							"inflate": 0.099,
							"pivot": [0, 1.46237, 4.86957],
							"rotation": [0, 0, -45],
							"uv": {
								"north": {"uv": [3, 215], "uv_size": [-1, 2]},
								"east": {"uv": [5, 215], "uv_size": [-2, 2]},
								"south": {"uv": [6, 215], "uv_size": [-1, 2]}
							}
						},
						{
							"origin": [-1.08361, 1.0721, 4.40501],
							"size": [0.04514, 0.78053, 0.92911],
							"inflate": 0.1,
							"uv": {
								"north": {"uv": [3, 200], "uv_size": [-1, 2]},
								"east": {"uv": [5, 200], "uv_size": [-2, 2]},
								"south": {"uv": [6, 200], "uv_size": [-1, 2]}
							}
						},
						{
							"origin": [-1.08368, 1.07202, 4.40493],
							"size": [0.04527, 0.78068, 0.92926],
							"inflate": 0.099,
							"pivot": [0, 1.46237, 4.86957],
							"rotation": [0, 0, 45],
							"uv": {
								"north": {"uv": [3, 210], "uv_size": [-1, 2]},
								"east": {"uv": [5, 210], "uv_size": [-2, 2]},
								"south": {"uv": [6, 210], "uv_size": [-1, 2]}
							}
						},
						{
							"origin": [-0.02257, 2.13315, 4.40501],
							"size": [0.04512, 0.78053, 0.92911],
							"inflate": 0.1,
							"pivot": [0, 2.52343, 4.86957],
							"rotation": [0, 0, -90],
							"uv": {
								"north": {"uv": [2, 205], "uv_size": [1, 2]},
								"south": {"uv": [5, 205], "uv_size": [1, 2]},
								"west": {"uv": [3, 205], "uv_size": [2, 2]}
							}
						}
					]
				},
				{
					"name": "ocular",
					"parent": "root",
					"pivot": [0, 1.46151, 6.42427],
					"cubes": [
						{
							"origin": [-1.04136, 0.42015, 4.7041],
							"size": [2.08271, 2.08271, 0],
							"pivot": [0, 1.46151, 5.19007],
							"rotation": [0, 180, 0],
							"uv": {
								"north": {"uv": [132, 9], "uv_size": [5, 5]}
							}
						}
					]
				},
				{
					"name": "scope_body",
					"parent": "root",
					"pivot": [-20.3643, 0.68631, 2.14197]
				},
				{
					"name": "ads_hide",
					"parent": "scope_body",
					"pivot": [0, 0.68631, 2.14197],
					"cubes": [
						{
							"origin": [-0.47489, 0.45644, 0.6643],
							"size": [0.94978, 0.32496, 1.78286],
							"inflate": -0.1,
							"uv": {
								"north": {"uv": [193, 34], "uv_size": [2, 0.5]},
								"down": {"uv": [164, 9], "uv_size": [2, -4]}
							}
						},
						{
							"origin": [-0.47489, 2.14161, 0.6643],
							"size": [0.94978, 0.32496, 1.78286],
							"inflate": -0.1,
							"uv": {
								"north": {"uv": [193, 38], "uv_size": [2, 0.5]},
								"up": {"uv": [6, 164], "uv_size": [2, 4]}
							}
						},
						{
							"origin": [0.40281, 0.31719, 0.6643],
							"size": [0.32496, 0.94978, 1.78286],
							"inflate": -0.1,
							"pivot": [0.66943, 0.79208, -23.85336],
							"rotation": [0, 0, 45],
							"uv": {
								"north": {"uv": [193, 40], "uv_size": [0.5, 2]},
								"west": {"uv": [31, 164], "uv_size": [4, 2]}
							}
						},
						{
							"origin": [0.6801, 0.98662, 0.6643],
							"size": [0.32496, 0.94978, 1.78286],
							"inflate": -0.1,
							"uv": {
								"north": {"uv": [193, 47], "uv_size": [0.5, 2]},
								"west": {"uv": [49, 164], "uv_size": [4, 2]}
							}
						},
						{
							"origin": [0.69735, 1.77804, 0.6643],
							"size": [0.32496, 0.94978, 1.78286],
							"inflate": -0.1,
							"pivot": [0.96397, 1.8364, -23.85336],
							"rotation": [0, 0, -45],
							"uv": {
								"north": {"uv": [193, 53], "uv_size": [0.5, 2]},
								"west": {"uv": [164, 127], "uv_size": [4, 2]}
							}
						},
						{
							"origin": [-0.72778, 0.31719, 0.6643],
							"size": [0.32496, 0.94978, 1.78286],
							"inflate": -0.1,
							"pivot": [-0.66943, 0.79208, -23.85336],
							"rotation": [0, 0, -45],
							"uv": {
								"north": {"uv": [193.5, 40], "uv_size": [-0.5, 2]},
								"east": {"uv": [35, 164], "uv_size": [-4, 2]}
							}
						},
						{
							"origin": [-1.00506, 0.98662, 0.6643],
							"size": [0.32496, 0.94978, 1.78286],
							"inflate": -0.1,
							"uv": {
								"north": {"uv": [193.5, 47], "uv_size": [-0.5, 2]},
								"east": {"uv": [53, 164], "uv_size": [-4, 2]}
							}
						},
						{
							"origin": [-1.02232, 1.77804, 0.6643],
							"size": [0.32496, 0.94978, 1.78286],
							"inflate": -0.1,
							"pivot": [-0.96397, 1.8364, -23.85336],
							"rotation": [0, 0, 45],
							"uv": {
								"north": {"uv": [193.5, 53], "uv_size": [-0.5, 2]},
								"east": {"uv": [168, 127], "uv_size": [-4, 2]}
							}
						}
					]
				},
				{
					"name": "mount_hide",
					"parent": "ads_hide",
					"pivot": [0, 0.68631, 2.14197],
					"cubes": [
						{
							"origin": [0.19454, 0.31719, -6.6252],
							"size": [0.53323, 0.94978, 1.36632],
							"inflate": -0.1,
							"pivot": [0.66943, 0.79208, -30.30977],
							"rotation": [0, 0, 45],
							"uv": {
								"north": {"uv": [56, 188], "uv_size": [1, 2]},
								"south": {"uv": [188, 64], "uv_size": [1, 2]},
								"west": {"uv": [170, 49], "uv_size": [3, 2]}
							}
						},
						{
							"origin": [0.48908, 1.77804, -6.6252],
							"size": [0.53323, 0.94978, 1.36632],
							"inflate": -0.1,
							"pivot": [0.96397, 1.8364, -30.30977],
							"rotation": [0, 0, -45],
							"uv": {
								"north": {"uv": [78, 188], "uv_size": [1, 2]},
								"south": {"uv": [80, 188], "uv_size": [1, 2]},
								"west": {"uv": [170, 133], "uv_size": [3, 2]}
							}
						},
						{
							"origin": [-0.47489, 1.93332, -6.6252],
							"size": [0.94978, 0.53323, 1.36632],
							"inflate": -0.1,
							"uv": {
								"north": {"uv": [188, 60], "uv_size": [2, 1]},
								"south": {"uv": [93, 188], "uv_size": [2, 1]},
								"up": {"uv": [171, 0], "uv_size": [2, 3]}
							}
						},
						{
							"origin": [0.92276, 1.19721, -6.6252],
							"size": [0.53323, 0.53323, 1.36632],
							"inflate": -0.1,
							"uv": {
								"north": {"uv": [166, 194], "uv_size": [1, 1]},
								"south": {"uv": [168, 194], "uv_size": [1, 1]},
								"west": {"uv": [108, 186], "uv_size": [3, 1]}
							}
						},
						{
							"origin": [0.41798, 1.08266, -6.62578],
							"size": [0.95094, 0.57605, 1.36749],
							"inflate": -0.101,
							"pivot": [1.05475, 1.4383, -5.94204],
							"rotation": [0, 0, -25],
							"uv": {
								"north": {"uv": [190, 30], "uv_size": [2, 1]},
								"south": {"uv": [190, 39], "uv_size": [2, 1]},
								"down": {"uv": [24, 177], "uv_size": [2, -3]}
							}
						},
						{
							"origin": [0.41798, 1.24578, -6.62578],
							"size": [0.95094, 0.59919, 1.36749],
							"inflate": -0.101,
							"pivot": [1.05475, 1.48934, -5.94204],
							"rotation": [0, 0, 25],
							"uv": {
								"north": {"uv": [190, 41], "uv_size": [2, 1]},
								"south": {"uv": [190, 47], "uv_size": [2, 1]},
								"up": {"uv": [40, 174], "uv_size": [2, 3]}
							}
						},
						{
							"origin": [-0.72778, 0.31719, -6.6252],
							"size": [0.53323, 0.94978, 1.36632],
							"inflate": -0.1,
							"pivot": [-0.66943, 0.79208, -30.30977],
							"rotation": [0, 0, -45],
							"uv": {
								"north": {"uv": [57, 188], "uv_size": [-1, 2]},
								"east": {"uv": [173, 49], "uv_size": [-3, 2]},
								"south": {"uv": [189, 64], "uv_size": [-1, 2]}
							}
						},
						{
							"origin": [-1.36893, 1.08266, -6.62578],
							"size": [0.95094, 0.57605, 1.36749],
							"inflate": -0.101,
							"pivot": [-1.05475, 1.4383, -5.94204],
							"rotation": [0, 0, 25],
							"uv": {
								"north": {"uv": [192, 30], "uv_size": [-2, 1]},
								"south": {"uv": [192, 39], "uv_size": [-2, 1]},
								"down": {"uv": [26, 177], "uv_size": [-2, -3]}
							}
						},
						{
							"origin": [-1.45598, 1.19721, -6.6252],
							"size": [0.53323, 0.53323, 1.36632],
							"inflate": -0.1,
							"uv": {
								"north": {"uv": [167, 194], "uv_size": [-1, 1]},
								"east": {"uv": [111, 186], "uv_size": [-3, 1]},
								"south": {"uv": [169, 194], "uv_size": [-1, 1]}
							}
						},
						{
							"origin": [-1.36893, 1.24578, -6.62578],
							"size": [0.95094, 0.59919, 1.36749],
							"inflate": -0.101,
							"pivot": [-1.05475, 1.48934, -5.94204],
							"rotation": [0, 0, -25],
							"uv": {
								"north": {"uv": [192, 41], "uv_size": [-2, 1]},
								"south": {"uv": [192, 47], "uv_size": [-2, 1]},
								"up": {"uv": [42, 174], "uv_size": [-2, 3]}
							}
						},
						{
							"origin": [-1.02232, 1.77804, -6.6252],
							"size": [0.53323, 0.94978, 1.36632],
							"inflate": -0.1,
							"pivot": [-0.96397, 1.8364, -30.30977],
							"rotation": [0, 0, 45],
							"uv": {
								"north": {"uv": [79, 188], "uv_size": [-1, 2]},
								"east": {"uv": [173, 133], "uv_size": [-3, 2]},
								"south": {"uv": [81, 188], "uv_size": [-1, 2]}
							}
						},
						{
							"origin": [0.19454, 0.31719, -1.41841],
							"size": [0.53323, 0.94978, 1.36632],
							"inflate": -0.1,
							"pivot": [0.66943, 0.79208, -25.10299],
							"rotation": [0, 0, 45],
							"uv": {
								"north": {"uv": [56, 188], "uv_size": [1, 2]},
								"south": {"uv": [188, 64], "uv_size": [1, 2]},
								"west": {"uv": [170, 49], "uv_size": [3, 2]}
							}
						},
						{
							"origin": [0.48908, 1.77804, -1.41841],
							"size": [0.53323, 0.94978, 1.36632],
							"inflate": -0.1,
							"pivot": [0.96397, 1.8364, -25.10299],
							"rotation": [0, 0, -45],
							"uv": {
								"north": {"uv": [78, 188], "uv_size": [1, 2]},
								"south": {"uv": [80, 188], "uv_size": [1, 2]},
								"west": {"uv": [170, 133], "uv_size": [3, 2]}
							}
						},
						{
							"origin": [-0.47489, 1.93332, -1.41841],
							"size": [0.94978, 0.53323, 1.36632],
							"inflate": -0.1,
							"uv": {
								"north": {"uv": [188, 60], "uv_size": [2, 1]},
								"south": {"uv": [93, 188], "uv_size": [2, 1]},
								"up": {"uv": [171, 0], "uv_size": [2, 3]}
							}
						},
						{
							"origin": [0.92276, 1.19721, -1.41841],
							"size": [0.53323, 0.53323, 1.36632],
							"inflate": -0.1,
							"uv": {
								"north": {"uv": [166, 194], "uv_size": [1, 1]},
								"south": {"uv": [168, 194], "uv_size": [1, 1]},
								"west": {"uv": [108, 186], "uv_size": [3, 1]}
							}
						},
						{
							"origin": [0.41798, 1.08266, -1.41899],
							"size": [0.95094, 0.57605, 1.36748],
							"inflate": -0.101,
							"pivot": [1.05475, 1.4383, -0.73526],
							"rotation": [0, 0, -25],
							"uv": {
								"north": {"uv": [190, 30], "uv_size": [2, 1]},
								"south": {"uv": [190, 39], "uv_size": [2, 1]},
								"down": {"uv": [24, 177], "uv_size": [2, -3]}
							}
						},
						{
							"origin": [0.41798, 1.24578, -1.41899],
							"size": [0.95094, 0.59919, 1.36748],
							"inflate": -0.101,
							"pivot": [1.05475, 1.48934, -0.73526],
							"rotation": [0, 0, 25],
							"uv": {
								"north": {"uv": [190, 41], "uv_size": [2, 1]},
								"south": {"uv": [190, 47], "uv_size": [2, 1]},
								"up": {"uv": [40, 174], "uv_size": [2, 3]}
							}
						},
						{
							"origin": [0.87546, 1.7449, -1.18007],
							"size": [0.32398, 0.23141, 0.32398],
							"pivot": [0.89276, 1.62819, -0.73526],
							"rotation": [0, 0, 25],
							"uv": {
								"north": {"uv": [0, 0], "uv_size": [1, 1]},
								"east": {"uv": [0, 0], "uv_size": [1, 1]},
								"south": {"uv": [0, 0], "uv_size": [1, 1]},
								"west": {"uv": [0, 0], "uv_size": [1, 1]},
								"up": {"uv": [0, 0], "uv_size": [1, 1]}
							}
						},
						{
							"origin": [0.87546, 1.7449, -0.60154],
							"size": [0.32398, 0.23141, 0.32398],
							"pivot": [0.89276, 1.62819, -0.15672],
							"rotation": [0, 0, 25],
							"uv": {
								"north": {"uv": [0, 0], "uv_size": [1, 1]},
								"east": {"uv": [0, 0], "uv_size": [1, 1]},
								"south": {"uv": [0, 0], "uv_size": [1, 1]},
								"west": {"uv": [0, 0], "uv_size": [1, 1]},
								"up": {"uv": [0, 0], "uv_size": [1, 1]}
							}
						},
						{
							"origin": [0.87546, 1.7449, -5.80832],
							"size": [0.32398, 0.23141, 0.32398],
							"pivot": [0.89276, 1.62819, -5.36351],
							"rotation": [0, 0, 25],
							"uv": {
								"north": {"uv": [0, 0], "uv_size": [1, 1]},
								"east": {"uv": [0, 0], "uv_size": [1, 1]},
								"south": {"uv": [0, 0], "uv_size": [1, 1]},
								"west": {"uv": [0, 0], "uv_size": [1, 1]},
								"up": {"uv": [0, 0], "uv_size": [1, 1]}
							}
						},
						{
							"origin": [0.87546, 1.7449, -6.38685],
							"size": [0.32398, 0.23141, 0.32398],
							"pivot": [0.89276, 1.62819, -5.94204],
							"rotation": [0, 0, 25],
							"uv": {
								"north": {"uv": [0, 0], "uv_size": [1, 1]},
								"east": {"uv": [0, 0], "uv_size": [1, 1]},
								"south": {"uv": [0, 0], "uv_size": [1, 1]},
								"west": {"uv": [0, 0], "uv_size": [1, 1]},
								"up": {"uv": [0, 0], "uv_size": [1, 1]}
							}
						},
						{
							"origin": [-1.19943, 1.7449, -5.80832],
							"size": [0.32398, 0.23141, 0.32398],
							"pivot": [-0.89276, 1.62819, -5.36351],
							"rotation": [0, 0, -25],
							"uv": {
								"north": {"uv": [1, 0], "uv_size": [-1, 1]},
								"east": {"uv": [1, 0], "uv_size": [-1, 1]},
								"south": {"uv": [1, 0], "uv_size": [-1, 1]},
								"west": {"uv": [1, 0], "uv_size": [-1, 1]},
								"up": {"uv": [1, 0], "uv_size": [-1, 1]}
							}
						},
						{
							"origin": [-1.19943, 1.7449, -6.38685],
							"size": [0.32398, 0.23141, 0.32398],
							"pivot": [-0.89276, 1.62819, -5.94204],
							"rotation": [0, 0, -25],
							"uv": {
								"north": {"uv": [1, 0], "uv_size": [-1, 1]},
								"east": {"uv": [1, 0], "uv_size": [-1, 1]},
								"south": {"uv": [1, 0], "uv_size": [-1, 1]},
								"west": {"uv": [1, 0], "uv_size": [-1, 1]},
								"up": {"uv": [1, 0], "uv_size": [-1, 1]}
							}
						},
						{
							"origin": [-1.19943, 1.7449, -1.18007],
							"size": [0.32398, 0.23141, 0.32398],
							"pivot": [-0.89276, 1.62819, -0.73526],
							"rotation": [0, 0, -25],
							"uv": {
								"north": {"uv": [1, 0], "uv_size": [-1, 1]},
								"east": {"uv": [1, 0], "uv_size": [-1, 1]},
								"south": {"uv": [1, 0], "uv_size": [-1, 1]},
								"west": {"uv": [1, 0], "uv_size": [-1, 1]},
								"up": {"uv": [1, 0], "uv_size": [-1, 1]}
							}
						},
						{
							"origin": [-1.19943, 1.7449, -0.60154],
							"size": [0.32398, 0.23141, 0.32398],
							"pivot": [-0.89276, 1.62819, -0.15672],
							"rotation": [0, 0, -25],
							"uv": {
								"north": {"uv": [1, 0], "uv_size": [-1, 1]},
								"east": {"uv": [1, 0], "uv_size": [-1, 1]},
								"south": {"uv": [1, 0], "uv_size": [-1, 1]},
								"west": {"uv": [1, 0], "uv_size": [-1, 1]},
								"up": {"uv": [1, 0], "uv_size": [-1, 1]}
							}
						},
						{
							"origin": [-1.02232, 1.77804, -1.41841],
							"size": [0.53323, 0.94978, 1.36632],
							"inflate": -0.1,
							"pivot": [-0.96397, 1.8364, -25.10299],
							"rotation": [0, 0, 45],
							"uv": {
								"north": {"uv": [79, 188], "uv_size": [-1, 2]},
								"east": {"uv": [173, 133], "uv_size": [-3, 2]},
								"south": {"uv": [81, 188], "uv_size": [-1, 2]}
							}
						},
						{
							"origin": [-1.36893, 1.24578, -1.41899],
							"size": [0.95094, 0.59919, 1.36748],
							"inflate": -0.101,
							"pivot": [-1.05475, 1.48934, -0.73526],
							"rotation": [0, 0, -25],
							"uv": {
								"north": {"uv": [192, 41], "uv_size": [-2, 1]},
								"south": {"uv": [192, 47], "uv_size": [-2, 1]},
								"up": {"uv": [42, 174], "uv_size": [-2, 3]}
							}
						},
						{
							"origin": [-1.45598, 1.19721, -1.41841],
							"size": [0.53323, 0.53323, 1.36632],
							"inflate": -0.1,
							"uv": {
								"north": {"uv": [167, 194], "uv_size": [-1, 1]},
								"east": {"uv": [111, 186], "uv_size": [-3, 1]},
								"south": {"uv": [169, 194], "uv_size": [-1, 1]}
							}
						},
						{
							"origin": [-1.36893, 1.08266, -1.41899],
							"size": [0.95094, 0.57605, 1.36748],
							"inflate": -0.101,
							"pivot": [-1.05475, 1.4383, -0.73526],
							"rotation": [0, 0, 25],
							"uv": {
								"north": {"uv": [192, 30], "uv_size": [-2, 1]},
								"south": {"uv": [192, 39], "uv_size": [-2, 1]},
								"down": {"uv": [26, 177], "uv_size": [-2, -3]}
							}
						},
						{
							"origin": [-0.72778, 0.31719, -1.41841],
							"size": [0.53323, 0.94978, 1.36632],
							"inflate": -0.1,
							"pivot": [-0.66943, 0.79208, -25.10299],
							"rotation": [0, 0, -45],
							"uv": {
								"north": {"uv": [57, 188], "uv_size": [-1, 2]},
								"east": {"uv": [173, 49], "uv_size": [-3, 2]},
								"south": {"uv": [189, 64], "uv_size": [-1, 2]}
							}
						}
					]
				},
				{
					"name": "scope_hide",
					"parent": "ads_hide",
					"pivot": [0, 0.68631, 2.14197],
					"cubes": [
						{
							"origin": [1.17926, 0.97109, -12.74334],
							"size": [0.0819, 0.92763, 0.4968],
							"inflate": 0.1,
							"pivot": [0, 1.4349, -12.10155],
							"rotation": [0, 0, -90],
							"uv": {
								"north": {"uv": [9, 205], "uv_size": [1, 2]},
								"east": {"uv": [8, 205], "uv_size": [1, 2]},
								"south": {"uv": [11, 205], "uv_size": [1, 2]},
								"west": {"uv": [10, 205], "uv_size": [1, 2]}
							}
						},
						{
							"origin": [1.17926, 0.97109, -12.74334],
							"size": [0.0819, 0.92763, 0.4968],
							"inflate": 0.1,
							"pivot": [0, 1.4349, -12.10155],
							"rotation": [0, 0, -45],
							"uv": {
								"north": {"uv": [9, 210], "uv_size": [1, 2]},
								"east": {"uv": [8, 210], "uv_size": [1, 2]},
								"south": {"uv": [11, 210], "uv_size": [1, 2]},
								"west": {"uv": [10, 210], "uv_size": [1, 2]}
							}
						},
						{
							"origin": [1.17926, 0.97109, -12.74334],
							"size": [0.0819, 0.92761, 0.4968],
							"inflate": 0.1,
							"uv": {
								"north": {"uv": [9, 200], "uv_size": [1, 2]},
								"east": {"uv": [8, 200], "uv_size": [1, 2]},
								"south": {"uv": [11, 200], "uv_size": [1, 2]},
								"west": {"uv": [10, 200], "uv_size": [1, 2]}
							}
						},
						{
							"origin": [1.17926, 0.97109, -12.74334],
							"size": [0.0819, 0.92761, 0.4968],
							"inflate": 0.1,
							"pivot": [0, 1.4349, -12.10155],
							"rotation": [0, 0, 45],
							"uv": {
								"north": {"uv": [9, 215], "uv_size": [1, 2]},
								"east": {"uv": [8, 215], "uv_size": [1, 2]},
								"south": {"uv": [11, 215], "uv_size": [1, 2]},
								"west": {"uv": [10, 215], "uv_size": [1, 2]}
							}
						},
						{
							"origin": [-1.26116, 0.97109, -12.74334],
							"size": [0.0819, 0.92763, 0.4968],
							"inflate": 0.1,
							"pivot": [0, 1.4349, -12.10155],
							"rotation": [0, 0, 45],
							"uv": {
								"north": {"uv": [10, 210], "uv_size": [-1, 2]},
								"east": {"uv": [11, 210], "uv_size": [-1, 2]},
								"south": {"uv": [12, 210], "uv_size": [-1, 2]},
								"west": {"uv": [9, 210], "uv_size": [-1, 2]}
							}
						},
						{
							"origin": [-1.26116, 0.97109, -12.74334],
							"size": [0.0819, 0.92761, 0.4968],
							"inflate": 0.1,
							"uv": {
								"north": {"uv": [10, 200], "uv_size": [-1, 2]},
								"east": {"uv": [11, 200], "uv_size": [-1, 2]},
								"south": {"uv": [12, 200], "uv_size": [-1, 2]},
								"west": {"uv": [9, 200], "uv_size": [-1, 2]}
							}
						},
						{
							"origin": [-1.26116, 0.97109, -12.74334],
							"size": [0.0819, 0.92761, 0.4968],
							"inflate": 0.1,
							"pivot": [0, 1.4349, -12.10155],
							"rotation": [0, 0, -45],
							"uv": {
								"north": {"uv": [10, 215], "uv_size": [-1, 2]},
								"east": {"uv": [11, 215], "uv_size": [-1, 2]},
								"south": {"uv": [12, 215], "uv_size": [-1, 2]},
								"west": {"uv": [9, 215], "uv_size": [-1, 2]}
							}
						},
						{
							"origin": [-0.46381, 0.17374, -12.74334],
							"size": [0.92763, 0.0819, 0.4968],
							"inflate": 0.1,
							"uv": {
								"north": {"uv": [9, 220], "uv_size": [2, 1]},
								"south": {"uv": [12, 220], "uv_size": [2, 1]},
								"up": {"uv": [9, 219], "uv_size": [2, 1]},
								"down": {"uv": [11, 220], "uv_size": [2, -1]}
							}
						},
						{
							"origin": [-0.29985, 2.5975, -12.3963],
							"size": [0.5997, -0.12924, 3.5155],
							"inflate": 0.2,
							"uv": {
								"north": {"uv": [193, 13], "uv_size": [2, 0.5]},
								"south": {"uv": [14, 193], "uv_size": [2, 0.5]},
								"up": {"uv": [126, 141], "uv_size": [2, 9]},
								"down": {"uv": [129, 150], "uv_size": [2, -9]}
							}
						},
						{
							"origin": [-0.29985, 0.45476, -12.3963],
							"size": [0.5997, -0.12925, 3.5155],
							"inflate": 0.2,
							"uv": {
								"north": {"uv": [17, 193], "uv_size": [2, 0.5]},
								"south": {"uv": [193, 18], "uv_size": [2, 0.5]},
								"up": {"uv": [141, 132], "uv_size": [2, 9]},
								"down": {"uv": [102, 151], "uv_size": [2, -9]}
							}
						},
						{
							"origin": [1.1009, 2.07746, -12.39688],
							"size": [-0.12808, 0.60088, 3.51667],
							"inflate": 0.199,
							"pivot": [1.08893, 1.96136, -29.17469],
							"rotation": [0, 0, -45],
							"uv": {
								"north": {"uv": [20, 193], "uv_size": [0.5, 2]},
								"east": {"uv": [142, 89], "uv_size": [9, 2]},
								"south": {"uv": [22, 193], "uv_size": [0.5, 2]},
								"west": {"uv": [142, 114], "uv_size": [9, 2]}
							}
						},
						{
							"origin": [1.136, 1.16166, -12.3963],
							"size": [-0.12925, 0.5997, 3.5155],
							"inflate": 0.2,
							"uv": {
								"north": {"uv": [193, 23], "uv_size": [0.5, 2]},
								"east": {"uv": [138, 142], "uv_size": [9, 2]},
								"south": {"uv": [27, 193], "uv_size": [0.5, 2]},
								"west": {"uv": [143, 19], "uv_size": [9, 2]}
							}
						},
						{
							"origin": [0.80636, 0.36668, -12.39688],
							"size": [-0.12808, 0.60086, 3.51667],
							"inflate": 0.199,
							"pivot": [0.79439, 0.66711, -29.17469],
							"rotation": [0, 0, 45],
							"uv": {
								"north": {"uv": [193, 28], "uv_size": [0.5, 2]},
								"east": {"uv": [143, 22], "uv_size": [9, 2]},
								"south": {"uv": [193, 31], "uv_size": [0.5, 2]},
								"west": {"uv": [143, 25], "uv_size": [9, 2]}
							}
						},
						{
							"origin": [-0.67828, 0.36668, -12.39688],
							"size": [-0.12808, 0.60086, 3.51667],
							"inflate": 0.199,
							"pivot": [-0.79439, 0.66711, -29.17469],
							"rotation": [0, 0, -45],
							"uv": {
								"north": {"uv": [193.5, 28], "uv_size": [-0.5, 2]},
								"east": {"uv": [152, 25], "uv_size": [-9, 2]},
								"south": {"uv": [193.5, 31], "uv_size": [-0.5, 2]},
								"west": {"uv": [152, 22], "uv_size": [-9, 2]}
							}
						},
						{
							"origin": [-1.00675, 1.16166, -12.3963],
							"size": [-0.12925, 0.5997, 3.5155],
							"inflate": 0.2,
							"uv": {
								"north": {"uv": [193.5, 23], "uv_size": [-0.5, 2]},
								"east": {"uv": [152, 19], "uv_size": [-9, 2]},
								"south": {"uv": [27.5, 193], "uv_size": [-0.5, 2]},
								"west": {"uv": [147, 142], "uv_size": [-9, 2]}
							}
						},
						{
							"origin": [-0.97282, 2.07746, -12.39688],
							"size": [-0.12808, 0.60088, 3.51667],
							"inflate": 0.199,
							"pivot": [-1.08893, 1.96136, -29.17469],
							"rotation": [0, 0, 45],
							"uv": {
								"north": {"uv": [20.5, 193], "uv_size": [-0.5, 2]},
								"east": {"uv": [151, 114], "uv_size": [-9, 2]},
								"south": {"uv": [22.5, 193], "uv_size": [-0.5, 2]},
								"west": {"uv": [151, 89], "uv_size": [-9, 2]}
							}
						},
						{
							"origin": [0.58908, 1.87804, -9.59719],
							"size": [0.41654, 0.83309, 1.66617],
							"pivot": [1.00563, 1.87804, -26.25889],
							"rotation": [0, 0, -45],
							"uv": {
								"south": {"uv": [187, 143], "uv_size": [1, 2]},
								"west": {"uv": [161, 122], "uv_size": [4, 2]}
							}
						},
						{
							"origin": [0.58908, 1.04496, -9.59719],
							"size": [0.41654, 0.83309, 1.66617],
							"uv": {
								"south": {"uv": [187, 146], "uv_size": [1, 2]},
								"west": {"uv": [161, 134], "uv_size": [4, 2]}
							}
						},
						{
							"origin": [0.29454, 0.33388, -9.59719],
							"size": [0.41654, 0.83309, 1.66617],
							"pivot": [0.71108, 0.75042, -26.25889],
							"rotation": [0, 0, 45],
							"uv": {
								"south": {"uv": [187, 152], "uv_size": [1, 2]},
								"west": {"uv": [162, 68], "uv_size": [4, 2]}
							}
						},
						{
							"origin": [-1.00563, 1.87804, -9.59719],
							"size": [0.41654, 0.83309, 1.66617],
							"pivot": [-1.00563, 1.87804, -26.25889],
							"rotation": [0, 0, 45],
							"uv": {
								"east": {"uv": [165, 122], "uv_size": [-4, 2]},
								"south": {"uv": [188, 143], "uv_size": [-1, 2]}
							}
						},
						{
							"origin": [-0.71108, 0.33388, -9.59719],
							"size": [0.41654, 0.83309, 1.66617],
							"pivot": [-0.71108, 0.75042, -26.25889],
							"rotation": [0, 0, -45],
							"uv": {
								"east": {"uv": [166, 68], "uv_size": [-4, 2]},
								"south": {"uv": [188, 152], "uv_size": [-1, 2]}
							}
						},
						{
							"origin": [-1.00563, 1.04496, -9.59719],
							"size": [0.41654, 0.83309, 1.66617],
							"uv": {
								"east": {"uv": [165, 134], "uv_size": [-4, 2]},
								"south": {"uv": [188, 146], "uv_size": [-1, 2]}
							}
						},
						{
							"origin": [-0.41654, 2.05059, -9.59719],
							"size": [0.83309, 0.41654, 1.66617],
							"uv": {
								"south": {"uv": [187, 155], "uv_size": [2, 1]},
								"up": {"uv": [163, 27], "uv_size": [2, 4]}
							}
						},
						{
							"origin": [-0.41654, 0.45588, -9.59719],
							"size": [0.83309, 0.41654, 1.66617],
							"uv": {
								"south": {"uv": [187, 166], "uv_size": [2, 1]},
								"down": {"uv": [112, 167], "uv_size": [2, -4]}
							}
						},
						{
							"origin": [0.35458, 0.92827, -8.2664],
							"size": [0.64993, 1.06647, 9.39732],
							"inflate": -0.2,
							"pivot": [0, 1.46151, -3.56774],
							"rotation": [0, 0, -45],
							"uv": {
								"west": {"uv": [82, 78], "uv_size": [22, 2]}
							}
						},
						{
							"origin": [0.35458, 0.92827, -8.2664],
							"size": [0.64993, 1.06647, 9.39732],
							"inflate": -0.2,
							"uv": {
								"west": {"uv": [49, 84], "uv_size": [22, 2]}
							}
						},
						{
							"origin": [0.35458, 0.92827, -8.2664],
							"size": [0.64993, 1.06647, 9.39732],
							"inflate": -0.2,
							"pivot": [0, 1.46151, -3.56774],
							"rotation": [0, 0, 45],
							"uv": {
								"west": {"uv": [49, 87], "uv_size": [22, 2]}
							}
						},
						{
							"origin": [-1.0045, 0.92827, -8.2664],
							"size": [0.64993, 1.06647, 9.39732],
							"inflate": -0.2,
							"uv": {
								"east": {"uv": [71, 84], "uv_size": [-22, 2]}
							}
						},
						{
							"origin": [-1.0045, 0.92827, -8.2664],
							"size": [0.64993, 1.06647, 9.39732],
							"inflate": -0.2,
							"pivot": [0, 1.46151, -3.56774],
							"rotation": [0, 0, -45],
							"uv": {
								"east": {"uv": [71, 87], "uv_size": [-22, 2]}
							}
						},
						{
							"origin": [-1.0045, 0.92827, -8.2664],
							"size": [0.64993, 1.06647, 9.39732],
							"inflate": -0.2,
							"pivot": [0, 1.46151, -3.56774],
							"rotation": [0, 0, 45],
							"uv": {
								"east": {"uv": [104, 78], "uv_size": [-22, 2]}
							}
						},
						{
							"origin": [-0.53323, 1.81607, -8.2664],
							"size": [1.06647, 0.64993, 9.39732],
							"inflate": -0.2,
							"uv": {
								"up": {"uv": [72, 81], "uv_size": [2, 22]}
							}
						},
						{
							"origin": [-0.53323, 0.45701, -8.2664],
							"size": [1.06647, 0.64993, 9.39732],
							"inflate": -0.2,
							"uv": {
								"down": {"uv": [82, 109], "uv_size": [2, -22]}
							}
						},
						{
							"origin": [-1.13392, 0.32759, -11.44849],
							"size": [2.26784, 2.26784, 0],
							"pivot": [0, 1.46151, -11.44849],
							"rotation": [0, 180, 0],
							"uv": {
								"north": {"uv": [132, 9], "uv_size": [5, 5]},
								"east": {"uv": [40, 84], "uv_size": [0, 5]},
								"south": {"uv": [132, 69], "uv_size": [5, 5]},
								"west": {"uv": [40, 90], "uv_size": [0, 5]},
								"up": {"uv": [38, 59], "uv_size": [5, 0]},
								"down": {"uv": [44, 59], "uv_size": [5, 0]}
							}
						}
					]
				},
				{
					"name": "knob",
					"parent": "scope_body",
					"pivot": [0, 0.68631, 2.14197],
					"cubes": [
						{
							"origin": [0.4118, 2.58203, -3.29071],
							"size": [0.09158, 0.29985, 1.13294],
							"inflate": 0.1,
							"pivot": [0, 2.73196, -2.82838],
							"rotation": [-90, -45, 0],
							"uv": {
								"north": {"uv": [37, 195], "uv_size": [0.5, 1]},
								"east": {"uv": [183, 166], "uv_size": [3, 1]},
								"west": {"uv": [184, 10], "uv_size": [3, 1]}
							}
						},
						{
							"origin": [0.4118, 2.58203, -3.29071],
							"size": [0.09158, 0.29985, 1.13294],
							"inflate": 0.1,
							"pivot": [0, 2.73196, -2.82838],
							"rotation": [-90, 45, 0],
							"uv": {
								"north": {"uv": [195, 40], "uv_size": [0.5, 1]},
								"east": {"uv": [184, 12], "uv_size": [3, 1]},
								"west": {"uv": [184, 14], "uv_size": [3, 1]}
							}
						},
						{
							"origin": [0.4118, 2.58203, -3.29071],
							"size": [0.09158, 0.29985, 1.13294],
							"inflate": 0.1,
							"pivot": [0, 2.73196, -2.82838],
							"rotation": [-90, 0, 0],
							"uv": {
								"north": {"uv": [195, 44], "uv_size": [0.5, 1]},
								"east": {"uv": [184, 16], "uv_size": [3, 1]},
								"west": {"uv": [184, 18], "uv_size": [3, 1]}
							}
						},
						{
							"origin": [-0.50338, 2.58203, -3.29071],
							"size": [0.09158, 0.29985, 1.13294],
							"inflate": 0.1,
							"pivot": [0, 2.73196, -2.82838],
							"rotation": [-90, 45, 0],
							"uv": {
								"north": {"uv": [37.5, 195], "uv_size": [-0.5, 1]},
								"east": {"uv": [187, 10], "uv_size": [-3, 1]},
								"west": {"uv": [186, 166], "uv_size": [-3, 1]}
							}
						},
						{
							"origin": [-0.50338, 2.58203, -3.29071],
							"size": [0.09158, 0.29985, 1.13294],
							"inflate": 0.1,
							"pivot": [0, 2.73196, -2.82838],
							"rotation": [-90, 0, 0],
							"uv": {
								"north": {"uv": [195.5, 44], "uv_size": [-0.5, 1]},
								"east": {"uv": [187, 18], "uv_size": [-3, 1]},
								"west": {"uv": [187, 16], "uv_size": [-3, 1]}
							}
						},
						{
							"origin": [-0.50338, 2.58203, -3.29071],
							"size": [0.09158, 0.29985, 1.13294],
							"inflate": 0.1,
							"pivot": [0, 2.73196, -2.82838],
							"rotation": [-90, -45, 0],
							"uv": {
								"north": {"uv": [195.5, 40], "uv_size": [-0.5, 1]},
								"east": {"uv": [187, 14], "uv_size": [-3, 1]},
								"west": {"uv": [187, 12], "uv_size": [-3, 1]}
							}
						},
						{
							"origin": [-0.14993, 2.22859, -3.29071],
							"size": [0.29985, 0.09158, 1.13294],
							"inflate": 0.1,
							"pivot": [0, 2.73196, -2.82838],
							"rotation": [-90, 0, 0],
							"uv": {
								"north": {"uv": [195, 48], "uv_size": [1, 0.5]},
								"up": {"uv": [12, 184], "uv_size": [1, 3]},
								"down": {"uv": [184, 51], "uv_size": [1, -3]}
							}
						},
						{
							"origin": [-0.14993, 3.14375, -3.29071],
							"size": [0.29985, 0.09158, 1.13294],
							"inflate": 0.1,
							"pivot": [0, 2.73196, -2.82838],
							"rotation": [-90, 0, 0],
							"uv": {
								"north": {"uv": [195, 52], "uv_size": [1, 0.5]},
								"up": {"uv": [184, 52], "uv_size": [1, 3]},
								"down": {"uv": [56, 187], "uv_size": [1, -3]}
							}
						},
						{
							"origin": [-0.09158, 3.26101, -3.02409],
							"size": [0.18316, -0.02511, 0.18316],
							"inflate": 0.2,
							"pivot": [0, 2.73196, -2.82838],
							"rotation": [-90, 0, 0],
							"uv": {
								"north": {"uv": [195, 56], "uv_size": [1, 0.5]},
								"south": {"uv": [62, 195], "uv_size": [1, 0.5]},
								"up": {"uv": [193, 59], "uv_size": [1, 1]},
								"down": {"uv": [63, 194], "uv_size": [1, -1]}
							}
						},
						{
							"origin": [-0.09158, 2.22803, -3.02409],
							"size": [0.18316, -0.02511, 0.18316],
							"inflate": 0.2,
							"pivot": [0, 2.73196, -2.82838],
							"rotation": [-90, 0, 0],
							"uv": {
								"north": {"uv": [64, 195], "uv_size": [1, 0.5]},
								"south": {"uv": [66, 195], "uv_size": [1, 0.5]},
								"down": {"uv": [65, 194], "uv_size": [1, -1]}
							}
						},
						{
							"origin": [0.52905, 2.64038, -3.02409],
							"size": [-0.02511, 0.18316, 0.18316],
							"inflate": 0.2,
							"pivot": [0, 2.73196, -2.82838],
							"rotation": [-90, 0, 0],
							"uv": {
								"north": {"uv": [195, 69], "uv_size": [0.5, 1]},
								"south": {"uv": [195, 71], "uv_size": [0.5, 1]},
								"west": {"uv": [67, 193], "uv_size": [1, 1]}
							}
						},
						{
							"origin": [0.52847, 2.6398, -3.02467],
							"size": [-0.02395, 0.18432, 0.18432],
							"inflate": 0.199,
							"pivot": [0, 2.73196, -2.82838],
							"rotation": [-90, 45, 0],
							"uv": {
								"north": {"uv": [195, 77], "uv_size": [0.5, 1]},
								"south": {"uv": [195, 79], "uv_size": [0.5, 1]},
								"west": {"uv": [193, 69], "uv_size": [1, 1]}
							}
						},
						{
							"origin": [0.52847, 2.6398, -3.02467],
							"size": [-0.02395, 0.18432, 0.18432],
							"inflate": 0.199,
							"pivot": [0, 2.73196, -2.82838],
							"rotation": [-90, -45, 0],
							"uv": {
								"north": {"uv": [195, 85], "uv_size": [0.5, 1]},
								"south": {"uv": [195, 87], "uv_size": [0.5, 1]},
								"west": {"uv": [193, 73], "uv_size": [1, 1]}
							}
						},
						{
							"origin": [-0.50452, 2.6398, -3.02467],
							"size": [-0.02395, 0.18432, 0.18432],
							"inflate": 0.199,
							"pivot": [0, 2.73196, -2.82838],
							"rotation": [-90, 45, 0],
							"uv": {
								"north": {"uv": [195.5, 85], "uv_size": [-0.5, 1]},
								"east": {"uv": [194, 73], "uv_size": [-1, 1]},
								"south": {"uv": [195.5, 87], "uv_size": [-0.5, 1]}
							}
						},
						{
							"origin": [-0.50394, 2.64038, -3.02409],
							"size": [-0.02511, 0.18316, 0.18316],
							"inflate": 0.2,
							"pivot": [0, 2.73196, -2.82838],
							"rotation": [-90, 0, 0],
							"uv": {
								"north": {"uv": [195.5, 69], "uv_size": [-0.5, 1]},
								"east": {"uv": [68, 193], "uv_size": [-1, 1]},
								"south": {"uv": [195.5, 71], "uv_size": [-0.5, 1]}
							}
						},
						{
							"origin": [-0.50452, 2.6398, -3.02467],
							"size": [-0.02395, 0.18432, 0.18432],
							"inflate": 0.199,
							"pivot": [0, 2.73196, -2.82838],
							"rotation": [-90, -45, 0],
							"uv": {
								"north": {"uv": [195.5, 77], "uv_size": [-0.5, 1]},
								"east": {"uv": [194, 69], "uv_size": [-1, 1]},
								"south": {"uv": [195.5, 79], "uv_size": [-0.5, 1]}
							}
						},
						{
							"origin": [-0.41654, 2.82109, -3.24493],
							"size": [0.83309, 0.41654, 0.83309],
							"uv": {
								"up": {"uv": [122, 179], "uv_size": [2, 2]}
							}
						},
						{
							"origin": [-0.93677, 1.3249, -3.19408],
							"size": [0.09158, 0.29985, 1.13294],
							"inflate": 0.1,
							"pivot": [-1.34856, 1.47482, -2.82838],
							"rotation": [-90, -45, -90],
							"uv": {
								"north": {"uv": [37, 195], "uv_size": [0.5, 1]},
								"east": {"uv": [183, 166], "uv_size": [3, 1]},
								"west": {"uv": [184, 10], "uv_size": [3, 1]}
							}
						},
						{
							"origin": [-0.93675, 1.3249, -3.19408],
							"size": [0.09158, 0.29985, 1.13294],
							"inflate": 0.1,
							"pivot": [-1.34856, 1.47482, -2.82838],
							"rotation": [-90, 45, -90],
							"uv": {
								"north": {"uv": [195, 40], "uv_size": [0.5, 1]},
								"east": {"uv": [184, 12], "uv_size": [3, 1]},
								"west": {"uv": [184, 14], "uv_size": [3, 1]}
							}
						},
						{
							"origin": [-0.93677, 1.3249, -3.19408],
							"size": [0.09158, 0.29985, 1.13294],
							"inflate": 0.1,
							"pivot": [-1.34856, 1.47482, -2.82838],
							"rotation": [-90, 0, -90],
							"uv": {
								"north": {"uv": [195, 44], "uv_size": [0.5, 1]},
								"east": {"uv": [184, 16], "uv_size": [3, 1]},
								"west": {"uv": [184, 18], "uv_size": [3, 1]}
							}
						},
						{
							"origin": [-1.49849, 0.97146, -3.19408],
							"size": [0.29985, 0.09158, 1.13294],
							"inflate": 0.1,
							"pivot": [-1.34856, 1.47482, -2.82838],
							"rotation": [-90, 0, -90],
							"uv": {
								"north": {"uv": [195, 48], "uv_size": [1, 0.5]},
								"up": {"uv": [12, 184], "uv_size": [1, 3]},
								"down": {"uv": [184, 51], "uv_size": [1, -3]}
							}
						},
						{
							"origin": [-1.49849, 1.88662, -3.19408],
							"size": [0.29985, 0.09158, 1.13294],
							"inflate": 0.1,
							"pivot": [-1.34856, 1.47482, -2.82838],
							"rotation": [-90, 0, -90],
							"uv": {
								"north": {"uv": [195, 52], "uv_size": [1, 0.5]},
								"up": {"uv": [184, 52], "uv_size": [1, 3]},
								"down": {"uv": [56, 187], "uv_size": [1, -3]}
							}
						},
						{
							"origin": [-1.44014, 2.00387, -2.92747],
							"size": [0.18316, -0.02511, 0.18316],
							"inflate": 0.2,
							"pivot": [-1.34856, 1.47482, -2.82838],
							"rotation": [-90, 0, -90],
							"uv": {
								"north": {"uv": [195, 56], "uv_size": [1, 0.5]},
								"south": {"uv": [62, 195], "uv_size": [1, 0.5]},
								"up": {"uv": [193, 59], "uv_size": [1, 1]},
								"down": {"uv": [63, 194], "uv_size": [1, -1]}
							}
						},
						{
							"origin": [-1.44014, 0.9709, -2.92747],
							"size": [0.18316, -0.02511, 0.18316],
							"inflate": 0.2,
							"pivot": [-1.34856, 1.47482, -2.82838],
							"rotation": [-90, 0, -90],
							"uv": {
								"north": {"uv": [64, 195], "uv_size": [1, 0.5]},
								"south": {"uv": [66, 195], "uv_size": [1, 0.5]},
								"down": {"uv": [65, 194], "uv_size": [1, -1]}
							}
						},
						{
							"origin": [-0.81951, 1.38324, -2.92747],
							"size": [-0.02511, 0.18316, 0.18316],
							"inflate": 0.2,
							"pivot": [-1.34856, 1.47482, -2.82838],
							"rotation": [-90, 0, -90],
							"uv": {
								"north": {"uv": [195, 69], "uv_size": [0.5, 1]},
								"south": {"uv": [195, 71], "uv_size": [0.5, 1]},
								"west": {"uv": [67, 193], "uv_size": [1, 1]}
							}
						},
						{
							"origin": [-0.82009, 1.38265, -2.92805],
							"size": [-0.02394, 0.18433, 0.18433],
							"inflate": 0.199,
							"pivot": [-1.34856, 1.47482, -2.82838],
							"rotation": [-90, 45, -90],
							"uv": {
								"north": {"uv": [195, 77], "uv_size": [0.5, 1]},
								"south": {"uv": [195, 79], "uv_size": [0.5, 1]},
								"west": {"uv": [193, 69], "uv_size": [1, 1]}
							}
						},
						{
							"origin": [-0.82009, 1.38265, -2.92805],
							"size": [-0.02394, 0.18433, 0.18433],
							"inflate": 0.199,
							"pivot": [-1.34856, 1.47482, -2.82838],
							"rotation": [-90, -45, -90],
							"uv": {
								"north": {"uv": [195, 85], "uv_size": [0.5, 1]},
								"south": {"uv": [195, 87], "uv_size": [0.5, 1]},
								"west": {"uv": [193, 73], "uv_size": [1, 1]}
							}
						},
						{
							"origin": [-1.7651, 1.46732, -3.24493],
							"size": [0.83309, 0.41654, 0.83309],
							"pivot": [-1.34856, 1.47482, -2.82838],
							"rotation": [0, 0, -90],
							"uv": {
								"up": {"uv": [122, 179], "uv_size": [2, 2]}
							}
						},
						{
							"origin": [-1.85194, 1.3249, -3.19408],
							"size": [0.09158, 0.29985, 1.13294],
							"inflate": 0.1,
							"pivot": [-1.34856, 1.47482, -2.82838],
							"rotation": [-90, -45, -90],
							"uv": {
								"north": {"uv": [195.5, 40], "uv_size": [-0.5, 1]},
								"east": {"uv": [187, 14], "uv_size": [-3, 1]},
								"west": {"uv": [187, 12], "uv_size": [-3, 1]}
							}
						},
						{
							"origin": [-1.85194, 1.3249, -3.19408],
							"size": [0.09158, 0.29985, 1.13294],
							"inflate": 0.1,
							"pivot": [-1.34856, 1.47482, -2.82838],
							"rotation": [-90, 0, -90],
							"uv": {
								"north": {"uv": [195.5, 44], "uv_size": [-0.5, 1]},
								"east": {"uv": [187, 18], "uv_size": [-3, 1]},
								"west": {"uv": [187, 16], "uv_size": [-3, 1]}
							}
						},
						{
							"origin": [-1.85192, 1.3249, -3.19408],
							"size": [0.09158, 0.29985, 1.13294],
							"inflate": 0.1,
							"pivot": [-1.34856, 1.47482, -2.82838],
							"rotation": [-90, 45, -90],
							"uv": {
								"north": {"uv": [37.5, 195], "uv_size": [-0.5, 1]},
								"east": {"uv": [187, 10], "uv_size": [-3, 1]},
								"west": {"uv": [186, 166], "uv_size": [-3, 1]}
							}
						},
						{
							"origin": [-1.85308, 1.38265, -2.92805],
							"size": [-0.02395, 0.18433, 0.18433],
							"inflate": 0.199,
							"pivot": [-1.34856, 1.47482, -2.82838],
							"rotation": [-90, -45, -90],
							"uv": {
								"north": {"uv": [195.5, 77], "uv_size": [-0.5, 1]},
								"east": {"uv": [194, 69], "uv_size": [-1, 1]},
								"south": {"uv": [195.5, 79], "uv_size": [-0.5, 1]}
							}
						},
						{
							"origin": [-1.8525, 1.38324, -2.92747],
							"size": [-0.02511, 0.18316, 0.18316],
							"inflate": 0.2,
							"pivot": [-1.34856, 1.47482, -2.82838],
							"rotation": [-90, 0, -90],
							"uv": {
								"north": {"uv": [195.5, 69], "uv_size": [-0.5, 1]},
								"east": {"uv": [68, 193], "uv_size": [-1, 1]},
								"south": {"uv": [195.5, 71], "uv_size": [-0.5, 1]}
							}
						},
						{
							"origin": [-1.85307, 1.38265, -2.92805],
							"size": [-0.02395, 0.18433, 0.18433],
							"inflate": 0.199,
							"pivot": [-1.34856, 1.47482, -2.82838],
							"rotation": [-90, 45, -90],
							"uv": {
								"north": {"uv": [195.5, 85], "uv_size": [-0.5, 1]},
								"east": {"uv": [194, 73], "uv_size": [-1, 1]},
								"south": {"uv": [195.5, 87], "uv_size": [-0.5, 1]}
							}
						}
					]
				},
				{
					"name": "mount",
					"parent": "scope_body",
					"pivot": [0, 0.68631, 2.14197],
					"cubes": [
						{
							"origin": [-0.47431, -0.16778, -6.62462],
							"size": [0.9486, 0.94862, 1.36516],
							"inflate": -0.099,
							"uv": {
								"north": {"uv": [179, 96], "uv_size": [2, 2]},
								"east": {"uv": [171, 29], "uv_size": [3, 2]},
								"south": {"uv": [179, 99], "uv_size": [2, 2]},
								"west": {"uv": [40, 171], "uv_size": [3, 2]}
							}
						},
						{
							"origin": [0.20827, -0.06316, -6.5252],
							"size": [0.41654, 0.20827, 1.16632],
							"pivot": [0.62481, 0.14511, -5.94204],
							"rotation": [0, 0, 35],
							"uv": {
								"north": {"uv": [35, 195], "uv_size": [1, 0.5]},
								"south": {"uv": [195, 36], "uv_size": [1, 0.5]},
								"up": {"uv": [183, 178], "uv_size": [1, 3]}
							}
						},
						{
							"origin": [-0.62481, -0.06316, -6.5252],
							"size": [0.41654, 0.20827, 1.16632],
							"pivot": [-0.62481, 0.14511, -5.94204],
							"rotation": [0, 0, -35],
							"uv": {
								"north": {"uv": [36, 195], "uv_size": [-1, 0.5]},
								"south": {"uv": [196, 36], "uv_size": [-1, 0.5]},
								"up": {"uv": [184, 178], "uv_size": [-1, 3]}
							}
						},
						{
							"origin": [-0.62481, -0.27143, -6.5252],
							"size": [1.24963, 0.41654, 1.16632],
							"uv": {
								"north": {"uv": [183, 144], "uv_size": [3, 1]},
								"east": {"uv": [183, 146], "uv_size": [3, 1]},
								"south": {"uv": [183, 148], "uv_size": [3, 1]},
								"west": {"uv": [183, 150], "uv_size": [3, 1]},
								"down": {"uv": [4, 162], "uv_size": [3, -3]}
							}
						},
						{
							"origin": [-0.47431, -0.16778, -1.41783],
							"size": [0.9486, 0.94862, 1.36516],
							"inflate": -0.099,
							"uv": {
								"north": {"uv": [179, 96], "uv_size": [2, 2]},
								"east": {"uv": [171, 29], "uv_size": [3, 2]},
								"south": {"uv": [179, 99], "uv_size": [2, 2]},
								"west": {"uv": [40, 171], "uv_size": [3, 2]}
							}
						},
						{
							"origin": [0.20827, -0.06316, -1.31841],
							"size": [0.41654, 0.20827, 1.16632],
							"pivot": [0.62481, 0.14511, -0.73526],
							"rotation": [0, 0, 35],
							"uv": {
								"north": {"uv": [35, 195], "uv_size": [1, 0.5]},
								"south": {"uv": [195, 36], "uv_size": [1, 0.5]},
								"up": {"uv": [183, 178], "uv_size": [1, 3]}
							}
						},
						{
							"origin": [-0.62481, -0.27143, -1.31841],
							"size": [1.24963, 0.41654, 1.16632],
							"uv": {
								"north": {"uv": [183, 144], "uv_size": [3, 1]},
								"east": {"uv": [183, 146], "uv_size": [3, 1]},
								"south": {"uv": [183, 148], "uv_size": [3, 1]},
								"west": {"uv": [183, 150], "uv_size": [3, 1]},
								"down": {"uv": [4, 162], "uv_size": [3, -3]}
							}
						},
						{
							"origin": [-0.62481, -0.06316, -1.31841],
							"size": [0.41654, 0.20827, 1.16632],
							"pivot": [-0.62481, 0.14511, -0.73526],
							"rotation": [0, 0, -35],
							"uv": {
								"north": {"uv": [36, 195], "uv_size": [-1, 0.5]},
								"south": {"uv": [196, 36], "uv_size": [-1, 0.5]},
								"up": {"uv": [184, 178], "uv_size": [-1, 3]}
							}
						}
					]
				},
				{
					"name": "clip",
					"parent": "scope_body",
					"pivot": [0.58837, 2.88473, 8.68475]
				},
				{
					"name": "group",
					"parent": "clip",
					"pivot": [0.71069, -0.23934, 2.87479]
				},
				{
					"name": "rear_scope",
					"parent": "scope_body",
					"pivot": [0, 0.68631, 2.14197]
				}
			]
		}
	]
}