{
	"format_version": "1.21.0",
	"minecraft:geometry": [
		{
			"description": {
				"identifier": "geometry.unknown",
				"texture_width": 64,
				"texture_height": 64,
				"visible_bounds_width": 56,
				"visible_bounds_height": 3,
				"visible_bounds_offset": [0, 0.5, 0]
			},
			"bones": [
				{
					"name": "the",
					"pivot": [0.175, 0.38921, 0.138],
					"cubes": [
						{
							"origin": [-0.56594, -0.36035, -0.74869],
							"size": [1.09688, 0.43688, 1.75688],
							"inflate": 0.002,
							"uv": {
								"north": {"uv": [21, 24], "uv_size": [5, 2]},
								"east": {"uv": [18, 15], "uv_size": [8, 2]},
								"south": {"uv": [0, 25], "uv_size": [5, 2]},
								"west": {"uv": [18, 18], "uv_size": [8, 2]},
								"down": {"uv": [0, 8], "uv_size": [5, -8]}
							}
						},
						{
							"origin": [-0.64388, -0.25191, -0.42025],
							"size": [0.22, 0.22, 0.22],
							"pivot": [-0.53388, -0.14191, -0.31025],
							"rotation": [45, 0, 0],
							"uv": {
								"north": {"uv": [29, 4], "uv_size": [1, 1]},
								"east": {"uv": [7, 29], "uv_size": [1, 1]},
								"south": {"uv": [19, 34], "uv_size": [1, 1]},
								"west": {"uv": [43, 3], "uv_size": [1, 1]},
								"up": {"uv": [43, 5], "uv_size": [1, 1]},
								"down": {"uv": [6, 44], "uv_size": [1, -1]}
							}
						},
						{
							"origin": [-0.58063, 0.50159, -2.29025],
							"size": [0.22, 0.22, 0.22],
							"pivot": [-0.47063, 0.61159, -2.18025],
							"rotation": [45, 0, 0],
							"uv": {
								"north": {"uv": [43, 7], "uv_size": [1, 1]},
								"east": {"uv": [43, 9], "uv_size": [1, 1]},
								"south": {"uv": [43, 11], "uv_size": [1, 1]},
								"west": {"uv": [43, 13], "uv_size": [1, 1]},
								"up": {"uv": [15, 43], "uv_size": [1, 1]},
								"down": {"uv": [43, 28], "uv_size": [1, -1]}
							}
						},
						{
							"origin": [-0.1275, 0.95747, -2.29025],
							"size": [0.22, 0.22, 0.22],
							"pivot": [-0.0175, 1.06747, -2.18025],
							"rotation": [0, 45, 0],
							"uv": {
								"north": {"uv": [30, 43], "uv_size": [1, 1]},
								"east": {"uv": [32, 43], "uv_size": [1, 1]},
								"south": {"uv": [43, 32], "uv_size": [1, 1]},
								"west": {"uv": [34, 43], "uv_size": [1, 1]},
								"up": {"uv": [43, 34], "uv_size": [1, 1]},
								"down": {"uv": [43, 39], "uv_size": [1, -1]}
							}
						},
						{
							"origin": [-0.64388, -0.25191, 0.45975],
							"size": [0.22, 0.22, 0.22],
							"pivot": [-0.53388, -0.14191, 0.56975],
							"rotation": [45, 0, 0],
							"uv": {
								"north": {"uv": [43, 40], "uv_size": [1, 1]},
								"east": {"uv": [2, 44], "uv_size": [1, 1]},
								"south": {"uv": [4, 44], "uv_size": [1, 1]},
								"west": {"uv": [8, 44], "uv_size": [1, 1]},
								"up": {"uv": [10, 44], "uv_size": [1, 1]},
								"down": {"uv": [12, 45], "uv_size": [1, -1]}
							}
						},
						{
							"origin": [-0.2375, 0.07809, -0.75025],
							"size": [0.44, 0.22, 1.76],
							"uv": {
								"north": {"uv": [27, 19], "uv_size": [2, 1]},
								"south": {"uv": [40, 38], "uv_size": [2, 1]},
								"down": {"uv": [6, 24], "uv_size": [2, -8]}
							}
						},
						{
							"origin": [-0.6775, 0.07809, -0.75025],
							"size": [0.44, 0.22, 1.76],
							"pivot": [-0.2375, 0.07809, 0.12975],
							"rotation": [0, 0, 45],
							"uv": {
								"north": {"uv": [40, 40], "uv_size": [2, 1]},
								"south": {"uv": [6, 41], "uv_size": [2, 1]},
								"down": {"uv": [18, 29], "uv_size": [2, -8]}
							}
						},
						{
							"origin": [-0.54785, 0.38999, -0.74947],
							"size": [0.21844, 0.43844, 1.75844],
							"inflate": 0.001,
							"uv": {
								"north": {"uv": [16, 31], "uv_size": [1, 2]},
								"east": {"uv": [21, 21], "uv_size": [8, 2]},
								"south": {"uv": [9, 41], "uv_size": [1, 2]}
							}
						},
						{
							"origin": [0.29441, 0.38999, -0.74947],
							"size": [0.21844, 0.43844, 1.75844],
							"inflate": 0.001,
							"uv": {
								"north": {"uv": [11, 41], "uv_size": [1, 2]},
								"south": {"uv": [41, 12], "uv_size": [1, 2]},
								"west": {"uv": [22, 6], "uv_size": [8, 2]}
							}
						},
						{
							"origin": [0.2025, 0.07809, -0.75025],
							"size": [0.44, 0.22, 1.76],
							"pivot": [0.2025, 0.07809, 0.12975],
							"rotation": [0, 0, -45],
							"uv": {
								"north": {"uv": [41, 30], "uv_size": [2, 1]},
								"south": {"uv": [3, 42], "uv_size": [2, 1]},
								"down": {"uv": [9, 30], "uv_size": [2, -8]}
							}
						},
						{
							"origin": [-0.6775, 0.92034, -0.75025],
							"size": [0.44, 0.22, 1.76],
							"pivot": [-0.2375, 1.14034, 0.12975],
							"rotation": [0, 0, -45],
							"uv": {
								"north": {"uv": [42, 15], "uv_size": [2, 1]},
								"south": {"uv": [42, 17], "uv_size": [2, 1]},
								"up": {"uv": [12, 22], "uv_size": [2, 8]}
							}
						},
						{
							"origin": [-0.3475, 0.97534, -0.75025],
							"size": [0.66, 0.22, 1.76],
							"uv": {
								"north": {"uv": [25, 4], "uv_size": [3, 1]},
								"east": {"uv": [25, 0], "uv_size": [8, 1]},
								"south": {"uv": [40, 36], "uv_size": [3, 1]},
								"west": {"uv": [25, 2], "uv_size": [8, 1]},
								"up": {"uv": [18, 6], "uv_size": [3, 8]}
							}
						},
						{
							"origin": [0.2025, 0.92034, -0.75025],
							"size": [0.44, 0.22, 1.76],
							"pivot": [0.2025, 1.14034, 0.12975],
							"rotation": [0, 0, 45],
							"uv": {
								"north": {"uv": [18, 42], "uv_size": [2, 1]},
								"south": {"uv": [42, 19], "uv_size": [2, 1]},
								"up": {"uv": [15, 22], "uv_size": [2, 8]}
							}
						},
						{
							"origin": [-0.23672, 0.07887, -2.50947],
							"size": [0.43844, 0.38344, 0.65844],
							"inflate": 0.001,
							"uv": {
								"north": {"uv": [4, 33], "uv_size": [2, 2]},
								"south": {"uv": [33, 15], "uv_size": [2, 2]},
								"down": {"uv": [6, 28], "uv_size": [2, -3]}
							}
						},
						{
							"origin": [-0.6775, 0.07809, -2.51025],
							"size": [0.44, 0.385, 0.66],
							"pivot": [-0.2375, 0.07809, -2.73025],
							"rotation": [0, 0, 45],
							"uv": {
								"north": {"uv": [33, 18], "uv_size": [2, 2]},
								"south": {"uv": [21, 33], "uv_size": [2, 2]},
								"down": {"uv": [27, 18], "uv_size": [2, -3]}
							}
						},
						{
							"origin": [-0.54785, 0.38999, -2.50947],
							"size": [0.38344, 0.43844, 0.65844],
							"inflate": 0.001,
							"uv": {
								"north": {"uv": [33, 21], "uv_size": [2, 2]},
								"east": {"uv": [21, 27], "uv_size": [3, 2]},
								"south": {"uv": [33, 24], "uv_size": [2, 2]}
							}
						},
						{
							"origin": [0.2025, 0.07809, -2.51025],
							"size": [0.44, 0.385, 0.66],
							"pivot": [0.2025, 0.07809, -2.73025],
							"rotation": [0, 0, -45],
							"uv": {
								"north": {"uv": [0, 34], "uv_size": [2, 2]},
								"south": {"uv": [34, 0], "uv_size": [2, 2]},
								"down": {"uv": [27, 27], "uv_size": [2, -3]}
							}
						},
						{
							"origin": [0.12941, 0.38999, -2.50947],
							"size": [0.38344, 0.43844, 0.65844],
							"inflate": 0.001,
							"uv": {
								"north": {"uv": [34, 3], "uv_size": [2, 2]},
								"south": {"uv": [34, 6], "uv_size": [2, 2]},
								"west": {"uv": [0, 28], "uv_size": [3, 2]}
							}
						},
						{
							"origin": [0.2025, 0.75534, -2.51025],
							"size": [0.44, 0.385, 0.66],
							"pivot": [0.2025, 1.14034, -2.73025],
							"rotation": [0, 0, 45],
							"uv": {
								"north": {"uv": [34, 9], "uv_size": [2, 2]},
								"south": {"uv": [16, 34], "uv_size": [2, 2]},
								"up": {"uv": [25, 28], "uv_size": [2, 3]}
							}
						},
						{
							"origin": [-0.23672, 0.75612, -2.50947],
							"size": [0.43844, 0.38344, 0.65844],
							"inflate": 0.001,
							"uv": {
								"north": {"uv": [34, 27], "uv_size": [2, 2]},
								"south": {"uv": [31, 34], "uv_size": [2, 2]},
								"up": {"uv": [28, 28], "uv_size": [2, 3]}
							}
						},
						{
							"origin": [-0.6775, 0.75534, -2.51025],
							"size": [0.44, 0.385, 0.66],
							"pivot": [-0.2375, 1.14034, -2.73025],
							"rotation": [0, 0, -45],
							"uv": {
								"north": {"uv": [34, 34], "uv_size": [2, 2]},
								"south": {"uv": [7, 35], "uv_size": [2, 2]},
								"up": {"uv": [4, 29], "uv_size": [2, 3]}
							}
						},
						{
							"origin": [-0.56906, 0.07653, -0.75181],
							"size": [0.26162, 0.35512, 1.76312],
							"inflate": -0.002,
							"pivot": [-0.5675, 0.07809, 0.12975],
							"rotation": [0, 0, 45],
							"uv": {
								"north": {"uv": [13, 41], "uv_size": [1, 2]},
								"east": {"uv": [22, 9], "uv_size": [8, 2]},
								"south": {"uv": [21, 42], "uv_size": [1, 2]}
							}
						},
						{
							"origin": [0.27244, 0.07653, -0.75181],
							"size": [0.26162, 0.35512, 1.76312],
							"inflate": -0.002,
							"pivot": [0.5325, 0.07809, 0.12975],
							"rotation": [0, 0, -45],
							"uv": {
								"north": {"uv": [42, 21], "uv_size": [1, 2]},
								"south": {"uv": [23, 42], "uv_size": [1, 2]},
								"west": {"uv": [22, 12], "uv_size": [8, 2]}
							}
						},
						{
							"origin": [-0.6775, 0.75534, -1.63025],
							"size": [0.44, 0.385, 0.66],
							"pivot": [-0.2375, 1.14034, -1.85025],
							"rotation": [0, 0, -45],
							"uv": {
								"north": {"uv": [10, 35], "uv_size": [2, 2]},
								"south": {"uv": [35, 12], "uv_size": [2, 2]},
								"up": {"uv": [30, 15], "uv_size": [2, 3]}
							}
						},
						{
							"origin": [-0.23672, 0.75612, -1.62947],
							"size": [0.43844, 0.38344, 0.65844],
							"inflate": 0.001,
							"uv": {
								"north": {"uv": [13, 35], "uv_size": [2, 2]},
								"south": {"uv": [35, 30], "uv_size": [2, 2]},
								"up": {"uv": [18, 30], "uv_size": [2, 3]}
							}
						},
						{
							"origin": [0.2025, 0.75534, -1.63025],
							"size": [0.44, 0.385, 0.66],
							"pivot": [0.2025, 1.14034, -1.85025],
							"rotation": [0, 0, 45],
							"uv": {
								"north": {"uv": [3, 36], "uv_size": [2, 2]},
								"south": {"uv": [36, 15], "uv_size": [2, 2]},
								"up": {"uv": [30, 19], "uv_size": [2, 3]}
							}
						},
						{
							"origin": [0.12941, 0.38999, -1.62947],
							"size": [0.38344, 0.43844, 0.65844],
							"inflate": 0.001,
							"uv": {
								"north": {"uv": [36, 18], "uv_size": [2, 2]},
								"south": {"uv": [19, 36], "uv_size": [2, 2]},
								"west": {"uv": [21, 30], "uv_size": [3, 2]}
							}
						},
						{
							"origin": [0.2025, 0.07809, -1.63025],
							"size": [0.44, 0.385, 0.66],
							"pivot": [0.2025, 0.07809, -1.85025],
							"rotation": [0, 0, -45],
							"uv": {
								"north": {"uv": [36, 21], "uv_size": [2, 2]},
								"south": {"uv": [22, 36], "uv_size": [2, 2]},
								"down": {"uv": [30, 26], "uv_size": [2, -3]}
							}
						},
						{
							"origin": [-0.54785, 0.38999, -1.62947],
							"size": [0.38344, 0.43844, 0.65844],
							"inflate": 0.001,
							"uv": {
								"north": {"uv": [36, 24], "uv_size": [2, 2]},
								"east": {"uv": [0, 31], "uv_size": [3, 2]},
								"south": {"uv": [25, 36], "uv_size": [2, 2]}
							}
						},
						{
							"origin": [-0.6775, 0.07809, -1.63025],
							"size": [0.44, 0.385, 0.66],
							"pivot": [-0.2375, 0.07809, -1.85025],
							"rotation": [0, 0, 45],
							"uv": {
								"north": {"uv": [28, 36], "uv_size": [2, 2]},
								"south": {"uv": [0, 37], "uv_size": [2, 2]},
								"down": {"uv": [31, 7], "uv_size": [2, -3]}
							}
						},
						{
							"origin": [-0.23672, 0.07887, -1.62947],
							"size": [0.43844, 0.38344, 0.65844],
							"inflate": 0.001,
							"uv": {
								"north": {"uv": [37, 0], "uv_size": [2, 2]},
								"south": {"uv": [37, 3], "uv_size": [2, 2]},
								"down": {"uv": [7, 34], "uv_size": [2, -3]}
							}
						},
						{
							"origin": [-0.6775, 0.75534, 1.22975],
							"size": [0.44, 0.385, 0.66],
							"pivot": [-0.2375, 1.14034, 1.00975],
							"rotation": [0, 0, -45],
							"uv": {
								"north": {"uv": [37, 6], "uv_size": [2, 2]},
								"south": {"uv": [37, 9], "uv_size": [2, 2]},
								"up": {"uv": [31, 8], "uv_size": [2, 3]}
							}
						},
						{
							"origin": [-0.23672, 0.75612, 1.23053],
							"size": [0.43844, 0.38344, 0.65844],
							"inflate": 0.001,
							"uv": {
								"north": {"uv": [16, 37], "uv_size": [2, 2]},
								"south": {"uv": [37, 27], "uv_size": [2, 2]},
								"up": {"uv": [10, 31], "uv_size": [2, 3]}
							}
						},
						{
							"origin": [0.2025, 0.75534, 1.22975],
							"size": [0.44, 0.385, 0.66],
							"pivot": [0.2025, 1.14034, 1.00975],
							"rotation": [0, 0, 45],
							"uv": {
								"north": {"uv": [31, 37], "uv_size": [2, 2]},
								"south": {"uv": [37, 33], "uv_size": [2, 2]},
								"up": {"uv": [13, 31], "uv_size": [2, 3]}
							}
						},
						{
							"origin": [0.12941, 0.38999, 1.23053],
							"size": [0.38344, 0.43844, 0.65844],
							"inflate": 0.001,
							"uv": {
								"north": {"uv": [34, 37], "uv_size": [2, 2]},
								"south": {"uv": [37, 36], "uv_size": [2, 2]},
								"west": {"uv": [31, 12], "uv_size": [3, 2]}
							}
						},
						{
							"origin": [0.2025, 0.07809, 1.22975],
							"size": [0.44, 0.385, 0.66],
							"pivot": [0.2025, 0.07809, 1.00975],
							"rotation": [0, 0, -45],
							"uv": {
								"north": {"uv": [6, 38], "uv_size": [2, 2]},
								"south": {"uv": [9, 38], "uv_size": [2, 2]},
								"down": {"uv": [31, 30], "uv_size": [2, -3]}
							}
						},
						{
							"origin": [-0.54785, 0.38999, 1.23053],
							"size": [0.38344, 0.43844, 0.65844],
							"inflate": 0.001,
							"uv": {
								"north": {"uv": [12, 38], "uv_size": [2, 2]},
								"east": {"uv": [31, 31], "uv_size": [3, 2]},
								"south": {"uv": [38, 12], "uv_size": [2, 2]}
							}
						},
						{
							"origin": [-0.6775, 0.07809, 1.22975],
							"size": [0.44, 0.385, 0.66],
							"pivot": [-0.2375, 0.07809, 1.00975],
							"rotation": [0, 0, 45],
							"uv": {
								"north": {"uv": [38, 30], "uv_size": [2, 2]},
								"south": {"uv": [3, 39], "uv_size": [2, 2]},
								"down": {"uv": [25, 35], "uv_size": [2, -3]}
							}
						},
						{
							"origin": [-0.23672, 0.07887, 1.23053],
							"size": [0.43844, 0.38344, 0.65844],
							"inflate": 0.001,
							"uv": {
								"north": {"uv": [39, 15], "uv_size": [2, 2]},
								"south": {"uv": [39, 18], "uv_size": [2, 2]},
								"down": {"uv": [28, 35], "uv_size": [2, -3]}
							}
						},
						{
							"origin": [-0.13772, 0.31787, 1.81353],
							"size": [0.24044, 0.21019, 0.36144],
							"inflate": 0.001,
							"uv": {
								"north": {"uv": [17, 44], "uv_size": [1, 1]},
								"south": {"uv": [19, 44], "uv_size": [1, 1]},
								"down": {"uv": [42, 26], "uv_size": [1, -2]}
							}
						},
						{
							"origin": [-0.1385, 0.31709, 1.81275],
							"size": [0.242, 0.21175, 0.363],
							"pivot": [-0.0175, 0.60921, 1.99425],
							"rotation": [0, 0, 45],
							"uv": {
								"north": {"uv": [44, 21], "uv_size": [1, 1]},
								"south": {"uv": [44, 23], "uv_size": [1, 1]},
								"down": {"uv": [25, 44], "uv_size": [1, -2]}
							}
						},
						{
							"origin": [-0.30806, 0.48977, 1.81431],
							"size": [0.37088, 0.23888, 0.35988],
							"inflate": 0.002,
							"uv": {
								"north": {"uv": [44, 25], "uv_size": [1, 1]},
								"east": {"uv": [27, 42], "uv_size": [2, 1]},
								"south": {"uv": [27, 44], "uv_size": [1, 1]}
							}
						},
						{
							"origin": [-0.1385, 0.31709, 1.81275],
							"size": [0.242, 0.21175, 0.363],
							"pivot": [-0.0175, 0.60921, 1.99425],
							"rotation": [0, 0, -45],
							"uv": {
								"north": {"uv": [44, 29], "uv_size": [1, 1]},
								"south": {"uv": [44, 36], "uv_size": [1, 1]},
								"down": {"uv": [37, 44], "uv_size": [1, -2]}
							}
						},
						{
							"origin": [0.06443, 0.48977, 1.81431],
							"size": [0.20863, 0.23888, 0.35988],
							"inflate": 0.002,
							"uv": {
								"north": {"uv": [39, 44], "uv_size": [1, 1]},
								"south": {"uv": [44, 42], "uv_size": [1, 1]},
								"west": {"uv": [39, 42], "uv_size": [2, 1]}
							}
						},
						{
							"origin": [-0.1385, 0.68958, 1.81275],
							"size": [0.242, 0.21175, 0.363],
							"pivot": [-0.0175, 0.60921, 1.99425],
							"rotation": [0, 0, 45],
							"uv": {
								"north": {"uv": [44, 44], "uv_size": [1, 1]},
								"south": {"uv": [45, 0], "uv_size": [1, 1]},
								"up": {"uv": [42, 42], "uv_size": [1, 2]}
							}
						},
						{
							"origin": [-0.13772, 0.69036, 1.81353],
							"size": [0.24044, 0.21019, 0.36144],
							"inflate": 0.001,
							"uv": {
								"north": {"uv": [45, 2], "uv_size": [1, 1]},
								"south": {"uv": [45, 4], "uv_size": [1, 1]},
								"up": {"uv": [0, 43], "uv_size": [1, 2]}
							}
						},
						{
							"origin": [-0.1385, 0.68958, 1.81275],
							"size": [0.242, 0.21175, 0.363],
							"pivot": [-0.0175, 0.60921, 1.99425],
							"rotation": [0, 0, -45],
							"uv": {
								"north": {"uv": [6, 45], "uv_size": [1, 1]},
								"south": {"uv": [45, 6], "uv_size": [1, 1]},
								"up": {"uv": [43, 0], "uv_size": [1, 2]}
							}
						},
						{
							"origin": [-0.20809, 0.14794, -1.93249],
							"size": [0.38118, 0.33333, 3.33798],
							"inflate": 0.001,
							"uv": {
								"north": {"uv": [19, 39], "uv_size": [2, 2]},
								"south": {"uv": [39, 21], "uv_size": [2, 2]},
								"down": {"uv": [6, 15], "uv_size": [2, -15]}
							}
						},
						{
							"origin": [-0.2089, 0.14713, -1.9333],
							"size": [0.3828, 0.33495, 3.3396],
							"pivot": [-0.0175, 0.60921, -0.3735],
							"rotation": [0, 0, 45],
							"uv": {
								"north": {"uv": [22, 39], "uv_size": [2, 2]},
								"south": {"uv": [39, 24], "uv_size": [2, 2]},
								"down": {"uv": [0, 24], "uv_size": [2, -15]}
							}
						},
						{
							"origin": [-0.47877, 0.41862, -1.93249],
							"size": [0.33333, 0.38118, 3.33798],
							"inflate": 0.001,
							"uv": {
								"north": {"uv": [25, 39], "uv_size": [2, 2]},
								"east": {"uv": [9, 0], "uv_size": [15, 2]},
								"south": {"uv": [28, 39], "uv_size": [2, 2]}
							}
						},
						{
							"origin": [-0.2089, 0.14713, -1.9333],
							"size": [0.3828, 0.33495, 3.3396],
							"pivot": [-0.0175, 0.60921, -0.3735],
							"rotation": [0, 0, -45],
							"uv": {
								"north": {"uv": [37, 39], "uv_size": [2, 2]},
								"south": {"uv": [0, 40], "uv_size": [2, 2]},
								"down": {"uv": [3, 24], "uv_size": [2, -15]}
							}
						},
						{
							"origin": [0.11044, 0.41862, -1.93249],
							"size": [0.33333, 0.38118, 3.33798],
							"inflate": 0.001,
							"uv": {
								"north": {"uv": [40, 0], "uv_size": [2, 2]},
								"south": {"uv": [40, 3], "uv_size": [2, 2]},
								"west": {"uv": [9, 3], "uv_size": [15, 2]}
							}
						},
						{
							"origin": [-0.2089, 0.73634, -1.9333],
							"size": [0.3828, 0.33495, 3.3396],
							"pivot": [-0.0175, 0.60921, -0.3735],
							"rotation": [0, 0, 45],
							"uv": {
								"north": {"uv": [40, 6], "uv_size": [2, 2]},
								"south": {"uv": [40, 9], "uv_size": [2, 2]},
								"up": {"uv": [9, 6], "uv_size": [2, 15]}
							}
						},
						{
							"origin": [-0.20809, 0.73715, -1.93249],
							"size": [0.38118, 0.33333, 3.33798],
							"inflate": 0.001,
							"uv": {
								"north": {"uv": [15, 40], "uv_size": [2, 2]},
								"south": {"uv": [40, 27], "uv_size": [2, 2]},
								"up": {"uv": [12, 6], "uv_size": [2, 15]}
							}
						},
						{
							"origin": [-0.2089, 0.73634, -1.9333],
							"size": [0.3828, 0.33495, 3.3396],
							"pivot": [-0.0175, 0.60921, -0.3735],
							"rotation": [0, 0, -45],
							"uv": {
								"north": {"uv": [31, 40], "uv_size": [2, 2]},
								"south": {"uv": [40, 33], "uv_size": [2, 2]},
								"up": {"uv": [15, 6], "uv_size": [2, 15]}
							}
						}
					]
				},
				{
					"name": "light_illuminated",
					"parent": "the",
					"pivot": [-0.0175, 0.60921, -2.502],
					"cubes": [
						{
							"origin": [-0.20922, 0.38999, -2.50122],
							"size": [0.38344, 0.43844, -0.00156],
							"inflate": 0.001,
							"uv": {
								"north": {"uv": [34, 40], "uv_size": [2, 2]}
							}
						}
					]
				},
				{
					"name": "light2_illuminated",
					"parent": "the",
					"pivot": [-0.0175, 0.60921, -432.502],
					"cubes": [
						{
							"origin": [-1.14182, -0.53656, -432.50117],
							"size": [2.24864, 2.29154, -0.00166],
							"inflate": 0.001,
							"pivot": [-0.0175, 0.60921, -432.502],
							"rotation": [0, 180, 0],
							"uv": {
								"north": {"uv": [34, 40], "uv_size": [2, 2]}
							}
						}
					]
				},
				{
					"name": "laser_beam",
					"pivot": [-0.0125, 0.60313, -2.5]
				}
			]
		}
	]
}