{
	"format_version": "1.8.0",
	"animations": {
		"static_idle": {
			"loop": true,
			"bones": {
				"lefthand": {
					"rotation": [92.08205, -35.83371, -136.28586],
					"position": [7.52384, 0.9707, -7.50815],
					"scale": [1, 1.5, 1]
				},
				"righthand": {
					"rotation": [106.42938, 10.46118, -164.1255],
					"position": [-7.26719, 2.8875, 3.41329],
					"scale": [1, 1.5, 1]
				},
				"righthand_pos": {
					"position": [0, 0, 0]
				}
			}
		},
		"static_bolt_caught": {
			"loop": true,
			"bones": {
				"lefthand": {
					"rotation": [92.08205, -35.83371, -136.28586],
					"position": [7.52384, 0.9707, -7.50815],
					"scale": [1, 1.5, 1]
				},
				"righthand": {
					"rotation": [106.42938, 10.46118, -164.1255],
					"position": [-7.26719, 2.8875, 3.41329],
					"scale": [1, 1.5, 1]
				},
				"righthand_pos": {
					"position": [0, 0, 0]
				},
				"proyektil": {
					"scale": 0
				}
			}
		},
		"reload_empty": {
			"animation_length": 3.8542,
			"bones": {
				"barrel": {
					"rotation": {
						"0.5625": [0, 0, 0],
						"0.6667": [30, 0, 0],
						"1.2917": [30, 0, 0],
						"2.25": [30, 0, 0],
						"3.0": [30, 0, 0],
						"3.2396": [30, 0, 0],
						"3.375": [0, 0, 0],
						"3.5": [0, 0, 0]
					}
				},
				"lever": {
					"rotation": {
						"0.4479": [0, 0, 0],
						"0.5625": [0, -37.5, 0],
						"3.3438": [0, -37.5, 0],
						"3.375": [0, 0, 0]
					}
				},
				"mekaniks": {
					"rotation": {
						"0.5625": [0, 0, 0],
						"0.6667": [-33.5, 0, 0],
						"3.25": [-33.5, 0, 0],
						"3.375": [0, 0, 0]
					}
				},
				"ejector": {
					"position": {
						"0.5833": [0, 0, 0],
						"0.6563": [0, 0, 0.41016],
						"3.2708": [0, 0, 0.41016],
						"3.3333": [0, 0, 0]
					}
				},
				"buled": {
					"rotation": {
						"1.2917": [0, 0, 0],
						"1.3542": [0, 0, 0],
						"1.4583": [-50.10064, -14.02846, 20.9057],
						"1.6979": [-91.53626, -15.84637, -2.31699],
						"1.8542": [-175.24838, 17.08811, 25.55087],
						"2.0104": [-60.52972, -14.36495, 23.70348],
						"2.1979": [-26.7462, -21.90754, 17.54562],
						"2.3854": [0, 0, 0],
						"2.4479": [-3.34158, -1.34386, 2.29621],
						"2.5521": [0.69911, 2.29097, -0.70228],
						"2.6146": [0, 0, 0]
					},
					"position": {
						"0.5833": [0, 0, 0],
						"0.6563": [0, 0, 0.41016],
						"1.2917": [0, 0, 0.41016],
						"1.3542": [0, 0, 2.16797],
						"1.4583": [-1.29127, -1.41079, 2.06917],
						"1.6979": [-2.32775, -5.8878, 0.53925],
						"1.8542": [-1.84358, -17.15569, -3.56458],
						"2.0104": [-4.52421, -8.62003, 4.71388],
						"2.1979": [-1.41404, -1.40503, 3.83341],
						"2.3854": [0, 0, 1.95886],
						"2.4479": [-0.02344, -0.08984, 1.96],
						"2.5521": [-0.02344, -0.08984, 1.69047],
						"2.6146": [0, 0, 0.41016],
						"3.2708": [0, 0, 0.41016],
						"3.3333": [0, 0, 0]
					},
					"scale": {
						"1.8542": [1, 1, 1],
						"1.8646": [0, 0, 0],
						"2.0104": [1, 1, 1],
						"2.3854": [1, 1, 1],
						"2.5521": [1, 1, 1],
						"2.6146": [1, 1, 1]
					}
				},
				"proyektil": {
					"scale": {
						"0.0": [0, 0, 0],
						"1.8854": [0, 0, 0],
						"1.8958": [1, 1, 1],
						"3.0": [1, 1, 1],
						"3.5": [1, 1, 1]
					}
				},
				"root": {
					"rotation": {
						"0.0": {
							"post": [0, 0, 0],
							"lerp_mode": "catmullrom"
						},
						"0.1458": {
							"post": [7.5, -5, 7.5],
							"lerp_mode": "catmullrom"
						},
						"0.2083": [8.89, -5.48, 4.5],
						"0.2917": [7.5, -5, 7.5],
						"0.4271": {
							"pre": [10, -2.5, 5],
							"post": [10, -2.5, 5],
							"lerp_mode": "catmullrom"
						},
						"0.5417": {
							"post": [9.83648, -4.39875, 9.82702],
							"lerp_mode": "catmullrom"
						},
						"0.625": {
							"post": [-5.16, -4.4, 9.83],
							"lerp_mode": "catmullrom"
						},
						"0.7083": {
							"post": [-0.38, -5.26, 15.68],
							"lerp_mode": "catmullrom"
						},
						"0.7813": {
							"post": [-0.16, -6.9, 9.83],
							"lerp_mode": "catmullrom"
						},
						"0.8646": {
							"post": [-4.71, -7.7, 10.84],
							"lerp_mode": "catmullrom"
						},
						"0.9583": {
							"post": [-5.74, -8.49, 9.55],
							"lerp_mode": "catmullrom"
						},
						"1.0417": {
							"post": [-5.16, -9.4, 4.83],
							"lerp_mode": "catmullrom"
						},
						"1.1563": {
							"post": [-5.91, -11.9, -7.67],
							"lerp_mode": "catmullrom"
						},
						"1.2917": {
							"post": [-12.66, -11.9, -5.17],
							"lerp_mode": "catmullrom"
						},
						"1.3958": {
							"post": [-15.16, -11.9, -12.67],
							"lerp_mode": "catmullrom"
						},
						"1.6354": {
							"post": [-10.16, 5.6, -7.67],
							"lerp_mode": "catmullrom"
						},
						"1.7917": {
							"post": [-10.16, 5.6, -2.67],
							"lerp_mode": "catmullrom"
						},
						"1.9375": {
							"post": [-7.66, 3.1, -2.67],
							"lerp_mode": "catmullrom"
						},
						"2.1354": {
							"post": [-7.16, 4.85, -2.67],
							"lerp_mode": "catmullrom"
						},
						"2.3125": {
							"post": [-10.16, 8.1, -2.67],
							"lerp_mode": "catmullrom"
						},
						"2.5": {
							"post": [-15.16, 8.1, 2.33],
							"lerp_mode": "catmullrom"
						},
						"2.6563": {
							"post": [-16.91, 10.6, 2.33],
							"lerp_mode": "catmullrom"
						},
						"2.7396": {
							"post": [-14.41, 12.1, 4.58],
							"lerp_mode": "catmullrom"
						},
						"2.875": {
							"post": [-11.91, 12.1, 2.08],
							"lerp_mode": "catmullrom"
						},
						"3.125": {
							"post": [-12.66, 3.1, 7.33],
							"lerp_mode": "catmullrom"
						},
						"3.2396": {
							"post": [5, -2.5, 15],
							"lerp_mode": "catmullrom"
						},
						"3.3125": {
							"post": [-2.48, -1.45, 11.81],
							"lerp_mode": "catmullrom"
						},
						"3.375": {
							"post": [-10, 0, 2.5],
							"lerp_mode": "catmullrom"
						},
						"3.4167": {
							"post": [-9.61, 0.11, -0.69],
							"lerp_mode": "catmullrom"
						},
						"3.5": {
							"post": [-5.99042, 0.33954, 5.73223],
							"lerp_mode": "catmullrom"
						},
						"3.6146": {
							"post": [0.5, 0, -2.5],
							"lerp_mode": "catmullrom"
						},
						"3.7708": [0, 0, 0]
					},
					"position": {
						"0.0": {
							"post": [0, 0, 0],
							"lerp_mode": "catmullrom"
						},
						"0.1458": {
							"post": [0, 0.19531, -1],
							"lerp_mode": "catmullrom"
						},
						"0.2083": [0, -0.12, -1.53],
						"0.2917": [0, 0, -2],
						"0.4271": {
							"pre": [0, 0, -1],
							"post": [0, 0, -1],
							"lerp_mode": "catmullrom"
						},
						"0.625": {
							"post": [0, 0, -1],
							"lerp_mode": "catmullrom"
						},
						"0.7813": {
							"post": [0, -0.5, -1],
							"lerp_mode": "catmullrom"
						},
						"1.0417": {
							"post": [0, -0.5, 0],
							"lerp_mode": "catmullrom"
						},
						"1.1563": {
							"post": [0, -0.72266, 0],
							"lerp_mode": "catmullrom"
						},
						"1.2917": {
							"post": [0, -0.5, 0],
							"lerp_mode": "catmullrom"
						},
						"1.3958": {
							"post": [0, -0.5, 1],
							"lerp_mode": "catmullrom"
						},
						"1.4688": {
							"post": [0, -0.8, 0.7],
							"lerp_mode": "catmullrom"
						},
						"1.6354": {
							"post": [0, -1.5, 0.64453],
							"lerp_mode": "catmullrom"
						},
						"1.7917": {
							"post": [0, -1.5, 0],
							"lerp_mode": "catmullrom"
						},
						"1.9375": {
							"post": [0, -1.5, 0.33984],
							"lerp_mode": "catmullrom"
						},
						"2.1354": {
							"post": [0, -1.32812, 0.34],
							"lerp_mode": "catmullrom"
						},
						"2.3125": {
							"post": [0, -1, 0.34],
							"lerp_mode": "catmullrom"
						},
						"2.6563": {
							"post": [0, 0.14063, 0.34],
							"lerp_mode": "catmullrom"
						},
						"2.7396": {
							"post": [0, 0.14063, 0.22672],
							"lerp_mode": "catmullrom"
						},
						"2.875": {
							"post": [0, 0.14063, 0.22672],
							"lerp_mode": "catmullrom"
						},
						"3.125": {
							"post": [-1, -0.61, 0.34],
							"lerp_mode": "catmullrom"
						},
						"3.2396": {
							"post": [-1, 0, 0],
							"lerp_mode": "catmullrom"
						},
						"3.375": {
							"post": [0, 1, 0],
							"lerp_mode": "catmullrom"
						},
						"3.5": {
							"post": [0, 0.5, 0],
							"lerp_mode": "catmullrom"
						},
						"3.6146": {
							"post": [0, -0.08594, 0],
							"lerp_mode": "catmullrom"
						},
						"3.7708": [0, 0, 0]
					}
				},
				"lefthand": {
					"rotation": {
						"0.0": [92.08205, -35.83371, -136.28586],
						"0.1042": [91.91772, -28.33826, -135.97716],
						"0.1771": [92.08205, -35.83371, -136.28586],
						"2.9271": [92.08205, -35.83371, -136.28586],
						"3.0313": [91.91772, -28.33826, -135.97716],
						"3.125": [92.08205, -35.83371, -136.28586],
						"3.2396": [92.08205, -35.83371, -136.28586],
						"3.375": [92.08205, -35.83371, -136.28586]
					},
					"position": {
						"0.0": [7.52384, 0.9707, -7.50815],
						"0.1042": [8.23016, -0.24484, -5.16],
						"0.1771": [7.69572, 0.02539, -3.50815],
						"2.9271": [7.69572, 0.02539, -3.50815],
						"3.0313": [8.23016, -0.24484, -5.16],
						"3.125": [7.5599, 0.15751, -7.11873],
						"3.2396": [7.5599, 0.15751, -7.11873],
						"3.375": [7.52384, 0.9707, -7.50815]
					},
					"scale": {
						"0.0": [1, 1.5, 1],
						"0.1771": [1, 1.5, 1],
						"2.9271": [1, 1.5, 1],
						"3.125": [1, 1.5, 1],
						"3.2396": [1, 1.5, 1],
						"3.375": [1, 1.5, 1]
					}
				},
				"righthand": {
					"rotation": {
						"0.0": {
							"post": [106.42938, 10.46118, -164.1255],
							"lerp_mode": "catmullrom"
						},
						"0.3438": {
							"post": [106.42938, 10.46118, -164.1255],
							"lerp_mode": "catmullrom"
						},
						"0.4479": {
							"post": [106.43, 10.46, -164.13],
							"lerp_mode": "catmullrom"
						},
						"0.5625": {
							"post": [102.17544, 2.66793, -184.20076],
							"lerp_mode": "catmullrom"
						},
						"0.9271": {
							"post": [102.18, 2.67, -184.2],
							"lerp_mode": "catmullrom"
						},
						"1.1146": {
							"post": [106.42938, 10.46118, -164.1255],
							"lerp_mode": "catmullrom"
						},
						"1.2917": {
							"post": [106.42938, 10.46118, -164.1255],
							"lerp_mode": "catmullrom"
						},
						"1.3854": {
							"post": [126.90811, 23.31196, -169.51792],
							"lerp_mode": "catmullrom"
						},
						"1.8646": {
							"post": [149.72044, 40.24845, -145.14191],
							"lerp_mode": "catmullrom"
						},
						"2.0104": {
							"post": [149.72044, 40.24845, -145.14191],
							"lerp_mode": "catmullrom"
						},
						"2.3854": {
							"post": [115.43117, 17.47245, -179.74057],
							"lerp_mode": "catmullrom"
						},
						"2.4479": {
							"post": [116.11652, 16.38524, -177.38732],
							"lerp_mode": "catmullrom"
						},
						"2.5521": {
							"post": [113.63958, 5.88535, -166.16214],
							"lerp_mode": "catmullrom"
						},
						"2.6146": {
							"post": [106.42938, 10.46118, -164.1255],
							"lerp_mode": "catmullrom"
						},
						"2.8438": [102.67324, 14.49487, -178.88621],
						"2.9792": [106.43, 10.46, -164.13]
					},
					"position": {
						"0.0": {
							"post": [-7.26719, 2.8875, 3.41329],
							"lerp_mode": "catmullrom"
						},
						"0.3438": {
							"post": [-7.26719, 2.8875, 3.41329],
							"lerp_mode": "catmullrom"
						},
						"0.4479": {
							"post": [-7.67, 3.99, 1.91],
							"lerp_mode": "catmullrom"
						},
						"0.5625": {
							"post": [-7.94344, 3.99, 1.91],
							"lerp_mode": "catmullrom"
						},
						"0.9271": {
							"post": [-7.94, 3.99, 1.91],
							"lerp_mode": "catmullrom"
						},
						"1.1146": {
							"post": [-9.27827, 5.26496, -1.53628],
							"lerp_mode": "catmullrom"
						},
						"1.2917": {
							"post": [-9.27827, 5.26496, -1.53628],
							"lerp_mode": "catmullrom"
						},
						"1.3854": {
							"post": [-9.05151, 5.30814, -1.45115],
							"lerp_mode": "catmullrom"
						},
						"1.625": {
							"post": [-10.8101, 2.46976, -1.19483],
							"lerp_mode": "catmullrom"
						},
						"1.7396": {
							"post": [-11.1522, 0.22032, 1.20816],
							"lerp_mode": "catmullrom"
						},
						"1.8646": {
							"post": [-12.69556, 0.26316, 4.10678],
							"lerp_mode": "catmullrom"
						},
						"2.0104": {
							"post": [-12.69556, 0.26316, 4.10678],
							"lerp_mode": "catmullrom"
						},
						"2.1979": {
							"post": [-10.27328, 5.86813, 0.50438],
							"lerp_mode": "catmullrom"
						},
						"2.3854": {
							"post": [-8.62648, 5.3196, -0.07275],
							"lerp_mode": "catmullrom"
						},
						"2.4479": {
							"post": [-8.62648, 5.05397, -0.07275],
							"lerp_mode": "catmullrom"
						},
						"2.5521": {
							"post": [-8.78273, 5.77663, -0.07275],
							"lerp_mode": "catmullrom"
						},
						"2.6146": {
							"post": [-9.27827, 5.26496, -1.53628],
							"lerp_mode": "catmullrom"
						},
						"2.8438": [-9.16904, 4.08311, 0.45653],
						"2.9792": [-7.27, 2.89, 3.41]
					},
					"scale": [1, 1.5, 1]
				},
				"righthand_pos": {
					"position": [0, 0, 0]
				},
				"constraint": {
					"rotation": {
						"0.0": [0, 0, 0],
						"0.25": [0.4, 0.4, 0.2],
						"3.2917": [0.4, 0.4, 0.2],
						"3.7708": [0, 0, 0]
					},
					"position": {
						"0.0": [0, 0, 0],
						"0.25": [0.25, 0.25, 0.25],
						"3.2917": [0.25, 0.25, 0.25],
						"3.7708": [0, 0, 0]
					}
				},
				"badan_prima": {
					"scale": {
						"0.9375": [0, 0, 0],
						"1.9063": [0, 0, 0],
						"1.9167": [1, 1, 1]
					}
				},
				"camera": {
					"rotation": {
						"0.0": {
							"post": [0, 0, 0],
							"lerp_mode": "catmullrom"
						},
						"0.1354": {
							"post": [0.12, -0.59, 0.37],
							"lerp_mode": "catmullrom"
						},
						"0.2396": {
							"post": [0.75, -1, -0.5],
							"lerp_mode": "catmullrom"
						},
						"0.3958": {
							"post": [0.75, -1.25, 0.5],
							"lerp_mode": "catmullrom"
						},
						"0.5208": {
							"post": [0.7, -0.84, 0.79],
							"lerp_mode": "catmullrom"
						},
						"0.6875": {
							"post": [0.75, -0.25, -0.5],
							"lerp_mode": "catmullrom"
						},
						"0.7813": {
							"post": [0.75, -1, 1.75],
							"lerp_mode": "catmullrom"
						},
						"0.9479": {
							"post": [1, -0.5, -0.75],
							"lerp_mode": "catmullrom"
						},
						"1.1667": {
							"post": [1.5, 0.5, 1.75],
							"lerp_mode": "catmullrom"
						},
						"1.3333": {
							"post": [1.5, 0.75, -1.25],
							"lerp_mode": "catmullrom"
						},
						"1.4271": {
							"post": [1.53, 1.91, -1.94],
							"lerp_mode": "catmullrom"
						},
						"1.5208": {
							"post": [1.5, 1.5, 0.25],
							"lerp_mode": "catmullrom"
						},
						"1.6667": {
							"post": [1.75, 1.5, -1],
							"lerp_mode": "catmullrom"
						},
						"1.8333": {
							"post": [1.59, 1.52, -1.61],
							"lerp_mode": "catmullrom"
						},
						"1.9896": {
							"post": [1.25, 1.5, -1],
							"lerp_mode": "catmullrom"
						},
						"2.1771": {
							"post": [1.75, 1.25, -0.5],
							"lerp_mode": "catmullrom"
						},
						"2.4063": {
							"post": [1.75, 1.75, 1.75],
							"lerp_mode": "catmullrom"
						},
						"2.5313": {
							"post": [1.75, 2, 0.75],
							"lerp_mode": "catmullrom"
						},
						"2.6146": {
							"post": [1.88, 1.53, 1.58],
							"lerp_mode": "catmullrom"
						},
						"2.6771": {
							"post": [2, 1.21, -0.58],
							"lerp_mode": "catmullrom"
						},
						"2.75": {
							"post": [2.28, 1.44, -0.8],
							"lerp_mode": "catmullrom"
						},
						"2.8229": {
							"post": [2.5, 1.75, 0.25],
							"lerp_mode": "catmullrom"
						},
						"3.0104": {
							"post": [2.19, 1.53, 0.8],
							"lerp_mode": "catmullrom"
						},
						"3.1979": {
							"post": [1.5, 1, 0],
							"lerp_mode": "catmullrom"
						},
						"3.3229": {
							"post": [0.08, 0.62, 0.4],
							"lerp_mode": "catmullrom"
						},
						"3.3854": {
							"post": [-1, 0.25, -1],
							"lerp_mode": "catmullrom"
						},
						"3.5104": {
							"post": [-0.72, 0.13, 0.78],
							"lerp_mode": "catmullrom"
						},
						"3.625": {
							"post": [0, 0, -0.25],
							"lerp_mode": "catmullrom"
						},
						"3.8021": [0, 0, 0]
					}
				}
			},
			"sound_effects": {
				"0.0104": {
					"effect": "daffas_arsenal:m79/daffas_m79_reload"
				},
				"0.2708": {
					"effect": "daffas_arsenal:m79/daffas_m79_open"
				},
				"0.6354": {
					"effect": "daffas_arsenal:m79/daffas_m79_reloading"
				},
				"1.1146": {
					"effect": "daffas_arsenal:m79/daffas_m79_casa"
				},
				"1.3854": {
					"effect": "daffas_arsenal:m79/daffas_m79_baju1"
				},
				"1.9583": {
					"effect": "daffas_arsenal:m79/daffas_m79_relawan"
				},
				"2.2396": {
					"effect": "daffas_arsenal:m79/daffas_m79_boled"
				},
				"2.9063": {
					"effect": "daffas_arsenal:m79/daffas_m79_alusista"
				},
				"3.0729": {
					"effect": "daffas_arsenal:m79/daffas_m79_close"
				},
				"3.1979": {
					"effect": "daffas_arsenal:m79/daffas_m79_baju3"
				}
			}
		},
		"draw": {
			"loop": "hold_on_last_frame",
			"animation_length": 1.2292,
			"bones": {
				"sight": {
					"rotation": {
						"0.6667": [97.5, 0, 0],
						"0.7604": [0, 0, 0]
					}
				},
				"root": {
					"rotation": {
						"0.0": {
							"post": [55.65388, 9.96824, 8.99848],
							"lerp_mode": "catmullrom"
						},
						"0.2708": {
							"post": [0.65388, 4.96824, 8.99848],
							"lerp_mode": "catmullrom"
						},
						"0.4583": {
							"post": [2.25206, -9.85734, 4.50398],
							"lerp_mode": "catmullrom"
						},
						"0.5625": {
							"post": [3.62783, -16.282, 5.75098],
							"lerp_mode": "catmullrom"
						},
						"0.6771": {
							"post": [3.98, -13.86, -1.77],
							"lerp_mode": "catmullrom"
						},
						"0.7604": {
							"post": [4.13, -14.78, -4.75],
							"lerp_mode": "catmullrom"
						},
						"0.8542": {
							"post": [4.13, -14.78, -12.25],
							"lerp_mode": "catmullrom"
						},
						"0.9583": {
							"post": [4.92, -8.4, 2.83],
							"lerp_mode": "catmullrom"
						},
						"1.0521": {
							"post": [5, -2.5, -2.5],
							"lerp_mode": "catmullrom"
						},
						"1.1354": [0.5, 0, -2],
						"1.2292": [0, 0, 0]
					},
					"position": {
						"0.0": {
							"post": [-10.5375, -7.0525, 5],
							"lerp_mode": "catmullrom"
						},
						"0.2708": {
							"post": [-2.4625, -0.1775, 4],
							"lerp_mode": "catmullrom"
						},
						"0.4583": {
							"post": [-0.05, -0.85, 2],
							"lerp_mode": "catmullrom"
						},
						"0.6771": {
							"post": [0, -0.2, 0],
							"lerp_mode": "catmullrom"
						},
						"0.7604": {
							"post": [0, -0.74687, 0.69922],
							"lerp_mode": "catmullrom"
						},
						"0.9583": {
							"post": [0, 0, 0],
							"lerp_mode": "catmullrom"
						}
					}
				},
				"lefthand": {
					"rotation": {
						"0.4583": [113.95286, -27.55927, -176.5687],
						"0.6667": [113.95286, -27.55927, -176.5687],
						"0.8125": [146.16887, -27.69063, -190.65803],
						"1.0521": [92.08205, -35.83371, -136.28586]
					},
					"position": {
						"0.4583": [8.98087, 3.98242, -12.32846],
						"0.6667": [8.98087, 3.98242, -12.32846],
						"0.8125": [8.79, 6.33547, -10.50781],
						"0.9583": [9.29249, 2.1314, -8.94943],
						"1.0521": [7.52384, 0.9707, -7.50815]
					},
					"scale": {
						"0.4583": [1, 1.5, 1],
						"0.6667": [1, 1.5, 1],
						"1.0521": [1, 1.5, 1]
					}
				},
				"righthand": {
					"rotation": [106.42938, 10.46118, -164.1255],
					"position": [-7.26719, 2.8875, 3.41329],
					"scale": [1, 1.5, 1]
				},
				"righthand_pos": {
					"position": [0, 0, 0]
				},
				"constraint": {
					"rotation": {
						"0.0": [1, 1, 1],
						"0.6458": [0.5, 0.5, 0.5],
						"1.2292": [0, 0, 0]
					},
					"position": {
						"0.0": [-0.5, 0.5, 0.5],
						"0.6458": [-0.5, 0.5, 0.5],
						"1.2292": [0, 0, 0]
					}
				},
				"camera": {
					"rotation": {
						"0.0": {
							"post": [0, 0, 0],
							"lerp_mode": "catmullrom"
						},
						"0.1458": {
							"post": [0.17589, 0.5, 0.75],
							"lerp_mode": "catmullrom"
						},
						"0.3125": {
							"post": [0.10713, -0.25, -1.25],
							"lerp_mode": "catmullrom"
						},
						"0.4167": {
							"post": [-0.09187, 0.03, -1.25],
							"lerp_mode": "catmullrom"
						},
						"0.5": {
							"post": [-0.18563, 0.25, -0.25],
							"lerp_mode": "catmullrom"
						},
						"0.6458": {
							"post": [-0.60053, 0.09, -0.77],
							"lerp_mode": "catmullrom"
						},
						"0.7292": {
							"post": [-0.62233, 0, -2],
							"lerp_mode": "catmullrom"
						},
						"0.8021": {
							"post": [-0.06589, 0, 0.4],
							"lerp_mode": "catmullrom"
						},
						"0.9479": {
							"post": [0.75, 0, -0.25],
							"lerp_mode": "catmullrom"
						},
						"1.0625": {
							"post": [0, 0, 0.5],
							"lerp_mode": "catmullrom"
						},
						"1.2292": [0, 0, 0]
					}
				}
			},
			"sound_effects": {
				"0.0104": {
					"effect": "daffas_arsenal:m79/daffas_m79_draw"
				},
				"0.4688": {
					"effect": "daffas_arsenal:m79/daffas_m79_drawa"
				}
			}
		},
		"put_away": {
			"loop": "hold_on_last_frame",
			"animation_length": 1.2188,
			"bones": {
				"sight": {
					"rotation": {
						"0.125": [0, 0, 0],
						"0.3125": [0, 0, 0],
						"0.4063": [97.5, 0, 0]
					}
				},
				"root": {
					"rotation": {
						"0.0": [0, 0, 0],
						"0.125": {
							"pre": [4.92, 4.1, 2.83],
							"post": [4.92, 4.1, 2.83],
							"lerp_mode": "catmullrom"
						},
						"0.2188": {
							"post": [4.13, -2.28, -12.25],
							"lerp_mode": "catmullrom"
						},
						"0.3125": {
							"post": [4.13, -2.28, -4.75],
							"lerp_mode": "catmullrom"
						},
						"0.3958": {
							"post": [3.98, -1.36, -1.77],
							"lerp_mode": "catmullrom"
						},
						"0.5104": {
							"post": [3.62783, -3.782, 5.75098],
							"lerp_mode": "catmullrom"
						},
						"0.6146": {
							"post": [2.25206, 0.14266, 4.50398],
							"lerp_mode": "catmullrom"
						},
						"0.8021": {
							"post": [13.15388, 4.96824, 8.99848],
							"lerp_mode": "catmullrom"
						},
						"1.0729": [55.65388, 9.96824, 8.99848]
					},
					"position": {
						"0.125": {
							"pre": [0, 0, 0],
							"post": [0, 0, 0],
							"lerp_mode": "catmullrom"
						},
						"0.3125": {
							"post": [0, -0.74687, 0.69922],
							"lerp_mode": "catmullrom"
						},
						"0.3958": {
							"post": [0, -0.2, 0],
							"lerp_mode": "catmullrom"
						},
						"0.6146": {
							"post": [-0.05, -0.85, 2],
							"lerp_mode": "catmullrom"
						},
						"0.8021": {
							"post": [-2.4625, -2.1775, 4],
							"lerp_mode": "catmullrom"
						},
						"1.0729": [-7.5375, -10.0525, 5]
					}
				},
				"lefthand": {
					"rotation": {
						"0.0": [92.08205, -35.83371, -136.28586],
						"0.0729": [116.87, -32.1, -161.21],
						"0.2604": [146.16887, -27.69063, -190.65803],
						"0.4063": [113.95286, -27.55927, -176.5687],
						"0.6146": [113.95286, -27.55927, -176.5687],
						"0.8021": [92.08205, -35.83371, -136.28586]
					},
					"position": {
						"0.0": [7.52384, 0.9707, -7.50815],
						"0.0729": [9.29249, 2.1314, -8.94943],
						"0.2604": [8.79, 6.33547, -10.50781],
						"0.4063": [8.98087, 3.98242, -12.32846],
						"0.6146": [8.98087, 3.98242, -12.32846],
						"0.7292": [9.41995, 1.43305, -9.27447],
						"0.8021": [7.52384, 0.9707, -7.50815]
					},
					"scale": {
						"0.0": [1, 1.5, 1],
						"0.0729": [1, 1.5, 1],
						"0.4063": [1, 1.5, 1],
						"0.6146": [1, 1.5, 1],
						"0.8021": [1, 1.5, 1]
					}
				},
				"righthand": {
					"rotation": {
						"0.0": [106.42938, 10.46118, -164.1255],
						"0.2708": [106.43, 10.46, -164.13],
						"1.2188": [106.42938, 10.46118, -164.1255]
					},
					"position": {
						"0.0": [-7.26719, 2.8875, 3.41329],
						"0.2708": [-7.27, 2.89, 3.41],
						"1.2188": [-7.26719, 2.8875, 3.41329]
					},
					"scale": {
						"0.0": [1, 1.5, 1],
						"0.2708": [1, 1.5, 1],
						"1.2188": [1, 1.5, 1]
					}
				},
				"righthand_pos": {
					"position": {
						"0.0": [0, 0, 0],
						"0.2708": [0, 0, 0],
						"1.2188": [0, 0, 0]
					}
				},
				"constraint": {
					"rotation": {
						"0.0": [0, 0, 0],
						"0.125": [0.91, 0.91, 0.91],
						"0.875": [0.5, 0.5, 0.5],
						"1.0729": [0, 0, 0]
					},
					"position": {
						"0.0": [0, 0, 0],
						"0.125": [-0.5, 0.5, 0.5],
						"0.875": [-0.5, 0.5, 0.5],
						"1.0729": [0, 0, 0]
					}
				},
				"camera": {
					"rotation": {
						"0.0": [0, 0, 0],
						"0.125": {
							"pre": [0.75, 0, -0.25],
							"post": [0.75, 0, -0.25],
							"lerp_mode": "catmullrom"
						},
						"0.2708": {
							"post": [-0.06589, 0, 0.4],
							"lerp_mode": "catmullrom"
						},
						"0.3438": {
							"post": [-0.62233, 0, -2],
							"lerp_mode": "catmullrom"
						},
						"0.4271": {
							"post": [-0.60053, 0.09, -0.77],
							"lerp_mode": "catmullrom"
						},
						"0.5729": {
							"post": [-0.18563, 0.25, -0.25],
							"lerp_mode": "catmullrom"
						},
						"0.6563": {
							"post": [-0.09187, 0.03, -1.25],
							"lerp_mode": "catmullrom"
						},
						"0.7604": {
							"post": [0.10713, -0.25, -1.25],
							"lerp_mode": "catmullrom"
						},
						"0.9271": {
							"post": [0.17589, 0.5, 0.75],
							"lerp_mode": "catmullrom"
						},
						"1.2188": [0, 0, 0]
					}
				}
			},
			"sound_effects": {
				"0.0104": {
					"effect": "daffas_arsenal:m79/daffas_m79_baju1"
				},
				"0.0521": {
					"effect": "daffas_arsenal:m79/daffas_m79_drawa"
				},
				"0.3125": {
					"effect": "daffas_arsenal:m79/daffas_m79_reloading"
				}
			}
		},
		"inspect": {
			"animation_length": 6.4167,
			"bones": {
				"barrel": {
					"rotation": {
						"3.9375": [0, 0, 0],
						"4.0417": [29, 0, 0],
						"5.6563": [29, 0, 0],
						"5.7708": [0, 0, 0]
					}
				},
				"lever": {
					"rotation": {
						"3.8125": [0, 0, 0],
						"3.9271": [0, -37.5, 0],
						"5.7604": [0, -37.5, 0],
						"5.8125": [0, 0, 0]
					}
				},
				"mekaniks": {
					"rotation": {
						"3.9375": [0, 0, 0],
						"4.0417": [-33.5, 0, 0],
						"5.6563": [-33.5, 0, 0],
						"5.7708": [0, 0, 0]
					}
				},
				"ejector": {
					"position": {
						"3.9688": [0, 0, 0],
						"4.0417": [0, 0, 0.41016],
						"5.6667": [0, 0, 0.41016],
						"5.7188": [0, 0, 0]
					}
				},
				"buled": {
					"position": {
						"3.9688": [0, 0, 0],
						"4.0417": [0, 0, 0.41016],
						"5.6667": [0, 0, 0.41016],
						"5.7188": [0, 0, 0]
					}
				},
				"root": {
					"rotation": {
						"0.0": {
							"post": [0, 0, 0],
							"lerp_mode": "catmullrom"
						},
						"0.2083": {
							"post": [4.99527, -10.21782, 4.9905],
							"lerp_mode": "catmullrom"
						},
						"0.4167": {
							"post": [-12.75, -27, 0],
							"lerp_mode": "catmullrom"
						},
						"0.625": {
							"post": [-12.75, -27, -7.5],
							"lerp_mode": "catmullrom"
						},
						"0.8333": {
							"post": [-12.75, -27, -10],
							"lerp_mode": "catmullrom"
						},
						"1.0417": {
							"post": [-12.25, -26.5, -10],
							"lerp_mode": "catmullrom"
						},
						"1.4583": {
							"post": [-12.75, -27, -9],
							"lerp_mode": "catmullrom"
						},
						"1.5833": {
							"post": [-14.46002, -25.4776, -3.64187],
							"lerp_mode": "catmullrom"
						},
						"1.75": {
							"post": [-17.75872, -21.93805, 6.71936],
							"lerp_mode": "catmullrom"
						},
						"1.9583": {
							"post": [-17.75872, -21.93805, 4.71936],
							"lerp_mode": "catmullrom"
						},
						"2.3333": [-17.75872, -21.93805, 5.46654],
						"3.1563": {
							"pre": [-15.73, -23.1, 4.53],
							"post": [-15.73, -23.1, 4.53],
							"lerp_mode": "catmullrom"
						},
						"3.3646": {
							"post": [-9.23, -16.99, 3.71],
							"lerp_mode": "catmullrom"
						},
						"3.5625": {
							"post": [0, 0, 0],
							"lerp_mode": "catmullrom"
						},
						"3.75": {
							"post": [-9.91615, 1.29876, 7.38733],
							"lerp_mode": "catmullrom"
						},
						"3.8542": {
							"post": [-9.9299, 3.26884, 2.54242],
							"lerp_mode": "catmullrom"
						},
						"3.9375": {
							"post": [-11.6799, 3.26884, -3.45758],
							"lerp_mode": "catmullrom"
						},
						"4.1042": {
							"post": [-8.79237, 4.20686, 2.48135],
							"lerp_mode": "catmullrom"
						},
						"4.2917": {
							"post": [-16.24, 4.48, 3.19],
							"lerp_mode": "catmullrom"
						},
						"4.5833": [-25.99, -0.02, 23.44],
						"4.6667": [-25.99, -0.02, 20.94],
						"4.8958": [-25.99, -0.02, 19.44],
						"5.0833": [-25.74, 0.23, 19.69],
						"5.2917": [-25.96, -0.14, 19.62],
						"5.4792": [-25.99, -0.02, 19.44],
						"5.6667": {
							"pre": [-16.83543, -4.58112, 0.10998],
							"post": [-16.83543, -4.58112, 0.10998],
							"lerp_mode": "catmullrom"
						},
						"5.7396": {
							"post": [-15.41108, -6.00003, -4.90881],
							"lerp_mode": "catmullrom"
						},
						"5.8125": {
							"post": [-26.8661, -0.5597, -2.58122],
							"lerp_mode": "catmullrom"
						},
						"5.9583": {
							"post": [-22.85858, -0.97728, 0.2495],
							"lerp_mode": "catmullrom"
						},
						"6.125": {
							"post": [1.24989, 3.24982, -4.01636],
							"lerp_mode": "catmullrom"
						},
						"6.2396": {
							"post": [2.44, 2.23, 2.81],
							"lerp_mode": "catmullrom"
						},
						"6.3958": {
							"post": [0, 0, 0],
							"lerp_mode": "catmullrom"
						}
					},
					"position": {
						"0.0": {
							"post": [0, 0, 0],
							"lerp_mode": "catmullrom"
						},
						"0.2083": {
							"post": [0.725, 1.5, 0],
							"lerp_mode": "catmullrom"
						},
						"0.4167": {
							"post": [2, 2, -3],
							"lerp_mode": "catmullrom"
						},
						"0.625": {
							"post": [1.975, 2.3, -3],
							"lerp_mode": "catmullrom"
						},
						"0.8333": {
							"post": [1.83, 2.125, -3],
							"lerp_mode": "catmullrom"
						},
						"1.0417": {
							"post": [1.805, 2.13, -3],
							"lerp_mode": "catmullrom"
						},
						"1.4583": {
							"post": [1.83, 2.08, -3],
							"lerp_mode": "catmullrom"
						},
						"1.5833": {
							"post": [2.005, 1.93, -3],
							"lerp_mode": "catmullrom"
						},
						"1.75": {
							"post": [2.055, 1.98, -3],
							"lerp_mode": "catmullrom"
						},
						"2.5833": [2.01, 1.895, -3],
						"3.1563": {
							"pre": [2.05, 1.96, -3],
							"post": [2.05, 1.96, -3],
							"lerp_mode": "catmullrom"
						},
						"3.3646": {
							"post": [1.68, 1.88, -3.18],
							"lerp_mode": "catmullrom"
						},
						"3.5625": {
							"post": [0, 0, 0],
							"lerp_mode": "catmullrom"
						},
						"3.75": {
							"post": [-0.875, 0.55, 0],
							"lerp_mode": "catmullrom"
						},
						"3.8542": {
							"post": [-0.68, 0.75, 0],
							"lerp_mode": "catmullrom"
						},
						"3.9375": {
							"post": [-0.755, 0.375, 0],
							"lerp_mode": "catmullrom"
						},
						"4.1042": {
							"post": [-0.935, 0.045, 0],
							"lerp_mode": "catmullrom"
						},
						"4.2917": {
							"post": [-0.8, 0.42, 0],
							"lerp_mode": "catmullrom"
						},
						"4.4375": [-0.16, 0.27, -0.65],
						"4.5833": [0.475, 1.42, 0.7],
						"4.6667": [0.58, 1.495, 0.7],
						"4.8125": [0.58, 1.365, 0.7],
						"5.0": [0.605, 1.345, 0.7],
						"5.2083": [0.57, 1.34, 0.7],
						"5.4792": [0.58, 1.37, 0.7],
						"5.6667": {
							"pre": [-0.305, 0.755, -0.67],
							"post": [-0.305, 0.755, -0.67],
							"lerp_mode": "catmullrom"
						},
						"5.8958": {
							"post": [-0.23, -0.445, -0.67],
							"lerp_mode": "catmullrom"
						},
						"6.125": {
							"post": [0, 0.15, 0],
							"lerp_mode": "catmullrom"
						},
						"6.3958": {
							"post": [0, 0, 0],
							"lerp_mode": "catmullrom"
						}
					}
				},
				"lefthand": {
					"rotation": {
						"0.0": [92.08205, -35.83371, -136.28586],
						"3.9375": [92.08, -35.83, -136.29],
						"4.0313": [86.91586, -28.33454, -135.98162],
						"5.6563": [86.91586, -28.33454, -135.98162],
						"5.7708": [92.08, -35.83, -136.29]
					},
					"position": {
						"0.0": [7.52384, 0.9707, -7.50815],
						"3.9375": [7.52, 0.97, -7.51],
						"4.0313": [7.52, -0.24094, -7.51],
						"5.6563": [7.52, -0.24094, -7.51],
						"5.7708": [7.52, 0.97, -7.51]
					},
					"scale": [1, 1.5, 1]
				},
				"righthand": {
					"rotation": {
						"0.0": [106.42938, 10.46118, -164.1255],
						"3.6563": [106.42938, 10.46118, -164.1255],
						"3.8125": [106.43, 10.46, -164.13],
						"3.9271": [102.17544, 2.66793, -184.20076],
						"4.1146": [102.17544, 2.66793, -184.20076],
						"4.5625": [106.42938, 10.46118, -164.1255]
					},
					"position": {
						"0.0": [-7.26719, 2.8875, 3.41329],
						"3.6563": [-7.26719, 2.8875, 3.41329],
						"3.8125": [-7.67, 3.99, 1.91],
						"3.9271": [-7.94344, 3.99, 1.91],
						"4.1146": [-7.94344, 3.99, 1.91],
						"4.5625": [-7.26719, 2.8875, 3.41329]
					},
					"scale": {
						"0.0": [1, 1.5, 1],
						"3.6563": [1, 1.5, 1],
						"4.5625": [1, 1.5, 1]
					}
				},
				"constraint": {
					"rotation": {
						"0.0": [0, 0, 0],
						"0.25": [0.4, 0.4, 0.2],
						"5.9063": [0.4, 0.4, 0.2],
						"6.3854": [0, 0, 0]
					},
					"position": {
						"0.0": [0, 0, 0],
						"0.25": [0.25, 0.25, 0.25],
						"5.9063": [0.25, 0.25, 0.25],
						"6.3854": [0, 0, 0]
					}
				},
				"camera": {
					"rotation": {
						"0.0": {
							"post": [0, 0, 0],
							"lerp_mode": "catmullrom"
						},
						"0.1354": {
							"post": [0.52, -0.34, 0.5],
							"lerp_mode": "catmullrom"
						},
						"0.2917": {
							"post": [0.5, -0.5, 0],
							"lerp_mode": "catmullrom"
						},
						"0.5729": {
							"post": [-1.75, -0.75, 0.5],
							"lerp_mode": "catmullrom"
						},
						"0.8958": {
							"post": [-1.81, -0.53, -0.18],
							"lerp_mode": "catmullrom"
						},
						"1.2917": {
							"post": [-1.5, -0.25, 0],
							"lerp_mode": "catmullrom"
						},
						"1.625": {
							"post": [-1.25, -0.5, 0],
							"lerp_mode": "catmullrom"
						},
						"1.7917": {
							"post": [-1.45, -0.72, 0.75],
							"lerp_mode": "catmullrom"
						},
						"2.0": {
							"post": [-1.75, -1, -0.25],
							"lerp_mode": "catmullrom"
						},
						"2.375": {
							"post": [-1.66, -1.16, 0],
							"lerp_mode": "catmullrom"
						},
						"2.7083": {
							"post": [-1.51, -1.03, 0],
							"lerp_mode": "catmullrom"
						},
						"2.9583": {
							"post": [-1.48, -0.96, 0],
							"lerp_mode": "catmullrom"
						},
						"3.25": {
							"post": [-1.68, -0.72, 0],
							"lerp_mode": "catmullrom"
						},
						"3.6042": {
							"post": [-0.07, 0.74, 0.91],
							"lerp_mode": "catmullrom"
						},
						"3.7917": {
							"post": [0, 0.5, -0.25],
							"lerp_mode": "catmullrom"
						},
						"3.9167": {
							"post": [0.45, 0.41, -0.64],
							"lerp_mode": "catmullrom"
						},
						"4.0417": {
							"post": [-0.05, 0.66, 1.36],
							"lerp_mode": "catmullrom"
						},
						"4.1458": {
							"post": [0.09, 0.86, -1.13],
							"lerp_mode": "catmullrom"
						},
						"4.375": {
							"post": [0.5, 1.25, 0.5],
							"lerp_mode": "catmullrom"
						},
						"4.625": {
							"post": [1.75, 2.75, 0],
							"lerp_mode": "catmullrom"
						},
						"4.9167": {
							"post": [1.46, 3.12, 0],
							"lerp_mode": "catmullrom"
						},
						"5.1458": {
							"post": [1.82, 3.43, 0],
							"lerp_mode": "catmullrom"
						},
						"5.375": {
							"post": [1.63, 2.9, 0],
							"lerp_mode": "catmullrom"
						},
						"5.625": {
							"post": [2.24, 1.45, 0],
							"lerp_mode": "catmullrom"
						},
						"5.7813": {
							"post": [1.69, -0.12, 0],
							"lerp_mode": "catmullrom"
						},
						"5.8333": {
							"post": [0.94, 0.38, -2],
							"lerp_mode": "catmullrom"
						},
						"6.0208": {
							"post": [0.96, 0.38, 0.84],
							"lerp_mode": "catmullrom"
						},
						"6.1667": {
							"post": [1, 0.25, -1],
							"lerp_mode": "catmullrom"
						},
						"6.4167": [0, 0, 0]
					}
				}
			},
			"sound_effects": {
				"0.0104": {
					"effect": "daffas_arsenal:m79/daffas_m79_sispek1"
				},
				"1.4688": {
					"effect": "daffas_arsenal:m79/daffas_m79_sispek2"
				},
				"3.1771": {
					"effect": "daffas_arsenal:m79/daffas_m79_relawan"
				},
				"3.375": {
					"effect": "daffas_arsenal:m79/daffas_m79_sispek3"
				},
				"3.8125": {
					"effect": "daffas_arsenal:m79/daffas_m79_open"
				},
				"4.3333": {
					"effect": "daffas_arsenal:m79/daffas_m79_baju3"
				},
				"5.4479": {
					"effect": "daffas_arsenal:m79/daffas_m79_close"
				},
				"5.4583": {
					"effect": "daffas_arsenal:m79/daffas_m79_baju4"
				}
			}
		},
		"inspect_empty": {
			"animation_length": 6.4167,
			"bones": {
				"barrel": {
					"rotation": {
						"3.9375": [0, 0, 0],
						"4.0417": [29, 0, 0],
						"5.6563": [29, 0, 0],
						"5.7708": [0, 0, 0]
					}
				},
				"lever": {
					"rotation": {
						"3.8125": [0, 0, 0],
						"3.9271": [0, -37.5, 0],
						"5.7604": [0, -37.5, 0],
						"5.8125": [0, 0, 0]
					}
				},
				"mekaniks": {
					"rotation": {
						"3.9375": [0, 0, 0],
						"4.0417": [-33.5, 0, 0],
						"5.6563": [-33.5, 0, 0],
						"5.7708": [0, 0, 0]
					}
				},
				"ejector": {
					"position": {
						"3.9688": [0, 0, 0],
						"4.0417": [0, 0, 0.41016],
						"5.6667": [0, 0, 0.41016],
						"5.7188": [0, 0, 0]
					}
				},
				"buled": {
					"position": {
						"3.9688": [0, 0, 0],
						"4.0417": [0, 0, 0.41016],
						"5.6667": [0, 0, 0.41016],
						"5.7188": [0, 0, 0]
					}
				},
				"root": {
					"rotation": {
						"0.0": {
							"post": [0, 0, 0],
							"lerp_mode": "catmullrom"
						},
						"0.2083": {
							"post": [4.99527, -10.21782, 4.9905],
							"lerp_mode": "catmullrom"
						},
						"0.4167": {
							"post": [-12.75, -27, 0],
							"lerp_mode": "catmullrom"
						},
						"0.625": {
							"post": [-12.75, -27, -7.5],
							"lerp_mode": "catmullrom"
						},
						"0.8333": {
							"post": [-12.75, -27, -10],
							"lerp_mode": "catmullrom"
						},
						"1.0417": {
							"post": [-12.25, -26.5, -10],
							"lerp_mode": "catmullrom"
						},
						"1.4583": {
							"post": [-12.75, -27, -9],
							"lerp_mode": "catmullrom"
						},
						"1.5833": {
							"post": [-14.46002, -25.4776, -3.64187],
							"lerp_mode": "catmullrom"
						},
						"1.75": {
							"post": [-17.75872, -21.93805, 6.71936],
							"lerp_mode": "catmullrom"
						},
						"1.9583": {
							"post": [-17.75872, -21.93805, 4.71936],
							"lerp_mode": "catmullrom"
						},
						"2.3333": [-17.75872, -21.93805, 5.46654],
						"3.1563": {
							"pre": [-15.73, -23.1, 4.53],
							"post": [-15.73, -23.1, 4.53],
							"lerp_mode": "catmullrom"
						},
						"3.3646": {
							"post": [-9.23, -16.99, 3.71],
							"lerp_mode": "catmullrom"
						},
						"3.5625": {
							"post": [0, 0, 0],
							"lerp_mode": "catmullrom"
						},
						"3.75": {
							"post": [-9.91615, 1.29876, 7.38733],
							"lerp_mode": "catmullrom"
						},
						"3.8542": {
							"post": [-9.9299, 3.26884, 2.54242],
							"lerp_mode": "catmullrom"
						},
						"3.9375": {
							"post": [-11.6799, 3.26884, -3.45758],
							"lerp_mode": "catmullrom"
						},
						"4.1042": {
							"post": [-8.79237, 4.20686, 2.48135],
							"lerp_mode": "catmullrom"
						},
						"4.2917": {
							"post": [-16.24, 4.48, 3.19],
							"lerp_mode": "catmullrom"
						},
						"4.5833": [-25.99, -0.02, 23.44],
						"4.6667": [-25.99, -0.02, 20.94],
						"4.8958": [-25.99, -0.02, 19.44],
						"5.0833": [-25.74, 0.23, 19.69],
						"5.2917": [-25.96, -0.14, 19.62],
						"5.4792": [-25.99, -0.02, 19.44],
						"5.6667": {
							"pre": [-16.83543, -4.58112, 0.10998],
							"post": [-16.83543, -4.58112, 0.10998],
							"lerp_mode": "catmullrom"
						},
						"5.7396": {
							"post": [-15.41108, -6.00003, -4.90881],
							"lerp_mode": "catmullrom"
						},
						"5.8125": {
							"post": [-26.8661, -0.5597, -2.58122],
							"lerp_mode": "catmullrom"
						},
						"5.9583": {
							"post": [-22.85858, -0.97728, 0.2495],
							"lerp_mode": "catmullrom"
						},
						"6.125": {
							"post": [1.24989, 3.24982, -4.01636],
							"lerp_mode": "catmullrom"
						},
						"6.2396": {
							"post": [2.44, 2.23, 2.81],
							"lerp_mode": "catmullrom"
						},
						"6.3958": {
							"post": [0, 0, 0],
							"lerp_mode": "catmullrom"
						}
					},
					"position": {
						"0.0": {
							"post": [0, 0, 0],
							"lerp_mode": "catmullrom"
						},
						"0.2083": {
							"post": [0.725, 1.5, 0],
							"lerp_mode": "catmullrom"
						},
						"0.4167": {
							"post": [2, 2, -3],
							"lerp_mode": "catmullrom"
						},
						"0.625": {
							"post": [1.975, 2.3, -3],
							"lerp_mode": "catmullrom"
						},
						"0.8333": {
							"post": [1.83, 2.125, -3],
							"lerp_mode": "catmullrom"
						},
						"1.0417": {
							"post": [1.805, 2.13, -3],
							"lerp_mode": "catmullrom"
						},
						"1.4583": {
							"post": [1.83, 2.08, -3],
							"lerp_mode": "catmullrom"
						},
						"1.5833": {
							"post": [2.005, 1.93, -3],
							"lerp_mode": "catmullrom"
						},
						"1.75": {
							"post": [2.055, 1.98, -3],
							"lerp_mode": "catmullrom"
						},
						"2.5833": [2.01, 1.895, -3],
						"3.1563": {
							"pre": [2.05, 1.96, -3],
							"post": [2.05, 1.96, -3],
							"lerp_mode": "catmullrom"
						},
						"3.3646": {
							"post": [1.68, 1.88, -3.18],
							"lerp_mode": "catmullrom"
						},
						"3.5625": {
							"post": [0, 0, 0],
							"lerp_mode": "catmullrom"
						},
						"3.75": {
							"post": [-0.875, 0.55, 0],
							"lerp_mode": "catmullrom"
						},
						"3.8542": {
							"post": [-0.68, 0.75, 0],
							"lerp_mode": "catmullrom"
						},
						"3.9375": {
							"post": [-0.755, 0.375, 0],
							"lerp_mode": "catmullrom"
						},
						"4.1042": {
							"post": [-0.935, 0.045, 0],
							"lerp_mode": "catmullrom"
						},
						"4.2917": {
							"post": [-0.8, 0.42, 0],
							"lerp_mode": "catmullrom"
						},
						"4.4375": [-0.16, 0.27, -0.65],
						"4.5833": [0.475, 1.42, 0.7],
						"4.6667": [0.58, 1.495, 0.7],
						"4.8125": [0.58, 1.365, 0.7],
						"5.0": [0.605, 1.345, 0.7],
						"5.2083": [0.57, 1.34, 0.7],
						"5.4792": [0.58, 1.37, 0.7],
						"5.6667": {
							"pre": [-0.305, 0.755, -0.67],
							"post": [-0.305, 0.755, -0.67],
							"lerp_mode": "catmullrom"
						},
						"5.8958": {
							"post": [-0.23, -0.445, -0.67],
							"lerp_mode": "catmullrom"
						},
						"6.125": {
							"post": [0, 0.15, 0],
							"lerp_mode": "catmullrom"
						},
						"6.3958": {
							"post": [0, 0, 0],
							"lerp_mode": "catmullrom"
						}
					}
				},
				"lefthand": {
					"rotation": {
						"0.0": [92.08205, -35.83371, -136.28586],
						"3.9375": [92.08, -35.83, -136.29],
						"4.0313": [86.91586, -28.33454, -135.98162],
						"5.6563": [86.91586, -28.33454, -135.98162],
						"5.7708": [92.08, -35.83, -136.29]
					},
					"position": {
						"0.0": [7.52384, 0.9707, -7.50815],
						"3.9375": [7.52, 0.97, -7.51],
						"4.0313": [7.52, -0.24094, -7.51],
						"5.6563": [7.52, -0.24094, -7.51],
						"5.7708": [7.52, 0.97, -7.51]
					},
					"scale": [1, 1.5, 1]
				},
				"righthand": {
					"rotation": {
						"0.0": [106.42938, 10.46118, -164.1255],
						"3.6563": [106.42938, 10.46118, -164.1255],
						"3.8125": [106.43, 10.46, -164.13],
						"3.9271": [102.17544, 2.66793, -184.20076],
						"4.1146": [102.17544, 2.66793, -184.20076],
						"4.5625": [106.42938, 10.46118, -164.1255]
					},
					"position": {
						"0.0": [-7.26719, 2.8875, 3.41329],
						"3.6563": [-7.26719, 2.8875, 3.41329],
						"3.8125": [-7.67, 3.99, 1.91],
						"3.9271": [-7.94344, 3.99, 1.91],
						"4.1146": [-7.94344, 3.99, 1.91],
						"4.5625": [-7.26719, 2.8875, 3.41329]
					},
					"scale": {
						"0.0": [1, 1.5, 1],
						"3.6563": [1, 1.5, 1],
						"4.5625": [1, 1.5, 1]
					}
				},
				"constraint": {
					"rotation": {
						"0.0": [0, 0, 0],
						"0.25": [0.4, 0.4, 0.2],
						"5.9063": [0.4, 0.4, 0.2],
						"6.3854": [0, 0, 0]
					},
					"position": {
						"0.0": [0, 0, 0],
						"0.25": [0.25, 0.25, 0.25],
						"5.9063": [0.25, 0.25, 0.25],
						"6.3854": [0, 0, 0]
					}
				},
				"camera": {
					"rotation": {
						"0.0": {
							"post": [0, 0, 0],
							"lerp_mode": "catmullrom"
						},
						"0.1354": {
							"post": [0.52, -0.34, 0.5],
							"lerp_mode": "catmullrom"
						},
						"0.2917": {
							"post": [0.5, -0.5, 0],
							"lerp_mode": "catmullrom"
						},
						"0.5729": {
							"post": [-1.75, -0.75, 0.5],
							"lerp_mode": "catmullrom"
						},
						"0.8958": {
							"post": [-1.81, -0.53, -0.18],
							"lerp_mode": "catmullrom"
						},
						"1.2917": {
							"post": [-1.5, -0.25, 0],
							"lerp_mode": "catmullrom"
						},
						"1.625": {
							"post": [-1.25, -0.5, 0],
							"lerp_mode": "catmullrom"
						},
						"1.7917": {
							"post": [-1.45, -0.72, 0.75],
							"lerp_mode": "catmullrom"
						},
						"2.0": {
							"post": [-1.75, -1, -0.25],
							"lerp_mode": "catmullrom"
						},
						"2.375": {
							"post": [-1.66, -1.16, 0],
							"lerp_mode": "catmullrom"
						},
						"2.7083": {
							"post": [-1.51, -1.03, 0],
							"lerp_mode": "catmullrom"
						},
						"2.9583": {
							"post": [-1.48, -0.96, 0],
							"lerp_mode": "catmullrom"
						},
						"3.25": {
							"post": [-1.68, -0.72, 0],
							"lerp_mode": "catmullrom"
						},
						"3.6042": {
							"post": [-0.07, 0.74, 0.91],
							"lerp_mode": "catmullrom"
						},
						"3.7917": {
							"post": [0, 0.5, -0.25],
							"lerp_mode": "catmullrom"
						},
						"3.9167": {
							"post": [0.45, 0.41, -0.64],
							"lerp_mode": "catmullrom"
						},
						"4.0417": {
							"post": [-0.05, 0.66, 1.36],
							"lerp_mode": "catmullrom"
						},
						"4.1458": {
							"post": [0.09, 0.86, -1.13],
							"lerp_mode": "catmullrom"
						},
						"4.375": {
							"post": [0.5, 1.25, 0.5],
							"lerp_mode": "catmullrom"
						},
						"4.625": {
							"post": [1.75, 2.75, 0],
							"lerp_mode": "catmullrom"
						},
						"4.9167": {
							"post": [1.46, 3.12, 0],
							"lerp_mode": "catmullrom"
						},
						"5.1458": {
							"post": [1.82, 3.43, 0],
							"lerp_mode": "catmullrom"
						},
						"5.375": {
							"post": [1.63, 2.9, 0],
							"lerp_mode": "catmullrom"
						},
						"5.625": {
							"post": [2.24, 1.45, 0],
							"lerp_mode": "catmullrom"
						},
						"5.7813": {
							"post": [1.69, -0.12, 0],
							"lerp_mode": "catmullrom"
						},
						"5.8333": {
							"post": [0.94, 0.38, -2],
							"lerp_mode": "catmullrom"
						},
						"6.0208": {
							"post": [0.96, 0.38, 0.84],
							"lerp_mode": "catmullrom"
						},
						"6.1667": {
							"post": [1, 0.25, -1],
							"lerp_mode": "catmullrom"
						},
						"6.4167": [0, 0, 0]
					}
				},
				"proyektil": {
					"scale": 0
				},
				"badan_prima": {
					"scale": 0
				}
			},
			"sound_effects": {
				"0.0104": {
					"effect": "daffas_arsenal:m79/daffas_m79_sispek1"
				},
				"1.4688": {
					"effect": "daffas_arsenal:m79/daffas_m79_sispek2"
				},
				"3.1771": {
					"effect": "daffas_arsenal:m79/daffas_m79_relawan"
				},
				"3.375": {
					"effect": "daffas_arsenal:m79/daffas_m79_sispek3"
				},
				"3.8125": {
					"effect": "daffas_arsenal:m79/daffas_m79_open"
				},
				"4.3333": {
					"effect": "daffas_arsenal:m79/daffas_m79_baju3"
				},
				"5.4479": {
					"effect": "daffas_arsenal:m79/daffas_m79_close"
				},
				"5.4583": {
					"effect": "daffas_arsenal:m79/daffas_m79_baju4"
				}
			}
		},
		"shoot": {
			"animation_length": 0.8333,
			"bones": {
				"root": {
					"rotation": {
						"0.0": {
							"post": [0, 0, 0],
							"lerp_mode": "catmullrom"
						},
						"0.0208": {
							"post": [4.6, -0.46, -3.09],
							"lerp_mode": "catmullrom"
						},
						"0.0417": {
							"post": [-5.8221, -0.13558, -6.03209],
							"lerp_mode": "catmullrom"
						},
						"0.0833": {
							"post": [-5.96346, 6.07128, -4.91127],
							"lerp_mode": "catmullrom"
						},
						"0.2083": {
							"post": [-6.9995, 1.73826, -0.32031],
							"lerp_mode": "catmullrom"
						},
						"0.3333": {
							"post": [-2.30382, -0.57105, 4.52437],
							"lerp_mode": "catmullrom"
						},
						"0.5": {
							"post": [1.77996, 0.94563, 1.77996],
							"lerp_mode": "catmullrom"
						},
						"0.7083": {
							"post": [-0.49998, -0.00436, -0.49998],
							"lerp_mode": "catmullrom"
						},
						"0.8333": {
							"post": [0, 0, 0],
							"lerp_mode": "catmullrom"
						}
					},
					"position": {
						"0.0": {
							"post": [0, 0, 0],
							"lerp_mode": "catmullrom"
						},
						"0.0417": {
							"post": [-0.03512, -0.30489, 1.15496],
							"lerp_mode": "catmullrom"
						},
						"0.0833": {
							"post": [-0.06945, -0.09359, 1.81399],
							"lerp_mode": "catmullrom"
						},
						"0.125": {
							"post": [-0.075, 0.13549, 1.67455],
							"lerp_mode": "catmullrom"
						},
						"0.3333": {
							"post": [-0.03056, -0.085, 0.87773],
							"lerp_mode": "catmullrom"
						},
						"0.5": {
							"post": [0, -0.275, 0],
							"lerp_mode": "catmullrom"
						},
						"0.7083": {
							"post": [-0.05043, 0.04956, 0.00043],
							"lerp_mode": "catmullrom"
						},
						"0.8333": {
							"post": [0, 0, 0],
							"lerp_mode": "catmullrom"
						}
					}
				},
				"constraint": {
					"rotation": {
						"0.0": [0.5, 0.5, 0],
						"0.5": [0.5, 0.5, 0],
						"0.8333": [0, 0, 0]
					},
					"position": {
						"0.0": [-0.5, 0.5, 0.5],
						"0.5": [-0.5, 0.5, 0.5],
						"0.8333": [0, 0, 0]
					}
				},
				"bass1": {
					"position": {
						"0.0": [0, -0.95703, 0],
						"0.0417": {
							"pre": [0, -0.95703, 0],
							"post": [0, 0, 0]
						}
					},
					"scale": {
						"0.0": [1, 1, 1],
						"0.0313": {
							"pre": [450, 450, 450],
							"post": [1, 1, 1]
						}
					}
				},
				"bass2": {
					"position": {
						"0.0313": [0, -0.95703, 0],
						"0.0729": {
							"pre": [0, -0.95703, 0],
							"post": [0, 0, 0]
						}
					},
					"scale": {
						"0.0": [1, 1, 1],
						"0.0313": {
							"pre": [1, 1, 1],
							"post": [400, 400, 400]
						},
						"0.0625": {
							"pre": [450, 450, 450],
							"post": [1, 1, 1]
						}
					}
				},
				"bass3": {
					"position": {
						"0.0625": [0, -0.95703, 0],
						"0.1042": {
							"pre": [0, -0.95703, 0],
							"post": [0, 0, 0]
						}
					},
					"scale": {
						"0.0313": [1, 1, 1],
						"0.0625": {
							"pre": [1, 1, 1],
							"post": [320, 320, 320]
						},
						"0.0938": {
							"pre": [340, 340, 340],
							"post": [1, 1, 1]
						}
					}
				},
				"bass4": {
					"position": {
						"0.0938": [0, -0.95703, 0],
						"0.1354": {
							"pre": [0, -0.95703, 0],
							"post": [0, 0, 0]
						}
					},
					"scale": {
						"0.0625": [1, 1, 1],
						"0.0938": {
							"pre": [1, 1, 1],
							"post": [350, 350, 350]
						},
						"0.125": {
							"pre": [400, 400, 1],
							"post": [1, 1, 1]
						}
					}
				},
				"bass5": {
					"position": {
						"0.125": [0, -0.95703, 0],
						"0.1667": {
							"pre": [0, -0.95703, 0],
							"post": [0, 0, 0]
						}
					},
					"scale": {
						"0.0938": [1, 1, 1],
						"0.125": {
							"pre": [1, 1, 1],
							"post": [310, 310, 310]
						},
						"0.1563": {
							"pre": [330, 330, 330],
							"post": [1, 1, 1]
						}
					}
				},
				"bass6": {
					"position": {
						"0.1563": [0, -0.95703, 0],
						"0.1979": {
							"pre": [0, -0.95703, 0],
							"post": [0, 0, 0]
						}
					},
					"scale": {
						"0.125": [1, 1, 1],
						"0.1563": {
							"pre": [1, 1, 1],
							"post": [250, 250, 250]
						},
						"0.1875": {
							"pre": [260, 260, 260],
							"post": [1, 1, 1]
						}
					}
				},
				"bass7": {
					"position": {
						"0.1979": [0, -0.95703, 0],
						"0.2396": {
							"pre": [0, -0.95703, 0],
							"post": [0, 0, 0]
						}
					},
					"scale": {
						"0.1563": [1, 1, 1],
						"0.1875": {
							"pre": [1, 1, 1],
							"post": [250, 250, 250]
						},
						"0.2188": {
							"pre": [260, 260, 260],
							"post": [1, 1, 1]
						}
					}
				},
				"bass8": {
					"position": {
						"0.2188": [0, -0.95703, 0],
						"0.2604": {
							"pre": [0, -0.95703, 0],
							"post": [0, 0, 0]
						}
					},
					"scale": {
						"0.1875": [1, 1, 1],
						"0.2188": {
							"pre": [1, 1, 1],
							"post": [290, 290, 290]
						},
						"0.25": {
							"pre": [300, 300, 1],
							"post": [1, 1, 1]
						}
					}
				},
				"bass9": {
					"position": {
						"0.25": [0, -0.95703, 0],
						"0.2917": {
							"pre": [0, -0.95703, 0],
							"post": [0, 0, 0]
						}
					},
					"scale": {
						"0.2188": [1, 1, 1],
						"0.25": {
							"pre": [1, 1, 1],
							"post": [290, 290, 290]
						},
						"0.2813": {
							"pre": [300, 300, 1],
							"post": [1, 1, 1]
						}
					}
				},
				"proyektil": {
					"position": {
						"0.0": [0, 0, 0],
						"0.0313": [0, 0, -40]
					},
					"scale": {
						"0.0104": [1, 1, 1],
						"0.0313": [0, 0, 0]
					}
				},
				"camera": {
					"rotation": {
						"0.0": {
							"post": [0, 0, 0],
							"lerp_mode": "catmullrom"
						},
						"0.0208": {
							"post": [0.47, -0.01, -1.21],
							"lerp_mode": "catmullrom"
						},
						"0.0625": {
							"post": [1.25, 0.25, 0.75],
							"lerp_mode": "catmullrom"
						},
						"0.1458": {
							"post": [0.33, 0.84, 0.26],
							"lerp_mode": "catmullrom"
						},
						"0.2083": {
							"post": [0, 0.75, -1],
							"lerp_mode": "catmullrom"
						},
						"0.3333": {
							"post": [0.75, -0.25, 0.5],
							"lerp_mode": "catmullrom"
						},
						"0.5313": {
							"post": [0.25, 0, -0.5],
							"lerp_mode": "catmullrom"
						},
						"0.75": [0, 0, 0]
					}
				}
			}
		},
		"melee_stock": {
			"animation_length": 1,
			"bones": {
				"root": {
					"rotation": {
						"0.0": [0, 0, 0],
						"0.0833": [5, -59, 12],
						"0.125": [5, -115.5, 15],
						"0.1875": [5, -133, 15],
						"0.2708": [5, -162, 29],
						"0.5208": [5, -197, 29],
						"0.5417": [-4.50167, -16.86191, 12.87131],
						"0.5625": [18.19, -15.2, 11.42],
						"0.7083": {
							"pre": [2.01, -3.58, 1.27],
							"post": [2.01, -3.58, 1.27],
							"lerp_mode": "catmullrom"
						},
						"0.8125": {
							"post": [-1.35267, -1.1649, -0.83425],
							"lerp_mode": "catmullrom"
						},
						"1.0": [0, 0, 0]
					},
					"position": {
						"0.0": [0, 0, 0],
						"0.0833": [0, 0, -3],
						"0.125": [3, 0, -3],
						"0.1875": [11.325, -2.625, -3],
						"0.2708": [11.405, -5.37, -3],
						"0.375": [20.41, -15.37, 6],
						"0.5208": [20.41, -18.545, 11.725],
						"0.5417": [0.925, -20.55, 4.4],
						"0.5625": [0.84, -3.98, 3.93],
						"0.7083": {
							"pre": [0.27, -0.5, 0.68],
							"post": [0.27, -0.5, 0.68],
							"lerp_mode": "catmullrom"
						},
						"0.8125": {
							"post": [0.15, 0.225, 0],
							"lerp_mode": "catmullrom"
						},
						"1.0": [0, 0, 0]
					}
				},
				"lefthand": {
					"rotation": {
						"0.0": [92.08205, -35.83371, -136.28586],
						"0.0833": [108.93046, -87.25989, -194.07016],
						"0.125": [108.93046, -136.42989, -204.90016],
						"0.2708": [108.93046, -171.42989, -184.90016],
						"0.5208": [108.93046, -136.42989, -204.90016],
						"0.5417": [92.08205, -35.83371, -136.28586]
					},
					"position": {
						"0.0": [7.52384, 0.9707, -7.50815],
						"0.125": [4.405, 1.25, -5.045],
						"0.2708": [4.405, 1.25, -5.045],
						"0.5208": [4.405, 1.25, -5.045],
						"0.5417": [7.52384, 0.9707, -7.50815]
					},
					"scale": [1, 1.5, 1]
				},
				"righthand": {
					"rotation": {
						"0.0": [106.42938, 10.46118, -164.1255],
						"0.0417": [136.53162, -0.03319, -166.92226],
						"0.125": [107.5274, -124.02292, -193.72516],
						"0.1875": [107.5274, -124.02292, -193.72516],
						"0.2708": [107.5274, -154.02292, -193.72516],
						"0.5208": [107.5274, -154.02292, -193.72516],
						"0.5417": [106.42938, 10.46118, -164.1255]
					},
					"position": {
						"0.0": [-7.26719, 2.8875, 3.41329],
						"0.0417": [-7.17706, 1.47465, 2.95601],
						"0.125": [-3.83986, 3.13379, 5.00913],
						"0.1875": [-4.8, 0.55, 5.775],
						"0.2708": [-4.8, 0.55, 5.775],
						"0.5208": [-4.8, 0.55, 5.775],
						"0.5417": [-7.26719, 2.8875, 3.41329]
					},
					"scale": [1, 1.5, 1]
				},
				"righthand_pos": {
					"position": [0, 0, 0]
				},
				"constraint": {
					"rotation": [0.1, 0.1, 0.1],
					"position": [0.1, 0.1, 0.5]
				},
				"camera": {
					"rotation": {
						"0.0": {
							"post": [0, 0, 0],
							"lerp_mode": "catmullrom"
						},
						"0.1042": {
							"post": [0.15, -0.75, 1.5],
							"lerp_mode": "catmullrom"
						},
						"0.1667": {
							"post": [0.57, -4.62, 2.05],
							"lerp_mode": "catmullrom"
						},
						"0.25": {
							"post": [1.3, -3.025, -1.5],
							"lerp_mode": "catmullrom"
						},
						"0.4375": {
							"post": [2.55, -4.345, -0.225],
							"lerp_mode": "catmullrom"
						},
						"0.7292": {
							"post": [1.225, -0.65, 0.925],
							"lerp_mode": "catmullrom"
						},
						"1.0": [0, 0, 0]
					}
				}
			}
		}
	}
}