{
	"format_version": "1.12.0",
	"minecraft:geometry": [
		{
			"description": {
				"identifier": "geometry.unknown",
				"texture_width": 128,
				"texture_height": 128,
				"visible_bounds_width": 117,
				"visible_bounds_height": 66,
				"visible_bounds_offset": [0, 31, 0]
			},
			"bones": [
				{
					"name": "root",
					"pivot": [0, 8, -1]
				},
				{
					"name": "mag_and_lefthand",
					"parent": "root",
					"pivot": [0, 7.5, -3]
				},
				{
					"name": "lefthand",
					"parent": "mag_and_lefthand",
					"pivot": [-6, 19, 0]
				},
				{
					"name": "lefthand_pos",
					"parent": "lefthand",
					"pivot": [0, 8, 0],
					"cubes": [
						{
							"origin": [-7, 8, -2],
							"size": [3, 12, 4],
							"uv": {
								"north": {"uv": [2, 2], "uv_size": [1.5, 6]},
								"east": {"uv": [0, 2], "uv_size": [2, 6]},
								"south": {"uv": [0, 2], "uv_size": [1.5, 6]},
								"west": {"uv": [3.5, 2], "uv_size": [2, 6]},
								"up": {"uv": [2, 0], "uv_size": [1.5, 2]},
								"down": {"uv": [3.5, 2], "uv_size": [1.5, -2]}
							}
						},
						{
							"origin": [-7, 8, -2],
							"size": [3, 12, 4],
							"inflate": 0.2,
							"uv": {
								"north": {"uv": [9, 2], "uv_size": [1.5, 6]},
								"east": {"uv": [7, 2], "uv_size": [2, 6]},
								"south": {"uv": [7, 2], "uv_size": [1.5, 6]},
								"west": {"uv": [10.5, 2], "uv_size": [2, 6]},
								"up": {"uv": [9, 0], "uv_size": [1.5, 2]},
								"down": {"uv": [10.5, 2], "uv_size": [1.5, -2]}
							}
						}
					]
				},
				{
					"name": "mag_and_bullet",
					"parent": "mag_and_lefthand",
					"pivot": [0, 7.3, -0.75],
					"cubes": [
						{
							"origin": [-0.2, 7, -0.95],
							"size": [0.4, 0.6, 0.4],
							"uv": {
								"north": {"uv": [4, 31], "uv_size": [4, 6]},
								"east": {"uv": [0, 31], "uv_size": [4, 6]},
								"south": {"uv": [6.5, 31], "uv_size": [4, 6]},
								"west": {"uv": [8, 31], "uv_size": [4, 6]},
								"up": {"uv": [4, 27], "uv_size": [4, 4]},
								"down": {"uv": [8, 31], "uv_size": [4, -4]}
							}
						}
					]
				},
				{
					"name": "gun_and_righthand",
					"parent": "root",
					"pivot": [0, 10, 3]
				},
				{
					"name": "righthand",
					"parent": "gun_and_righthand",
					"pivot": [6, 19, 0]
				},
				{
					"name": "righthand_pos",
					"parent": "righthand",
					"pivot": [0, 8, 0],
					"cubes": [
						{
							"origin": [4, 8, -2],
							"size": [3, 12, 4],
							"uv": {
								"north": {"uv": [2, 10], "uv_size": [1.5, 6]},
								"east": {"uv": [0, 10], "uv_size": [2, 6]},
								"south": {"uv": [0, 10], "uv_size": [1.5, 6]},
								"west": {"uv": [3.5, 10], "uv_size": [2, 6]},
								"up": {"uv": [2, 8], "uv_size": [1.5, 2]},
								"down": {"uv": [3.5, 10], "uv_size": [1.5, -2]}
							}
						},
						{
							"origin": [4, 8, -2],
							"size": [3, 12, 4],
							"inflate": 0.2,
							"uv": {
								"north": {"uv": [9, 10], "uv_size": [1.5, 6]},
								"east": {"uv": [7, 10], "uv_size": [2, 6]},
								"south": {"uv": [7, 10], "uv_size": [1.5, 6]},
								"west": {"uv": [10.5, 10], "uv_size": [2, 6]},
								"up": {"uv": [9, 8], "uv_size": [1.5, 2]},
								"down": {"uv": [10.5, 10], "uv_size": [1.5, -2]}
							}
						}
					]
				},
				{
					"name": "p221zldl",
					"parent": "gun_and_righthand",
					"pivot": [0, 7, 3]
				},
				{
					"name": "splasha",
					"parent": "p221zldl",
					"pivot": [0, 7.6875, -13.7625]
				},
				{
					"name": "splash1",
					"parent": "splasha",
					"pivot": [0, 7.69, -13.8],
					"cubes": [
						{
							"origin": [-0.15, 7.54, -13.8],
							"size": [0.3, 0.3, 0],
							"uv": {
								"south": {"uv": [27.5, 0], "uv_size": [4, 4]}
							}
						}
					]
				},
				{
					"name": "splash2",
					"parent": "splasha",
					"pivot": [0, 7.69, -13.8],
					"cubes": [
						{
							"origin": [-0.15, 7.54, -13.8],
							"size": [0.3, 0.3, 0],
							"uv": {
								"south": {"uv": [27.5, 0], "uv_size": [4, 4]}
							}
						}
					]
				},
				{
					"name": "splash3",
					"parent": "splasha",
					"pivot": [0, 7.69, -13.8],
					"cubes": [
						{
							"origin": [-0.15, 7.54, -13.8],
							"size": [0.3, 0.3, 0],
							"uv": {
								"south": {"uv": [27.5, 0], "uv_size": [4, 4]}
							}
						}
					]
				},
				{
					"name": "splash4",
					"parent": "splasha",
					"pivot": [0, 7.69, -13.8],
					"cubes": [
						{
							"origin": [-0.15, 7.54, -13.8],
							"size": [0.3, 0.3, 0],
							"uv": {
								"south": {"uv": [27.5, 0], "uv_size": [4, 4]}
							}
						}
					]
				},
				{
					"name": "splash5",
					"parent": "splasha",
					"pivot": [0, 7.69, -13.8],
					"cubes": [
						{
							"origin": [-0.15, 7.54, -13.8],
							"size": [0.3, 0.3, 0],
							"uv": {
								"south": {"uv": [27.5, 0], "uv_size": [4, 4]}
							}
						}
					]
				},
				{
					"name": "splash6",
					"parent": "splasha",
					"pivot": [0, 7.69, -13.8],
					"cubes": [
						{
							"origin": [-0.15, 7.54, -13.8],
							"size": [0.3, 0.3, 0],
							"uv": {
								"south": {"uv": [27.5, 0], "uv_size": [4, 4]}
							}
						}
					]
				},
				{
					"name": "splash7",
					"parent": "splasha",
					"pivot": [0, 7.09, -12.3],
					"cubes": [
						{
							"origin": [-0.15, 6.94, -12.3],
							"size": [0.3, 0.3, 0],
							"uv": {
								"south": {"uv": [27.5, 0], "uv_size": [4, 4]}
							}
						}
					]
				},
				{
					"name": "splash8",
					"parent": "splasha",
					"pivot": [0, 7.09, -9],
					"cubes": [
						{
							"origin": [-0.15, 6.94, -9],
							"size": [0.3, 0.3, 0],
							"uv": {
								"south": {"uv": [27.5, 0], "uv_size": [4, 4]}
							}
						}
					]
				},
				{
					"name": "splash9",
					"parent": "splasha",
					"pivot": [0, 7.09, -6],
					"cubes": [
						{
							"origin": [-0.15, 6.94, -6],
							"size": [0.3, 0.3, 0],
							"uv": {
								"south": {"uv": [27.5, 0], "uv_size": [4, 4]}
							}
						}
					]
				},
				{
					"name": "splash10",
					"parent": "splasha",
					"pivot": [0, 7.09, -2.1],
					"cubes": [
						{
							"origin": [-0.15, 6.94, -2.1],
							"size": [0.3, 0.3, 0],
							"uv": {
								"south": {"uv": [27.5, 0], "uv_size": [4, 4]}
							}
						}
					]
				},
				{
					"name": "barrel",
					"parent": "p221zldl",
					"pivot": [0, 7.07125, -0.6],
					"cubes": [
						{
							"origin": [-0.8993, 4.9007, -13.7993],
							"size": [1.7986, 1.7986, 0.8986],
							"inflate": 0.001,
							"uv": {
								"north": {"uv": [50.5, 34.5], "uv_size": [3, 3]},
								"south": {"uv": [49.5, 34.5], "uv_size": [3, 3]},
								"up": {"uv": [50.5, 33], "uv_size": [3, 1.5]},
								"down": {"uv": [53.5, 34.5], "uv_size": [3, -1.5]}
							}
						},
						{
							"origin": [-0.9007, 4.8993, -13.8007],
							"size": [1.8014, 0.9014, 0.9014],
							"inflate": -0.001,
							"pivot": [0, 7.07279, -13.2],
							"rotation": [0, 0, -45],
							"uv": {
								"north": {"uv": [50.5, 52.5], "uv_size": [3, 1.5]},
								"south": {"uv": [49.5, 52.5], "uv_size": [3, 1.5]},
								"down": {"uv": [53.5, 52.5], "uv_size": [3, -1.5]}
							}
						},
						{
							"origin": [0.37279, 6.17279, -13.8],
							"size": [1.8, 1.8, 0.9],
							"uv": {
								"north": {"uv": [50.5, 43.5], "uv_size": [3, 3]},
								"east": {"uv": [49, 43.5], "uv_size": [1.5, 3]},
								"south": {"uv": [49.5, 43.5], "uv_size": [3, 3]},
								"west": {"uv": [53.5, 43.5], "uv_size": [1.5, 3]}
							}
						},
						{
							"origin": [-0.8993, 7.44628, -13.7993],
							"size": [1.7986, 1.7986, 0.8986],
							"inflate": 0.001,
							"uv": {
								"north": {"uv": [50.5, 39], "uv_size": [3, 3]},
								"south": {"uv": [49.5, 39], "uv_size": [3, 3]},
								"up": {"uv": [50.5, 37.5], "uv_size": [3, 1.5]},
								"down": {"uv": [53.5, 39], "uv_size": [3, -1.5]}
							}
						},
						{
							"origin": [-0.9007, 8.34488, -13.8007],
							"size": [1.8014, 0.9014, 0.9014],
							"inflate": -0.001,
							"pivot": [0, 7.07279, -13.2],
							"rotation": [0, 0, 45],
							"uv": {
								"north": {"uv": [1.5, 53], "uv_size": [3, 1.5]},
								"south": {"uv": [0.5, 53], "uv_size": [3, 1.5]},
								"up": {"uv": [1.5, 51.5], "uv_size": [3, 1.5]}
							}
						},
						{
							"origin": [-0.9007, 8.34488, -13.8007],
							"size": [1.8014, 0.9014, 0.9014],
							"inflate": -0.001,
							"pivot": [0, 7.07279, -13.2],
							"rotation": [0, 0, -45],
							"uv": {
								"north": {"uv": [4.5, 53], "uv_size": [-3, 1.5]},
								"south": {"uv": [3.5, 53], "uv_size": [-3, 1.5]},
								"up": {"uv": [4.5, 51.5], "uv_size": [-3, 1.5]}
							}
						},
						{
							"origin": [-2.17279, 6.17279, -13.8],
							"size": [1.8, 1.8, 0.9],
							"uv": {
								"north": {"uv": [53.5, 43.5], "uv_size": [-3, 3]},
								"east": {"uv": [55, 43.5], "uv_size": [-1.5, 3]},
								"south": {"uv": [52.5, 43.5], "uv_size": [-3, 3]},
								"west": {"uv": [50.5, 43.5], "uv_size": [-1.5, 3]}
							}
						},
						{
							"origin": [-0.9007, 4.8993, -13.8007],
							"size": [1.8014, 0.9014, 0.9014],
							"inflate": -0.001,
							"pivot": [0, 7.07279, -13.2],
							"rotation": [0, 0, 45],
							"uv": {
								"north": {"uv": [53.5, 52.5], "uv_size": [-3, 1.5]},
								"south": {"uv": [52.5, 52.5], "uv_size": [-3, 1.5]},
								"down": {"uv": [56.5, 52.5], "uv_size": [-3, -1.5]}
							}
						},
						{
							"origin": [-0.6, 6.47279, -13.5],
							"size": [1.2, 1.2, 0.6],
							"uv": {
								"north": {"uv": [55, 24], "uv_size": [2, 2]},
								"east": {"uv": [54, 24], "uv_size": [1, 2]},
								"south": {"uv": [52.5, 24], "uv_size": [2, 2]},
								"west": {"uv": [57, 24], "uv_size": [1, 2]},
								"up": {"uv": [55, 23], "uv_size": [2, 1]},
								"down": {"uv": [57, 24], "uv_size": [2, -1]}
							}
						},
						{
							"origin": [1.21066, 6.32279, -1.2],
							"size": [0.6, 1.5, 0.9],
							"uv": {
								"north": {"uv": [44.5, 53], "uv_size": [1, 2.5]},
								"south": {"uv": [41.5, 53], "uv_size": [1, 2.5]},
								"west": {"uv": [45.5, 53], "uv_size": [1.5, 2.5]}
							}
						},
						{
							"origin": [1.31743, 6.06743, -1.1993],
							"size": [0.5986, 1.4986, 0.8986],
							"inflate": 0.001,
							"pivot": [-0.25607, 6.81673, -0.6],
							"rotation": [0, 0, -45],
							"uv": {
								"north": {"uv": [55.5, 1.5], "uv_size": [1, 2.5]},
								"south": {"uv": [52.5, 1.5], "uv_size": [1, 2.5]},
								"west": {"uv": [56.5, 1.5], "uv_size": [1.5, 2.5]}
							}
						},
						{
							"origin": [1.31743, 6.57956, -1.1993],
							"size": [0.5986, 1.4986, 0.8986],
							"inflate": 0.001,
							"pivot": [-0.25607, 7.32886, -0.6],
							"rotation": [0, 0, 45],
							"uv": {
								"north": {"uv": [55.5, 5.5], "uv_size": [1, 2.5]},
								"south": {"uv": [52.5, 5.5], "uv_size": [1, 2.5]},
								"west": {"uv": [56.5, 5.5], "uv_size": [1.5, 2.5]}
							}
						},
						{
							"origin": [-0.75, 8.28345, -1.2],
							"size": [1.5, 0.6, 0.9],
							"uv": {
								"north": {"uv": [28.5, 53], "uv_size": [2.5, 1]},
								"east": {"uv": [27, 53], "uv_size": [1.5, 1]},
								"south": {"uv": [27, 53], "uv_size": [2.5, 1]},
								"west": {"uv": [31, 53], "uv_size": [1.5, 1]},
								"up": {"uv": [28.5, 51.5], "uv_size": [2.5, 1.5]},
								"down": {"uv": [31, 53], "uv_size": [2.5, -1.5]}
							}
						},
						{
							"origin": [-0.75, 5.26213, -1.2],
							"size": [1.5, 0.6, 0.9],
							"uv": {
								"north": {"uv": [36.5, 53], "uv_size": [2.5, 1]},
								"east": {"uv": [35, 53], "uv_size": [1.5, 1]},
								"south": {"uv": [35, 53], "uv_size": [2.5, 1]},
								"west": {"uv": [39, 53], "uv_size": [1.5, 1]},
								"up": {"uv": [36.5, 51.5], "uv_size": [2.5, 1.5]},
								"down": {"uv": [39, 53], "uv_size": [2.5, -1.5]}
							}
						},
						{
							"origin": [-1.91603, 6.57956, -1.1993],
							"size": [0.5986, 1.4986, 0.8986],
							"inflate": 0.001,
							"pivot": [0.25606, 7.32886, -0.6],
							"rotation": [0, 0, -45],
							"uv": {
								"north": {"uv": [55.5, 9.5], "uv_size": [1, 2.5]},
								"east": {"uv": [54, 9.5], "uv_size": [1.5, 2.5]},
								"south": {"uv": [52.5, 9.5], "uv_size": [1, 2.5]}
							}
						},
						{
							"origin": [-1.91603, 6.06743, -1.1993],
							"size": [0.5986, 1.4986, 0.8986],
							"inflate": 0.001,
							"pivot": [0.25606, 6.81673, -0.6],
							"rotation": [0, 0, 45],
							"uv": {
								"north": {"uv": [55.5, 13.5], "uv_size": [1, 2.5]},
								"east": {"uv": [54, 13.5], "uv_size": [1.5, 2.5]},
								"south": {"uv": [52.5, 13.5], "uv_size": [1, 2.5]}
							}
						},
						{
							"origin": [-1.81066, 6.32279, -1.2],
							"size": [0.6, 1.5, 0.9],
							"uv": {
								"north": {"uv": [55.5, 17.5], "uv_size": [1, 2.5]},
								"east": {"uv": [54, 17.5], "uv_size": [1.5, 2.5]},
								"south": {"uv": [52.5, 17.5], "uv_size": [1, 2.5]}
							}
						},
						{
							"origin": [-1.3486, 5.72419, -1.1986],
							"size": [2.6972, 2.6972, 0.8972],
							"inflate": 0.002,
							"uv": {
								"north": {"uv": [50.5, 28.5], "uv_size": [4.5, 4.5]},
								"south": {"uv": [51, 28.5], "uv_size": [4.5, 4.5]}
							}
						}
					]
				},
				{
					"name": "barrel_left",
					"parent": "barrel",
					"pivot": [0, 4.9, -8.7]
				},
				{
					"name": "barrel8",
					"parent": "barrel_left",
					"pivot": [1.52288, 6.44199, -12.85526],
					"rotation": [0, 0, 22.5],
					"cubes": [
						{
							"origin": [1.81232, 6.43199, -12.76],
							"size": [0.02, 0.02, 14.12],
							"inflate": 0.2,
							"uv": {
								"east": {"uv": [0, 51], "uv_size": [24, 0.5]},
								"south": {"uv": [43, 51], "uv_size": [0.5, 0.5]},
								"west": {"uv": [24.5, 51], "uv_size": [24, 0.5]},
								"up": {"uv": [24, 27], "uv_size": [0.5, 24]},
								"down": {"uv": [24.5, 51], "uv_size": [0.5, -24]}
							}
						},
						{
							"origin": [1.334, 6.43199, 0.42421],
							"size": [0.02, 0.02, 0.92],
							"inflate": 0.2,
							"pivot": [1.344, 6.44199, 0.88421],
							"rotation": [0, 5, 0],
							"uv": {
								"north": {"uv": [29, 56], "uv_size": [0.5, 0.5]},
								"east": {"uv": [27, 56], "uv_size": [2, 0.5]},
								"west": {"uv": [29.5, 56], "uv_size": [2, 0.5]},
								"up": {"uv": [29, 54], "uv_size": [0.5, 2]},
								"down": {"uv": [29.5, 56], "uv_size": [0.5, -2]}
							}
						},
						{
							"origin": [1.39232, 6.43199, 1.34],
							"size": [0.02, 0.02, 0.02],
							"inflate": 0.2,
							"uv": {
								"north": {"uv": [54.5, 26.5], "uv_size": [0.5, 0.5]},
								"south": {"uv": [50, 26.5], "uv_size": [0.5, 0.5]},
								"up": {"uv": [54.5, 26], "uv_size": [0.5, 0.5]},
								"down": {"uv": [55, 26.5], "uv_size": [0.5, -0.5]}
							}
						}
					]
				},
				{
					"name": "barrel1",
					"parent": "barrel_left",
					"pivot": [1.64835, 7.07279, -12.85526],
					"cubes": [
						{
							"origin": [1.93779, 7.06279, -12.76],
							"size": [0.02, 0.02, 14.12],
							"inflate": 0.2,
							"uv": {
								"east": {"uv": [0, 51], "uv_size": [24, 0.5]},
								"south": {"uv": [43, 51], "uv_size": [0.5, 0.5]},
								"west": {"uv": [24.5, 51], "uv_size": [24, 0.5]},
								"up": {"uv": [24, 27], "uv_size": [0.5, 24]},
								"down": {"uv": [24.5, 51], "uv_size": [0.5, -24]}
							}
						},
						{
							"origin": [1.45947, 7.06279, 0.42421],
							"size": [0.02, 0.02, 0.92],
							"inflate": 0.2,
							"pivot": [1.46947, 7.07279, 0.88421],
							"rotation": [0, 5, 0],
							"uv": {
								"north": {"uv": [29, 56], "uv_size": [0.5, 0.5]},
								"east": {"uv": [27, 56], "uv_size": [2, 0.5]},
								"west": {"uv": [29.5, 56], "uv_size": [2, 0.5]},
								"up": {"uv": [29, 54], "uv_size": [0.5, 2]},
								"down": {"uv": [29.5, 56], "uv_size": [0.5, -2]}
							}
						},
						{
							"origin": [1.51779, 7.06279, 1.34],
							"size": [0.02, 0.02, 0.02],
							"inflate": 0.2,
							"uv": {
								"north": {"uv": [54.5, 26.5], "uv_size": [0.5, 0.5]},
								"south": {"uv": [50, 26.5], "uv_size": [0.5, 0.5]},
								"up": {"uv": [54.5, 26], "uv_size": [0.5, 0.5]},
								"down": {"uv": [55, 26.5], "uv_size": [0.5, -0.5]}
							}
						}
					]
				},
				{
					"name": "barrel4",
					"parent": "barrel_left",
					"pivot": [1.16557, 5.90723, -12.85526],
					"rotation": [0, 0, 45],
					"cubes": [
						{
							"origin": [1.45501, 5.89723, -12.76],
							"size": [0.02, 0.02, 14.12],
							"inflate": 0.2,
							"uv": {
								"east": {"uv": [0, 51], "uv_size": [24, 0.5]},
								"south": {"uv": [43, 51], "uv_size": [0.5, 0.5]},
								"west": {"uv": [24.5, 51], "uv_size": [24, 0.5]},
								"up": {"uv": [24, 27], "uv_size": [0.5, 24]},
								"down": {"uv": [24.5, 51], "uv_size": [0.5, -24]}
							}
						},
						{
							"origin": [0.97669, 5.89723, 0.42421],
							"size": [0.02, 0.02, 0.92],
							"inflate": 0.2,
							"pivot": [0.98669, 5.90723, 0.88421],
							"rotation": [0, 5, 0],
							"uv": {
								"north": {"uv": [29, 56], "uv_size": [0.5, 0.5]},
								"east": {"uv": [27, 56], "uv_size": [2, 0.5]},
								"west": {"uv": [29.5, 56], "uv_size": [2, 0.5]},
								"up": {"uv": [29, 54], "uv_size": [0.5, 2]},
								"down": {"uv": [29.5, 56], "uv_size": [0.5, -2]}
							}
						},
						{
							"origin": [1.03501, 5.89723, 1.34],
							"size": [0.02, 0.02, 0.02],
							"inflate": 0.2,
							"uv": {
								"north": {"uv": [54.5, 26.5], "uv_size": [0.5, 0.5]},
								"south": {"uv": [50, 26.5], "uv_size": [0.5, 0.5]},
								"up": {"uv": [54.5, 26], "uv_size": [0.5, 0.5]},
								"down": {"uv": [55, 26.5], "uv_size": [0.5, -0.5]}
							}
						}
					]
				},
				{
					"name": "barrel5",
					"parent": "barrel_left",
					"pivot": [1.16555, 8.23835, -12.85526],
					"rotation": [0, 0, -45],
					"cubes": [
						{
							"origin": [1.45499, 8.22835, -12.76],
							"size": [0.02, 0.02, 14.12],
							"inflate": 0.2,
							"uv": {
								"east": {"uv": [0, 51], "uv_size": [24, 0.5]},
								"south": {"uv": [43, 51], "uv_size": [0.5, 0.5]},
								"west": {"uv": [24.5, 51], "uv_size": [24, 0.5]},
								"up": {"uv": [24, 27], "uv_size": [0.5, 24]},
								"down": {"uv": [24.5, 51], "uv_size": [0.5, -24]}
							}
						},
						{
							"origin": [0.97667, 8.22835, 0.42421],
							"size": [0.02, 0.02, 0.92],
							"inflate": 0.2,
							"pivot": [0.98667, 8.23835, 0.88421],
							"rotation": [0, 5, 0],
							"uv": {
								"north": {"uv": [29, 56], "uv_size": [0.5, 0.5]},
								"east": {"uv": [27, 56], "uv_size": [2, 0.5]},
								"west": {"uv": [29.5, 56], "uv_size": [2, 0.5]},
								"up": {"uv": [29, 54], "uv_size": [0.5, 2]},
								"down": {"uv": [29.5, 56], "uv_size": [0.5, -2]}
							}
						},
						{
							"origin": [1.03499, 8.22835, 1.34],
							"size": [0.02, 0.02, 0.02],
							"inflate": 0.2,
							"uv": {
								"north": {"uv": [54.5, 26.5], "uv_size": [0.5, 0.5]},
								"south": {"uv": [50, 26.5], "uv_size": [0.5, 0.5]},
								"down": {"uv": [55, 26.5], "uv_size": [0.5, -0.5]}
							}
						}
					]
				},
				{
					"name": "barrel6",
					"parent": "barrel_left",
					"pivot": [0.63079, 8.59566, -12.85526],
					"rotation": [0, 0, -67.5],
					"cubes": [
						{
							"origin": [0.92022, 8.58566, -12.76],
							"size": [0.02001, 0.02, 14.12],
							"inflate": 0.2,
							"uv": {
								"east": {"uv": [0, 51], "uv_size": [24, 0.5]},
								"south": {"uv": [43, 51], "uv_size": [0.5, 0.5]},
								"west": {"uv": [24.5, 51], "uv_size": [24, 0.5]},
								"up": {"uv": [24, 27], "uv_size": [0.5, 24]},
								"down": {"uv": [24.5, 51], "uv_size": [0.5, -24]}
							}
						},
						{
							"origin": [0.44191, 8.58566, 0.42421],
							"size": [0.02, 0.02, 0.92],
							"inflate": 0.2,
							"pivot": [0.4519, 8.59566, 0.88421],
							"rotation": [0, 5, 0],
							"uv": {
								"north": {"uv": [29, 56], "uv_size": [0.5, 0.5]},
								"east": {"uv": [27, 56], "uv_size": [2, 0.5]},
								"west": {"uv": [29.5, 56], "uv_size": [2, 0.5]},
								"up": {"uv": [29, 54], "uv_size": [0.5, 2]},
								"down": {"uv": [29.5, 56], "uv_size": [0.5, -2]}
							}
						},
						{
							"origin": [0.50023, 8.58566, 1.34],
							"size": [0.02, 0.02, 0.02],
							"inflate": 0.2,
							"uv": {
								"north": {"uv": [54.5, 26.5], "uv_size": [0.5, 0.5]},
								"south": {"uv": [50, 26.5], "uv_size": [0.5, 0.5]},
								"up": {"uv": [54.5, 26], "uv_size": [0.5, 0.5]},
								"down": {"uv": [55, 26.5], "uv_size": [0.5, -0.5]}
							}
						}
					]
				},
				{
					"name": "barrel7",
					"parent": "barrel_left",
					"pivot": [1.52287, 7.70359, -12.85526],
					"rotation": [0, 0, -22.5],
					"cubes": [
						{
							"origin": [1.81231, 7.69359, -12.76],
							"size": [0.02, 0.02, 14.12],
							"inflate": 0.2,
							"uv": {
								"east": {"uv": [0, 51], "uv_size": [24, 0.5]},
								"south": {"uv": [43, 51], "uv_size": [0.5, 0.5]},
								"west": {"uv": [24.5, 51], "uv_size": [24, 0.5]},
								"up": {"uv": [24, 27], "uv_size": [0.5, 24]},
								"down": {"uv": [24.5, 51], "uv_size": [0.5, -24]}
							}
						},
						{
							"origin": [1.33399, 7.69359, 0.42421],
							"size": [0.02, 0.02, 0.92],
							"inflate": 0.2,
							"pivot": [1.34399, 7.70359, 0.88421],
							"rotation": [0, 5, 0],
							"uv": {
								"north": {"uv": [29, 56], "uv_size": [0.5, 0.5]},
								"east": {"uv": [27, 56], "uv_size": [2, 0.5]},
								"up": {"uv": [29, 54], "uv_size": [0.5, 2]},
								"down": {"uv": [29.5, 56], "uv_size": [0.5, -2]}
							}
						},
						{
							"origin": [1.39231, 7.69359, 1.34],
							"size": [0.02, 0.02, 0.02],
							"inflate": 0.2,
							"uv": {
								"north": {"uv": [54.5, 26.5], "uv_size": [0.5, 0.5]},
								"south": {"uv": [50, 26.5], "uv_size": [0.5, 0.5]},
								"up": {"uv": [54.5, 26], "uv_size": [0.5, 0.5]},
								"down": {"uv": [55, 26.5], "uv_size": [0.5, -0.5]}
							}
						}
					]
				},
				{
					"name": "barrel9",
					"parent": "barrel_left",
					"pivot": [0.63081, 5.54991, -12.85526],
					"rotation": [0, 0, 67.5],
					"cubes": [
						{
							"origin": [0.92025, 5.53991, -12.76],
							"size": [0.02, 0.02, 14.12],
							"inflate": 0.2,
							"uv": {
								"east": {"uv": [0, 51], "uv_size": [24, 0.5]},
								"south": {"uv": [43, 51], "uv_size": [0.5, 0.5]},
								"west": {"uv": [24.5, 51], "uv_size": [24, 0.5]},
								"up": {"uv": [24, 27], "uv_size": [0.5, 24]},
								"down": {"uv": [24.5, 51], "uv_size": [0.5, -24]}
							}
						},
						{
							"origin": [0.44193, 5.53991, 0.42421],
							"size": [0.02, 0.02, 0.92],
							"inflate": 0.2,
							"pivot": [0.45193, 5.54991, 0.88421],
							"rotation": [0, 5, 0],
							"uv": {
								"north": {"uv": [29, 56], "uv_size": [0.5, 0.5]},
								"east": {"uv": [27, 56], "uv_size": [2, 0.5]},
								"west": {"uv": [29.5, 56], "uv_size": [2, 0.5]},
								"up": {"uv": [29, 54], "uv_size": [0.5, 2]},
								"down": {"uv": [29.5, 56], "uv_size": [0.5, -2]}
							}
						},
						{
							"origin": [0.50025, 5.53991, 1.34],
							"size": [0.02, 0.02, 0.02],
							"inflate": 0.2,
							"uv": {
								"north": {"uv": [54.5, 26.5], "uv_size": [0.5, 0.5]},
								"south": {"uv": [50, 26.5], "uv_size": [0.5, 0.5]},
								"up": {"uv": [54.5, 26], "uv_size": [0.5, 0.5]},
								"down": {"uv": [55, 26.5], "uv_size": [0.5, -0.5]}
							}
						}
					]
				},
				{
					"name": "barrel_right",
					"parent": "barrel",
					"pivot": [0, 4.9, -8.7]
				},
				{
					"name": "barrel10",
					"parent": "barrel_right",
					"pivot": [-1.52288, 6.44199, -12.85526],
					"rotation": [0, 0, -22.5],
					"cubes": [
						{
							"origin": [-1.83232, 6.43199, -12.76],
							"size": [0.02, 0.02, 14.12],
							"inflate": 0.2,
							"uv": {
								"east": {"uv": [48.5, 51], "uv_size": [-24, 0.5]},
								"south": {"uv": [43.5, 51], "uv_size": [-0.5, 0.5]},
								"west": {"uv": [24, 51], "uv_size": [-24, 0.5]},
								"up": {"uv": [24.5, 27], "uv_size": [-0.5, 24]},
								"down": {"uv": [25, 51], "uv_size": [-0.5, -24]}
							}
						},
						{
							"origin": [-1.354, 6.43199, 0.42421],
							"size": [0.02, 0.02, 0.92],
							"inflate": 0.2,
							"pivot": [-1.344, 6.44199, 0.88421],
							"rotation": [0, -5, 0],
							"uv": {
								"north": {"uv": [29.5, 56], "uv_size": [-0.5, 0.5]},
								"east": {"uv": [31.5, 56], "uv_size": [-2, 0.5]},
								"west": {"uv": [29, 56], "uv_size": [-2, 0.5]},
								"up": {"uv": [29.5, 54], "uv_size": [-0.5, 2]},
								"down": {"uv": [30, 56], "uv_size": [-0.5, -2]}
							}
						},
						{
							"origin": [-1.41232, 6.43199, 1.34],
							"size": [0.02, 0.02, 0.02],
							"inflate": 0.2,
							"uv": {
								"north": {"uv": [55, 26.5], "uv_size": [-0.5, 0.5]},
								"south": {"uv": [50.5, 26.5], "uv_size": [-0.5, 0.5]},
								"up": {"uv": [55, 26], "uv_size": [-0.5, 0.5]},
								"down": {"uv": [55.5, 26.5], "uv_size": [-0.5, -0.5]}
							}
						}
					]
				},
				{
					"name": "barrel11",
					"parent": "barrel_right",
					"pivot": [-1.64835, 7.07279, -12.85526],
					"cubes": [
						{
							"origin": [-1.95779, 7.06279, -12.76],
							"size": [0.02, 0.02, 14.12],
							"inflate": 0.2,
							"uv": {
								"east": {"uv": [48.5, 51], "uv_size": [-24, 0.5]},
								"south": {"uv": [43.5, 51], "uv_size": [-0.5, 0.5]},
								"west": {"uv": [24, 51], "uv_size": [-24, 0.5]},
								"up": {"uv": [24.5, 27], "uv_size": [-0.5, 24]},
								"down": {"uv": [25, 51], "uv_size": [-0.5, -24]}
							}
						},
						{
							"origin": [-1.47947, 7.06279, 0.42421],
							"size": [0.02, 0.02, 0.92],
							"inflate": 0.2,
							"pivot": [-1.46947, 7.07279, 0.88421],
							"rotation": [0, -5, 0],
							"uv": {
								"north": {"uv": [29.5, 56], "uv_size": [-0.5, 0.5]},
								"east": {"uv": [31.5, 56], "uv_size": [-2, 0.5]},
								"west": {"uv": [29, 56], "uv_size": [-2, 0.5]},
								"up": {"uv": [29.5, 54], "uv_size": [-0.5, 2]},
								"down": {"uv": [30, 56], "uv_size": [-0.5, -2]}
							}
						},
						{
							"origin": [-1.53779, 7.06279, 1.34],
							"size": [0.02, 0.02, 0.02],
							"inflate": 0.2,
							"uv": {
								"north": {"uv": [55, 26.5], "uv_size": [-0.5, 0.5]},
								"south": {"uv": [50.5, 26.5], "uv_size": [-0.5, 0.5]},
								"up": {"uv": [55, 26], "uv_size": [-0.5, 0.5]},
								"down": {"uv": [55.5, 26.5], "uv_size": [-0.5, -0.5]}
							}
						}
					]
				},
				{
					"name": "barrel12",
					"parent": "barrel_right",
					"pivot": [-1.16557, 5.90723, -12.85526],
					"rotation": [0, 0, -45],
					"cubes": [
						{
							"origin": [-1.47501, 5.89723, -12.76],
							"size": [0.02, 0.02, 14.12],
							"inflate": 0.2,
							"uv": {
								"east": {"uv": [48.5, 51], "uv_size": [-24, 0.5]},
								"south": {"uv": [43.5, 51], "uv_size": [-0.5, 0.5]},
								"west": {"uv": [24, 51], "uv_size": [-24, 0.5]},
								"up": {"uv": [24.5, 27], "uv_size": [-0.5, 24]},
								"down": {"uv": [25, 51], "uv_size": [-0.5, -24]}
							}
						},
						{
							"origin": [-0.99669, 5.89723, 0.42421],
							"size": [0.02, 0.02, 0.92],
							"inflate": 0.2,
							"pivot": [-0.98669, 5.90723, 0.88421],
							"rotation": [0, -5, 0],
							"uv": {
								"north": {"uv": [29.5, 56], "uv_size": [-0.5, 0.5]},
								"east": {"uv": [31.5, 56], "uv_size": [-2, 0.5]},
								"west": {"uv": [29, 56], "uv_size": [-2, 0.5]},
								"up": {"uv": [29.5, 54], "uv_size": [-0.5, 2]},
								"down": {"uv": [30, 56], "uv_size": [-0.5, -2]}
							}
						},
						{
							"origin": [-1.05501, 5.89723, 1.34],
							"size": [0.02, 0.02, 0.02],
							"inflate": 0.2,
							"uv": {
								"north": {"uv": [55, 26.5], "uv_size": [-0.5, 0.5]},
								"south": {"uv": [50.5, 26.5], "uv_size": [-0.5, 0.5]},
								"up": {"uv": [55, 26], "uv_size": [-0.5, 0.5]},
								"down": {"uv": [55.5, 26.5], "uv_size": [-0.5, -0.5]}
							}
						}
					]
				},
				{
					"name": "barrel13",
					"parent": "barrel_right",
					"pivot": [-1.16555, 8.23835, -12.85526],
					"rotation": [0, 0, 45],
					"cubes": [
						{
							"origin": [-1.47499, 8.22835, -12.76],
							"size": [0.02, 0.02, 14.12],
							"inflate": 0.2,
							"uv": {
								"east": {"uv": [48.5, 51], "uv_size": [-24, 0.5]},
								"south": {"uv": [43.5, 51], "uv_size": [-0.5, 0.5]},
								"west": {"uv": [24, 51], "uv_size": [-24, 0.5]},
								"up": {"uv": [24.5, 27], "uv_size": [-0.5, 24]},
								"down": {"uv": [25, 51], "uv_size": [-0.5, -24]}
							}
						},
						{
							"origin": [-0.99667, 8.22835, 0.42421],
							"size": [0.02, 0.02, 0.92],
							"inflate": 0.2,
							"pivot": [-0.98667, 8.23835, 0.88421],
							"rotation": [0, -5, 0],
							"uv": {
								"north": {"uv": [29.5, 56], "uv_size": [-0.5, 0.5]},
								"east": {"uv": [31.5, 56], "uv_size": [-2, 0.5]},
								"west": {"uv": [29, 56], "uv_size": [-2, 0.5]},
								"up": {"uv": [29.5, 54], "uv_size": [-0.5, 2]},
								"down": {"uv": [30, 56], "uv_size": [-0.5, -2]}
							}
						},
						{
							"origin": [-1.05499, 8.22835, 1.34],
							"size": [0.02, 0.02, 0.02],
							"inflate": 0.2,
							"uv": {
								"north": {"uv": [55, 26.5], "uv_size": [-0.5, 0.5]},
								"south": {"uv": [50.5, 26.5], "uv_size": [-0.5, 0.5]},
								"up": {"uv": [55, 26], "uv_size": [-0.5, 0.5]},
								"down": {"uv": [55.5, 26.5], "uv_size": [-0.5, -0.5]}
							}
						}
					]
				},
				{
					"name": "barrel14",
					"parent": "barrel_right",
					"pivot": [-0.63079, 8.59566, -12.85526],
					"rotation": [0, 0, 67.5],
					"cubes": [
						{
							"origin": [-0.94023, 8.58566, -12.76],
							"size": [0.02, 0.02, 14.12],
							"inflate": 0.2,
							"uv": {
								"east": {"uv": [48.5, 51], "uv_size": [-24, 0.5]},
								"south": {"uv": [43.5, 51], "uv_size": [-0.5, 0.5]},
								"west": {"uv": [24, 51], "uv_size": [-24, 0.5]},
								"up": {"uv": [24.5, 27], "uv_size": [-0.5, 24]},
								"down": {"uv": [25, 51], "uv_size": [-0.5, -24]}
							}
						},
						{
							"origin": [-0.4619, 8.58566, 0.42421],
							"size": [0.01999, 0.02, 0.92],
							"inflate": 0.2,
							"pivot": [-0.45191, 8.59566, 0.88421],
							"rotation": [0, -5, 0],
							"uv": {
								"north": {"uv": [29.5, 56], "uv_size": [-0.5, 0.5]},
								"east": {"uv": [31.5, 56], "uv_size": [-2, 0.5]},
								"west": {"uv": [29, 56], "uv_size": [-2, 0.5]},
								"up": {"uv": [29.5, 54], "uv_size": [-0.5, 2]},
								"down": {"uv": [30, 56], "uv_size": [-0.5, -2]}
							}
						},
						{
							"origin": [-0.52023, 8.58566, 1.34],
							"size": [0.02, 0.02, 0.02],
							"inflate": 0.2,
							"uv": {
								"north": {"uv": [55, 26.5], "uv_size": [-0.5, 0.5]},
								"south": {"uv": [50.5, 26.5], "uv_size": [-0.5, 0.5]},
								"up": {"uv": [55, 26], "uv_size": [-0.5, 0.5]},
								"down": {"uv": [55.5, 26.5], "uv_size": [-0.5, -0.5]}
							}
						}
					]
				},
				{
					"name": "barrel15",
					"parent": "barrel_right",
					"pivot": [-1.52288, 7.70359, -12.85526],
					"rotation": [0, 0, 22.5],
					"cubes": [
						{
							"origin": [-1.83231, 7.69359, -12.76],
							"size": [0.02, 0.02, 14.12],
							"inflate": 0.2,
							"uv": {
								"east": {"uv": [48.5, 51], "uv_size": [-24, 0.5]},
								"south": {"uv": [43.5, 51], "uv_size": [-0.5, 0.5]},
								"west": {"uv": [24, 51], "uv_size": [-24, 0.5]},
								"up": {"uv": [24.5, 27], "uv_size": [-0.5, 24]},
								"down": {"uv": [25, 51], "uv_size": [-0.5, -24]}
							}
						},
						{
							"origin": [-1.35399, 7.69359, 0.42421],
							"size": [0.02, 0.02, 0.92],
							"inflate": 0.2,
							"pivot": [-1.34399, 7.70359, 0.88421],
							"rotation": [0, -5, 0],
							"uv": {
								"north": {"uv": [29.5, 56], "uv_size": [-0.5, 0.5]},
								"east": {"uv": [31.5, 56], "uv_size": [-2, 0.5]},
								"west": {"uv": [29, 56], "uv_size": [-2, 0.5]},
								"up": {"uv": [29.5, 54], "uv_size": [-0.5, 2]},
								"down": {"uv": [30, 56], "uv_size": [-0.5, -2]}
							}
						},
						{
							"origin": [-1.41231, 7.69359, 1.34],
							"size": [0.02, 0.02, 0.02],
							"inflate": 0.2,
							"uv": {
								"north": {"uv": [55, 26.5], "uv_size": [-0.5, 0.5]},
								"south": {"uv": [50.5, 26.5], "uv_size": [-0.5, 0.5]},
								"up": {"uv": [55, 26], "uv_size": [-0.5, 0.5]},
								"down": {"uv": [55.5, 26.5], "uv_size": [-0.5, -0.5]}
							}
						}
					]
				},
				{
					"name": "barrel16",
					"parent": "barrel_right",
					"pivot": [-0.63081, 5.54991, -12.85526],
					"rotation": [0, 0, -67.5],
					"cubes": [
						{
							"origin": [-0.94025, 5.53991, -12.76],
							"size": [0.02, 0.02, 14.12],
							"inflate": 0.2,
							"uv": {
								"east": {"uv": [48.5, 51], "uv_size": [-24, 0.5]},
								"south": {"uv": [43.5, 51], "uv_size": [-0.5, 0.5]},
								"west": {"uv": [24, 51], "uv_size": [-24, 0.5]},
								"up": {"uv": [24.5, 27], "uv_size": [-0.5, 24]},
								"down": {"uv": [25, 51], "uv_size": [-0.5, -24]}
							}
						},
						{
							"origin": [-0.46193, 5.53991, 0.42421],
							"size": [0.02, 0.02, 0.92],
							"inflate": 0.2,
							"pivot": [-0.45193, 5.54991, 0.88421],
							"rotation": [0, -5, 0],
							"uv": {
								"north": {"uv": [29.5, 56], "uv_size": [-0.5, 0.5]},
								"east": {"uv": [31.5, 56], "uv_size": [-2, 0.5]},
								"west": {"uv": [29, 56], "uv_size": [-2, 0.5]},
								"up": {"uv": [29.5, 54], "uv_size": [-0.5, 2]},
								"down": {"uv": [30, 56], "uv_size": [-0.5, -2]}
							}
						},
						{
							"origin": [-0.52025, 5.53991, 1.34],
							"size": [0.02, 0.02, 0.02],
							"inflate": 0.2,
							"uv": {
								"north": {"uv": [55, 26.5], "uv_size": [-0.5, 0.5]},
								"south": {"uv": [50.5, 26.5], "uv_size": [-0.5, 0.5]},
								"up": {"uv": [55, 26], "uv_size": [-0.5, 0.5]},
								"down": {"uv": [55.5, 26.5], "uv_size": [-0.5, -0.5]}
							}
						}
					]
				},
				{
					"name": "barrel2",
					"parent": "barrel",
					"pivot": [-0.00001, 8.72113, -12.85526],
					"rotation": [0, 0, -90],
					"cubes": [
						{
							"origin": [0.28943, 8.71113, -12.76],
							"size": [0.02, 0.02, 14.12],
							"inflate": 0.2,
							"uv": {
								"east": {"uv": [0, 51], "uv_size": [24, 0.5]},
								"south": {"uv": [43, 51], "uv_size": [0.5, 0.5]},
								"west": {"uv": [24.5, 51], "uv_size": [24, 0.5]},
								"up": {"uv": [24, 27], "uv_size": [0.5, 24]},
								"down": {"uv": [24.5, 51], "uv_size": [0.5, -24]}
							}
						},
						{
							"origin": [-0.18889, 8.71113, 0.42421],
							"size": [0.02, 0.02, 0.92],
							"inflate": 0.2,
							"pivot": [-0.17889, 8.72113, 0.88421],
							"rotation": [0, 5, 0],
							"uv": {
								"north": {"uv": [29, 56], "uv_size": [0.5, 0.5]},
								"east": {"uv": [27, 56], "uv_size": [2, 0.5]},
								"west": {"uv": [29.5, 56], "uv_size": [2, 0.5]},
								"up": {"uv": [29, 54], "uv_size": [0.5, 2]},
								"down": {"uv": [29.5, 56], "uv_size": [0.5, -2]}
							}
						},
						{
							"origin": [-0.13057, 8.71113, 1.34],
							"size": [0.02, 0.02, 0.02],
							"inflate": 0.2,
							"uv": {
								"north": {"uv": [54.5, 26.5], "uv_size": [0.5, 0.5]},
								"south": {"uv": [50, 26.5], "uv_size": [0.5, 0.5]},
								"up": {"uv": [54.5, 26], "uv_size": [0.5, 0.5]},
								"down": {"uv": [55, 26.5], "uv_size": [0.5, -0.5]}
							}
						}
					]
				},
				{
					"name": "barrel3",
					"parent": "barrel",
					"pivot": [0.00001, 5.42443, -12.85526],
					"rotation": [0, 0, 90],
					"cubes": [
						{
							"origin": [0.28945, 5.41443, -12.76],
							"size": [0.02, 0.02, 14.12],
							"inflate": 0.2,
							"uv": {
								"east": {"uv": [0, 51], "uv_size": [24, 0.5]},
								"south": {"uv": [43, 51], "uv_size": [0.5, 0.5]},
								"west": {"uv": [24.5, 51], "uv_size": [24, 0.5]},
								"up": {"uv": [24, 27], "uv_size": [0.5, 24]},
								"down": {"uv": [24.5, 51], "uv_size": [0.5, -24]}
							}
						},
						{
							"origin": [-0.18887, 5.41443, 0.42421],
							"size": [0.02, 0.02, 0.92],
							"inflate": 0.2,
							"pivot": [-0.17887, 5.42443, 0.88421],
							"rotation": [0, 5, 0],
							"uv": {
								"north": {"uv": [29, 56], "uv_size": [0.5, 0.5]},
								"east": {"uv": [27, 56], "uv_size": [2, 0.5]},
								"west": {"uv": [29.5, 56], "uv_size": [2, 0.5]},
								"up": {"uv": [29, 54], "uv_size": [0.5, 2]},
								"down": {"uv": [29.5, 56], "uv_size": [0.5, -2]}
							}
						},
						{
							"origin": [-0.13055, 5.41443, 1.34],
							"size": [0.02, 0.02, 0.02],
							"inflate": 0.2,
							"uv": {
								"north": {"uv": [54.5, 26.5], "uv_size": [0.5, 0.5]},
								"south": {"uv": [50, 26.5], "uv_size": [0.5, 0.5]},
								"up": {"uv": [54.5, 26], "uv_size": [0.5, 0.5]},
								"down": {"uv": [55, 26.5], "uv_size": [0.5, -0.5]}
							}
						}
					]
				},
				{
					"name": "thewat",
					"parent": "p221zldl",
					"pivot": [0, 4.9, -8.7]
				},
				{
					"name": "cook",
					"parent": "thewat",
					"pivot": [2.475, 7.06515, -11.26208],
					"rotation": [0, 0, 90]
				},
				{
					"name": "sight",
					"parent": "thewat",
					"pivot": [0.34528, 9.39015, 0.58792]
				},
				{
					"name": "main",
					"parent": "p221zldl",
					"pivot": [-0.22279, 6.92279, 3.6],
					"cubes": [
						{
							"origin": [-0.01, 7.06279, -13.66],
							"size": [0.02, 0.02, 15.62],
							"inflate": 0.2,
							"uv": {
								"east": {"uv": [0, 26.5], "uv_size": [26.5, 0.5]},
								"west": {"uv": [27, 26.5], "uv_size": [26.5, 0.5]},
								"up": {"uv": [26.5, 0], "uv_size": [0.5, 26.5]},
								"down": {"uv": [27, 26.5], "uv_size": [0.5, -26.5]}
							}
						},
						{
							"origin": [-0.01, 7.14978, 2.15],
							"size": [0.02, 0.02, 1.22],
							"inflate": 0.2,
							"pivot": [0, 7.15978, 2.16],
							"rotation": [45, 0, 0],
							"uv": {
								"east": {"uv": [54, 22.5], "uv_size": [2.5, 0.5]},
								"south": {"uv": [54, 22.5], "uv_size": [0.5, 0.5]},
								"west": {"uv": [57, 22.5], "uv_size": [2.5, 0.5]},
								"up": {"uv": [56.5, 20], "uv_size": [0.5, 2.5]},
								"down": {"uv": [57, 22.5], "uv_size": [0.5, -2.5]}
							}
						},
						{
							"origin": [-0.01, 6.34367, 3.21066],
							"size": [0.02, 0.02, 0.62],
							"inflate": 0.2,
							"pivot": [0, 6.35367, 3.22066],
							"rotation": [45, 0, 0],
							"uv": {
								"north": {"uv": [39.5, 55.5], "uv_size": [0.5, 0.5]},
								"east": {"uv": [38, 55.5], "uv_size": [1.5, 0.5]},
								"west": {"uv": [40, 55.5], "uv_size": [1.5, 0.5]},
								"up": {"uv": [39.5, 54], "uv_size": [0.5, 1.5]},
								"down": {"uv": [40, 55.5], "uv_size": [0.5, -1.5]}
							}
						},
						{
							"origin": [-0.01, 6.28919, 3.25912],
							"size": [0.02, 0.92, 0.02],
							"inflate": 0.2,
							"pivot": [0, 7.49919, 2.66912],
							"rotation": [45, 0, 0],
							"uv": {
								"north": {"uv": [48.5, 54.5], "uv_size": [0.5, 2]},
								"east": {"uv": [48, 54.5], "uv_size": [0.5, 2]},
								"south": {"uv": [44, 54.5], "uv_size": [0.5, 2]},
								"west": {"uv": [49, 54.5], "uv_size": [0.5, 2]},
								"down": {"uv": [49, 54.5], "uv_size": [0.5, -0.5]}
							}
						}
					]
				},
				{
					"name": "constraint",
					"parent": "p221zldl",
					"pivot": [-0.0075, 7.462, 0.2355]
				},
				{
					"name": "positioning2",
					"parent": "p221zldl",
					"pivot": [0, 4.9, 2.1]
				},
				{
					"name": "scope_pos",
					"parent": "positioning2",
					"pivot": [0, 7.375, 4.8]
				},
				{
					"name": "muzzle_pos",
					"parent": "positioning2",
					"pivot": [0, 8.62, -14.2875]
				},
				{
					"name": "grip_pos",
					"parent": "positioning2",
					"pivot": [0, 6.25, 1.7775]
				},
				{
					"name": "laser_pos",
					"parent": "positioning2",
					"pivot": [0, 7.37313, 1.6575]
				},
				{
					"name": "muzzle_flash",
					"parent": "positioning2",
					"pivot": [0, 7.1125, -15.4875]
				},
				{
					"name": "stock_pos",
					"parent": "positioning2",
					"pivot": [0, 6.7, 6.42]
				},
				{
					"name": "shell",
					"parent": "positioning2",
					"pivot": [-1.2975, 7.8625, -2.1525]
				},
				{
					"name": "bass",
					"parent": "p221zldl",
					"pivot": [0, 7.20616, -13.42919]
				},
				{
					"name": "bass1",
					"parent": "bass",
					"pivot": [0, 7.20616, -13.42919],
					"cubes": [
						{
							"origin": [-0.20136, 7.0048, -13.42919],
							"size": [0.40272, 0.40272, 0],
							"uv": {
								"south": {"uv": [62.5, 0], "uv_size": [32, 32]}
							}
						}
					]
				},
				{
					"name": "bass2",
					"parent": "bass",
					"pivot": [0, 7.20616, -13.42919],
					"cubes": [
						{
							"origin": [-0.20136, 7.0048, -13.42919],
							"size": [0.40272, 0.40272, 0],
							"uv": {
								"south": {"uv": [94.5, 0], "uv_size": [32, 32]}
							}
						}
					]
				},
				{
					"name": "bass3",
					"parent": "bass",
					"pivot": [0, 7.20616, -13.42919],
					"cubes": [
						{
							"origin": [-0.20136, 7.0048, -13.42919],
							"size": [0.40272, 0.40272, 0],
							"uv": {
								"south": {"uv": [62.5, 32], "uv_size": [32, 32]}
							}
						}
					]
				},
				{
					"name": "bass4",
					"parent": "bass",
					"pivot": [0, 7.20616, -13.42919],
					"cubes": [
						{
							"origin": [-0.20136, 7.0048, -13.42919],
							"size": [0.40272, 0.40272, 0],
							"uv": {
								"south": {"uv": [94.5, 32], "uv_size": [32, 32]}
							}
						}
					]
				},
				{
					"name": "bass5",
					"parent": "bass",
					"pivot": [0, 7.20616, -13.42919],
					"cubes": [
						{
							"origin": [-0.20136, 7.0048, -13.42919],
							"size": [0.40272, 0.40272, 0],
							"uv": {
								"south": {"uv": [62.5, 64], "uv_size": [32, 32]}
							}
						}
					]
				},
				{
					"name": "bass6",
					"parent": "bass",
					"pivot": [0, 7.20616, -13.42919],
					"cubes": [
						{
							"origin": [-0.20136, 7.0048, -13.42919],
							"size": [0.40272, 0.40272, 0],
							"uv": {
								"south": {"uv": [94.5, 64], "uv_size": [32, 32]}
							}
						}
					]
				},
				{
					"name": "bass7",
					"parent": "bass",
					"pivot": [0, 7.20616, -13.42919],
					"cubes": [
						{
							"origin": [-0.20136, 7.0048, -13.42919],
							"size": [0.40272, 0.40272, 0],
							"uv": {
								"south": {"uv": [62.5, 96], "uv_size": [32, 32]}
							}
						}
					]
				},
				{
					"name": "bass8",
					"parent": "bass",
					"pivot": [0, 7.20616, -13.42919],
					"cubes": [
						{
							"origin": [-0.20136, 7.0048, -13.42919],
							"size": [0.40272, 0.40272, 0],
							"uv": {
								"south": {"uv": [94.5, 96], "uv_size": [32, 32]}
							}
						}
					]
				},
				{
					"name": "camera",
					"pivot": [5.21875, 14.0125, 8.5125]
				},
				{
					"name": "view",
					"pivot": [0, 0, 0]
				},
				{
					"name": "iron_view",
					"parent": "view",
					"pivot": [3.2188, 11.0125, 0.5125],
					"rotation": [2.5, 2.5, 0]
				},
				{
					"name": "idle_view",
					"parent": "view",
					"pivot": [5.2188, 14.0125, 8.5125]
				},
				{
					"name": "refit_view",
					"parent": "view",
					"pivot": [24.325, 6.575, -9.5],
					"rotation": [0, 90, 0]
				},
				{
					"name": "refit_extended_mag_view",
					"parent": "view",
					"pivot": [16.775, 2.55, -27.625],
					"rotation": [0, 90, 0]
				},
				{
					"name": "refit_muzzle_view",
					"parent": "view",
					"pivot": [17.55, 6.55, -28.125],
					"rotation": [0, 90, 0]
				},
				{
					"name": "refit_stock_view",
					"parent": "view",
					"pivot": [16.675, 7.5, -2.225],
					"rotation": [0, 90, 0]
				},
				{
					"name": "refit_laser_view",
					"parent": "view",
					"pivot": [17.925, 5.45, -45.875],
					"rotation": [0, 90, 0]
				},
				{
					"name": "refit_grip_view",
					"parent": "view",
					"pivot": [21.925, -1.025, -41.875],
					"rotation": [0, 90, 0]
				},
				{
					"name": "refit_scope_view",
					"parent": "view",
					"pivot": [18.925, 16.3, -33.875],
					"rotation": [0, 120, 0]
				},
				{
					"name": "positioning",
					"pivot": [0, 0, -8]
				},
				{
					"name": "thirdperson_hand",
					"parent": "positioning",
					"pivot": [0, 7.275, 2.525]
				},
				{
					"name": "ground",
					"parent": "positioning",
					"pivot": [0, -3.625, -5.9]
				},
				{
					"name": "fixed",
					"parent": "positioning",
					"pivot": [0, 6.525, -5.4],
					"rotation": [0, 90, 0]
				}
			]
		}
	]
}