{
  "model": "daffas_arsenal:gun/hk416_geo",
  "texture": "daffas_arsenal:gun/uv/hk416",
  "lod": {
    "model": "daffas_arsenal:gun/hk416_geo",
    "texture": "daffas_arsenal:gun/uv/hk416"
  },
  "hud": "daffas_arsenal:gun/hud/hk416",
  "slot": "daffas_arsenal:gun/slot/hk416",
  "animation": "daffas_arsenal:hk416",
  "use_default_animation": "rifle",
  "third_person_animation": "default",
  "state_machine": "daffas_arsenal:hk416_state_machine",
  "default_animation": "daffas_arsenal:daffas_default",
  "transform": {
    "scale": {
      "thirdperson": [0.59, 0.59, 0.59],
      "ground": [0.59, 0.59, 0.59],
      "fixed": [1, 1, 1]
    }
  },
  "muzzle_flash": {
    "texture": "daffas_arsenal:flash/daffas_muzzle_flash_fire_old",
    "scale": 2
  },
  "iron_zoom": 1.5,
  "zoom_model_fov": 60,
  "shell": {
    "initial_velocity": [12, 6, 3],
    "random_velocity": [2, 2, 0.5],
    "acceleration": [0.0, -20, 0.0],
    "angular_velocity": [720, -2400, 180],
    "living_time": 0.25
  },
  "sounds": {
    "shoot": "daffas_arsenal:hk416/daffas_hk4162",
    "shoot_3p": "daffas_arsenal:hk416/daffas_hk4162",
    "silence": "daffas_arsenal:supressor/daffas_rifle",
    "silence_3p": "daffas_arsenal:supressor/daffas_rifle",
    "dry_fire": "tacz:dry_fire",
    "fire_select": "tacz:fire_select",
    "head_hit": "tacz:head_hit",
    "flesh_hit": "tacz:flesh_hit",
    "kill": "tacz:kill",
    "melee_push": "tacz:melee_stock/melee_stock_01",
    "melee_stock": "tacz:melee_stock/melee_stock_03"
  },
  "offhand_show": {
    "pos": [0, 19, 4],
    "rotate": [0, 0, 60],
    "scale": [0.5, 0.5, 0.5]
  },
  "hotbar_show": {
    "0": {
      "pos": [0, 19, 3],
      "rotate": [-180, 0, 120],
      "scale": [0.5, 0.5, 0.5]
    }
  }
}