{
	"format_version": "1.8.0",
	"animations": {
		"static_idle": {
			"loop": true,
			"bones": {
				"lefthand": {
					"rotation": [92.08205, -35.83371, -136.28586],
					"position": [7.52384, 0.9707, -7.50815],
					"scale": [1, 1.5, 1]
				},
				"righthand": {
					"rotation": [96.62148, 13.88085, -176.69492],
					"position": [-6.79219, 2.3875, 2.11329],
					"scale": [1, 1.5, 1]
				},
				"righthand_pos": {
					"position": [0, 0, 0]
				}
			}
		},
		"static_bolt_caught": {
			"loop": true,
			"bones": {
				"lefthand": {
					"rotation": [92.08205, -35.83371, -136.28586],
					"position": [7.52384, 0.9707, -7.50815],
					"scale": [1, 1.5, 1]
				},
				"righthand": {
					"rotation": [96.62148, 13.88085, -176.69492],
					"position": [-6.79219, 2.3875, 2.11329],
					"scale": [1, 1.5, 1]
				},
				"righthand_pos": {
					"position": [0, 0, 0]
				},
				"proyektil": {
					"scale": 0
				},
				"badan_prima": {
					"scale": 0
				}
			}
		},
		"reload_empty": {
			"animation_length": 2.9271,
			"bones": {
				"barrel": {
					"rotation": {
						"0.3021": [0, 0, 0],
						"0.4167": [30, 0, 0],
						"1.9479": [30, 0, 0],
						"2.3438": [30, 0, 0],
						"2.3958": [0, 0, 0]
					}
				},
				"lever": {
					"rotation": {
						"0.2292": [0, 0, 0],
						"0.2813": [0, -47.5, 0],
						"2.1354": [0, -47.5, 0],
						"2.3854": [0, -47.5, 0],
						"2.4063": [0, 0, 0]
					}
				},
				"buled": {
					"rotation": {
						"0.0": [0, 0, 0],
						"0.3021": [0, 0, 0],
						"0.3854": [0, 0, 0],
						"0.5104": [0, 0, 0],
						"0.5625": [-10, -12.5, 0],
						"0.6146": [-47.77358, -22.24017, 11.29121],
						"0.6771": [-116.90133, -20.67027, 10.49418],
						"0.7708": [-192.4789, 5.40426, 42.9662],
						"0.7813": [-72.33286, 13.17098, -15.59623],
						"1.0313": [-72.33286, 13.17098, -15.59623],
						"1.1979": [-19.91707, 17.43705, -9.77476],
						"1.2708": [4.10376, 5.75899, -2.30506],
						"1.4375": [-3.04828, -3.89869, 1.9085],
						"1.5417": [0, 0, 0],
						"1.6875": [0, 0, 0],
						"1.9792": [0, 0, 0]
					},
					"position": {
						"0.0": [0, 0, 0],
						"0.3021": [0, 0, 0],
						"0.3854": [0, 0, 0.41016],
						"0.5104": [0, 0, 0.41016],
						"0.5625": [-0.25081, -0.22312, 1.77347],
						"0.6146": [-2.04268, -1.67284, 3.46527],
						"0.6771": [-3.4808, -5.36679, 5.06188],
						"0.7708": [-3.78079, -11.54591, 6.70601],
						"0.7813": [4.85123, -9.74936, 6.29889],
						"1.0313": [3.42303, -2.27961, 4.11571],
						"1.1979": [0.49958, -0.33767, 2.25966],
						"1.2708": [0.06086, 0.02467, 1.90712],
						"1.4375": [-0.01696, -0.00566, 1.87302],
						"1.5417": [0.01823, 0.06004, 1.7519],
						"1.6875": [0, 0, 0.41016],
						"1.9792": [0, 0, 0.41016],
						"2.3646": [0, 0, 0.41016],
						"2.3958": [0, 0, 0]
					}
				},
				"proyektil": {
					"scale": 0
				},
				"root": {
					"rotation": {
						"0.0": {
							"post": [0, 0, 0],
							"lerp_mode": "catmullrom"
						},
						"0.0938": {
							"post": [5, -2.5, 5],
							"lerp_mode": "catmullrom"
						},
						"0.1875": {
							"post": [13.63392, -5.62786, 7.47401],
							"lerp_mode": "catmullrom"
						},
						"0.2604": {
							"post": [11.13, -5.63, 14.97],
							"lerp_mode": "catmullrom"
						},
						"0.3854": {
							"post": [-15.18363, -5.0458, 19.64082],
							"lerp_mode": "catmullrom"
						},
						"0.4688": {
							"post": [-32.25872, 2.4177, 1.60602],
							"lerp_mode": "catmullrom"
						},
						"0.5521": {
							"post": [-44.89872, 3.35327, -11.66009],
							"lerp_mode": "catmullrom"
						},
						"0.6042": {
							"post": [-43.89, 0.75, -9.38],
							"lerp_mode": "catmullrom"
						},
						"0.6771": {
							"post": [-39.04, -1.43, -14.61],
							"lerp_mode": "catmullrom"
						},
						"0.7396": {
							"post": [-35.01, 5.99, -7.58],
							"lerp_mode": "catmullrom"
						},
						"0.8021": {
							"post": [-30.89177, 13.91408, -2.64261],
							"lerp_mode": "catmullrom"
						},
						"0.9167": {
							"post": [-25.27, 15.79, 7.36],
							"lerp_mode": "catmullrom"
						},
						"1.0104": {
							"post": [-23.39177, 16.41408, 14.85739],
							"lerp_mode": "catmullrom"
						},
						"1.125": {
							"post": [-20.89177, 16.41408, 14.85739],
							"lerp_mode": "catmullrom"
						},
						"1.2083": {
							"post": [-18.39177, 16.41408, 16.60739],
							"lerp_mode": "catmullrom"
						},
						"1.2917": {
							"post": [-15.89177, 16.41408, 18.62144],
							"lerp_mode": "catmullrom"
						},
						"1.4583": {
							"post": [-15.53837, 16.4899, 19.64828],
							"lerp_mode": "catmullrom"
						},
						"1.5625": {
							"post": [-15.42607, 16.2498, 18.45686],
							"lerp_mode": "catmullrom"
						},
						"1.6354": {
							"post": [-15.37436, 16.26127, 17.39362],
							"lerp_mode": "catmullrom"
						},
						"1.7188": {
							"post": [-13.45, 16.24, 20.32],
							"lerp_mode": "catmullrom"
						},
						"1.8438": {
							"post": [-11.58713, 16.31208, 19.21219],
							"lerp_mode": "catmullrom"
						},
						"1.9896": {
							"post": [-16.77816, 17.04486, 20.41701],
							"lerp_mode": "catmullrom"
						},
						"2.125": {
							"post": [-8.39177, 1.41408, 17.35739],
							"lerp_mode": "catmullrom"
						},
						"2.2813": {
							"post": [5, -2.5, 15],
							"lerp_mode": "catmullrom"
						},
						"2.3542": {
							"post": [-2.48, -1.45, 11.81],
							"lerp_mode": "catmullrom"
						},
						"2.4375": {
							"post": [-17.5, 0, 2.5],
							"lerp_mode": "catmullrom"
						},
						"2.5104": {
							"post": [-15.48139, 4.09097, 4.44369],
							"lerp_mode": "catmullrom"
						},
						"2.6354": {
							"post": [-3.11316, 0, -7.43818],
							"lerp_mode": "catmullrom"
						},
						"2.7813": {
							"post": [1.9981, -0.08722, -0.00152],
							"lerp_mode": "catmullrom"
						},
						"2.9271": [0, 0, 0]
					},
					"position": {
						"0.0": {
							"post": [0, 0, 0],
							"lerp_mode": "catmullrom"
						},
						"0.0938": {
							"post": [-0.16406, 0.11719, 0.06641],
							"lerp_mode": "catmullrom"
						},
						"0.1875": {
							"post": [-0.66, 0.37, 0.07],
							"lerp_mode": "catmullrom"
						},
						"0.2604": {
							"post": [-0.76937, 0.50672, 0.07],
							"lerp_mode": "catmullrom"
						},
						"0.3854": {
							"post": [-0.66, 0.37, 0.07],
							"lerp_mode": "catmullrom"
						},
						"0.4688": {
							"post": [-1.35922, 0.37, 0.07],
							"lerp_mode": "catmullrom"
						},
						"0.5521": {
							"post": [-1.36, -0.31359, 0.07],
							"lerp_mode": "catmullrom"
						},
						"0.6042": {
							"post": [-1.61, -0.19, 0.07],
							"lerp_mode": "catmullrom"
						},
						"0.6771": {
							"post": [-1.36, -0.01875, 0.07],
							"lerp_mode": "catmullrom"
						},
						"0.7396": {
							"post": [-1.59, -0.54, 0.07],
							"lerp_mode": "catmullrom"
						},
						"0.8021": {
							"post": [-1.36, -1.04828, 0.07],
							"lerp_mode": "catmullrom"
						},
						"0.9167": {
							"post": [-1.36, -1.88, 0.07],
							"lerp_mode": "catmullrom"
						},
						"1.0104": {
							"post": [-1.36, -2.11859, 0.07],
							"lerp_mode": "catmullrom"
						},
						"1.125": {
							"post": [-1.36, -1.98969, 0.07],
							"lerp_mode": "catmullrom"
						},
						"1.2917": {
							"post": [-1.50453, -2.23219, 0.07],
							"lerp_mode": "catmullrom"
						},
						"1.4583": {
							"post": [-1.4425, -2.44078, 0.07],
							"lerp_mode": "catmullrom"
						},
						"1.5208": {
							"post": [-1.3675, -2.27313, 0.07],
							"lerp_mode": "catmullrom"
						},
						"1.5938": {
							"post": [-1.45156, -2.24, 0.07],
							"lerp_mode": "catmullrom"
						},
						"1.6875": {
							"post": [-1.52, -2.27625, -0.17219],
							"lerp_mode": "catmullrom"
						},
						"1.8438": {
							"post": [-1.48, -2.04203, -0.12],
							"lerp_mode": "catmullrom"
						},
						"2.0625": {
							"post": [-1.36, -2.48969, 0.07],
							"lerp_mode": "catmullrom"
						},
						"2.2188": {
							"post": [-1, -1, 0],
							"lerp_mode": "catmullrom"
						},
						"2.3333": {
							"post": [-0.28, 0.375, 0],
							"lerp_mode": "catmullrom"
						},
						"2.3958": {
							"post": [-0.90234, 0.60938, 0],
							"lerp_mode": "catmullrom"
						},
						"2.4583": {
							"post": [-1, 0.1, 0],
							"lerp_mode": "catmullrom"
						},
						"2.5313": {
							"post": [-0.94, -0.38703, 0],
							"lerp_mode": "catmullrom"
						},
						"2.6354": {
							"post": [-0.47, 0.18703, 0],
							"lerp_mode": "catmullrom"
						},
						"2.7396": {
							"post": [0, 0.05469, 0],
							"lerp_mode": "catmullrom"
						},
						"2.8333": {
							"post": [0.03, -0.08937, 0],
							"lerp_mode": "catmullrom"
						},
						"2.9271": [0, 0, 0]
					}
				},
				"lefthand": {
					"rotation": {
						"0.0": [92.08205, -35.83371, -136.28586],
						"0.5521": [92.08, -35.83, -136.29],
						"1.0313": [105.93217, -20.73012, -151.81849],
						"1.1979": [117.99, -35.83, -192.81],
						"1.2708": [119.58205, -35.83371, -196.28586],
						"1.4375": [122.27242, -32.61894, -201.00714],
						"1.5417": {
							"pre": [123.86917, -31.88298, -203.96819],
							"post": [123.86917, -31.88298, -203.96819],
							"lerp_mode": "catmullrom"
						},
						"1.7813": {
							"post": [125.77885, -20.0097, -208.3078],
							"lerp_mode": "catmullrom"
						},
						"1.9375": {
							"post": [122.1599, -20.05702, -198.72066],
							"lerp_mode": "catmullrom"
						},
						"2.1354": {
							"post": [86.8754, -25.83963, -135.88424],
							"lerp_mode": "catmullrom"
						},
						"2.3438": [86.8754, -25.83963, -135.88424],
						"2.3958": [92.08205, -35.83371, -136.28586]
					},
					"position": {
						"0.0": [7.52384, 0.9707, -7.50815],
						"0.5521": [13.82, -6.54, 11.94],
						"1.0313": [11.31253, 3.88444, 1.81076],
						"1.1979": [9.28, 5.82, -0.66],
						"1.2708": [8.77229, 6.30925, -1.27677],
						"1.4375": [8.48183, 6.17121, -1.11705],
						"1.5417": {
							"pre": [8.49965, 6.35121, -1.37222],
							"post": [8.49965, 6.35121, -1.37222],
							"lerp_mode": "catmullrom"
						},
						"1.7813": {
							"post": [8.64044, 5.85222, -2.26479],
							"lerp_mode": "catmullrom"
						},
						"1.9375": {
							"post": [10.14157, 5.56334, -1.62246],
							"lerp_mode": "catmullrom"
						},
						"2.1354": {
							"post": [7.52384, -0.4043, -6.84409],
							"lerp_mode": "catmullrom"
						},
						"2.3438": [7.52384, -0.4043, -6.84409],
						"2.3958": [7.52384, 0.9707, -7.50815]
					},
					"scale": {
						"0.0": [1, 1.5, 1],
						"2.1354": [1, 1.5, 1],
						"2.3438": [1, 1.5, 1],
						"2.3958": [1, 1.5, 1]
					}
				},
				"righthand": {
					"rotation": {
						"0.0": [96.62148, 13.88085, -176.69492],
						"0.0729": [96.62148, 13.88085, -176.69492],
						"0.1771": [106.62148, 13.88085, -176.69492],
						"0.2292": [107.19658, 13.1536, -174.23487],
						"0.2813": [104.39642, 11.06832, -185.4587],
						"0.6875": [104.39642, 11.06832, -185.4587],
						"0.8854": [96.62148, 13.88085, -176.69492],
						"2.1354": [96.62148, 13.88085, -176.69492]
					},
					"position": {
						"0.0": [-6.79219, 2.3875, 2.11329],
						"0.0729": [-6.79219, 2.3875, 2.11329],
						"0.1771": [-7.10009, 3.23541, 1.73834],
						"0.2292": [-7.23661, 3.26302, 1.75711],
						"0.2813": [-7.43657, 3.23147, 1.77526],
						"0.6875": [-7.43657, 3.23147, 1.77526],
						"0.8854": [-6.79219, 2.3875, 2.11329],
						"2.1354": [-6.79219, 2.3875, 2.11329]
					},
					"scale": {
						"0.0": [1, 1.5, 1],
						"2.1354": [1, 1.5, 1]
					}
				},
				"righthand_pos": {
					"position": {
						"0.0": [0, 0, 0],
						"2.1354": [0, 0, 0]
					}
				},
				"constraint": {
					"rotation": {
						"0.0": [0, 0, 0],
						"0.1771": [1, 1, 1],
						"2.6354": [1, 1, 1],
						"2.9271": [0, 0, 0]
					},
					"position": {
						"0.0": [0, 0, 0],
						"0.1771": [1, 1, 1],
						"2.6354": [1, 1, 1],
						"2.9271": [0, 0, 0]
					}
				},
				"mekaniks": {
					"rotation": {
						"0.3021": [0, 0, 0],
						"0.4167": [-33.5, 0, 0],
						"2.3542": [-33.5, 0, 0],
						"2.3854": [0, 0, 0]
					}
				},
				"ejector": {
					"position": {
						"0.3333": [0, 0, 0],
						"0.4167": [0, 0, 0.41016],
						"2.3646": [0, 0, 0.41016],
						"2.3958": [0, 0, 0.41016]
					}
				},
				"camera": {
					"rotation": {
						"0.0": {
							"post": [0, 0, 0],
							"lerp_mode": "catmullrom"
						},
						"0.1354": {
							"post": [0.12, -0.59, 0.37],
							"lerp_mode": "catmullrom"
						},
						"0.3542": {
							"post": [0.75, -0.25, -0.5],
							"lerp_mode": "catmullrom"
						},
						"0.4271": {
							"post": [0.75, -1, 1.75],
							"lerp_mode": "catmullrom"
						},
						"0.5521": {
							"post": [1, -0.5, -0.75],
							"lerp_mode": "catmullrom"
						},
						"0.75": {
							"post": [1.5, 0, 0.25],
							"lerp_mode": "catmullrom"
						},
						"0.8958": {
							"post": [1.65, 0.26, -0.28],
							"lerp_mode": "catmullrom"
						},
						"1.1042": {
							"post": [1.45, 0.36, -0.13],
							"lerp_mode": "catmullrom"
						},
						"1.2604": {
							"post": [1.75, 0.5, 0.25],
							"lerp_mode": "catmullrom"
						},
						"1.3854": {
							"post": [1.75, 0.75, 0.75],
							"lerp_mode": "catmullrom"
						},
						"1.4688": {
							"post": [1.88, 0.78, 0.58],
							"lerp_mode": "catmullrom"
						},
						"1.5313": {
							"post": [2, 0.71, -0.58],
							"lerp_mode": "catmullrom"
						},
						"1.6042": {
							"post": [2.28, 0.69, -0.8],
							"lerp_mode": "catmullrom"
						},
						"1.6771": {
							"post": [2.5, 0.5, 0.25],
							"lerp_mode": "catmullrom"
						},
						"1.7292": {
							"post": [2.45, 0.42, -0.27],
							"lerp_mode": "catmullrom"
						},
						"1.8646": {
							"post": [2.19, 0.28, 0.8],
							"lerp_mode": "catmullrom"
						},
						"2.0313": {
							"post": [1.95, 0.85, -0.03],
							"lerp_mode": "catmullrom"
						},
						"2.2396": {
							"post": [1.5, 1, 0],
							"lerp_mode": "catmullrom"
						},
						"2.3646": {
							"post": [0.08, 0.62, 0.4],
							"lerp_mode": "catmullrom"
						},
						"2.4271": {
							"post": [-1, 0.25, -1],
							"lerp_mode": "catmullrom"
						},
						"2.5521": {
							"post": [-0.72, 0.13, 0.78],
							"lerp_mode": "catmullrom"
						},
						"2.6667": {
							"post": [0, 0, -0.25],
							"lerp_mode": "catmullrom"
						},
						"2.7917": {
							"post": [0.25, 0, 0],
							"lerp_mode": "catmullrom"
						},
						"2.9271": [0, 0, 0]
					}
				},
				"badan_prima": {
					"scale": {
						"0.0": [0, 0, 0],
						"0.9063": [0, 0, 0],
						"0.9167": [1, 1, 1]
					}
				}
			},
			"sound_effects": {
				"0.0104": {
					"effect": "daffas_arsenal:m79/daffas_m79_reload"
				},
				"0.2708": {
					"effect": "daffas_arsenal:m79/daffas_m79_open"
				},
				"0.375": {
					"effect": "daffas_arsenal:m79/daffas_m79_casa"
				},
				"0.6354": {
					"effect": "daffas_arsenal:m79/daffas_m79_reloading"
				},
				"0.9375": {
					"effect": "daffas_arsenal:m79/daffas_m79_baju1"
				},
				"1.1146": {
					"effect": "daffas_arsenal:m79/daffas_m79_relawan"
				},
				"1.3542": {
					"effect": "daffas_arsenal:m79/daffas_m79_boled"
				},
				"1.625": {
					"effect": "daffas_arsenal:m79/daffas_m79_alusista"
				},
				"2.0": {
					"effect": "daffas_arsenal:m79/daffas_m79_close"
				},
				"2.2188": {
					"effect": "daffas_arsenal:m79/daffas_m79_baju3"
				}
			}
		},
		"draw": {
			"loop": "hold_on_last_frame",
			"animation_length": 1,
			"bones": {
				"root": {
					"rotation": {
						"0.0": {
							"post": [2.51097, -15.71526, 19.45009],
							"lerp_mode": "catmullrom"
						},
						"0.1979": {
							"post": [0.01058, -3.21526, 11.95246],
							"lerp_mode": "catmullrom"
						},
						"0.3021": {
							"post": [-7.40406, 3.25145, 11.50108],
							"lerp_mode": "catmullrom"
						},
						"0.4167": {
							"post": [-2.50083, 4.77745, 5.21302],
							"lerp_mode": "catmullrom"
						},
						"0.5313": {
							"post": [2.49049, 0.21782, -4.99527],
							"lerp_mode": "catmullrom"
						},
						"0.6875": {
							"post": [1.06531, -0.21875, 2.82366],
							"lerp_mode": "catmullrom"
						},
						"0.7813": {
							"post": [-0.74982, 0.01636, -0.50011],
							"lerp_mode": "catmullrom"
						},
						"0.9375": [0, 0, 0]
					},
					"position": {
						"0.0": {
							"post": [-1.395, -6.385, 18.55],
							"lerp_mode": "catmullrom"
						},
						"0.1979": {
							"post": [-2.7725, -1.06, 6.5525],
							"lerp_mode": "catmullrom"
						},
						"0.3021": {
							"post": [-1.8375, -0.575, 3.2875],
							"lerp_mode": "catmullrom"
						},
						"0.4167": {
							"post": [-0.9475, -0.16, 1.27],
							"lerp_mode": "catmullrom"
						},
						"0.5313": {
							"post": [0, -0.82031, 0],
							"lerp_mode": "catmullrom"
						},
						"0.6354": {
							"post": [0, -0.48437, 0],
							"lerp_mode": "catmullrom"
						},
						"0.7188": {
							"post": [-0.12109, -0.12891, 0],
							"lerp_mode": "catmullrom"
						},
						"0.875": [0, 0, 0]
					}
				},
				"lefthand": {
					"rotation": {
						"0.0": [0, 0, 0],
						"0.1042": [91.68802, -0.8513, -135.09169],
						"0.5313": [92.08205, -35.83371, -136.28586]
					},
					"position": {
						"0.0": [7.52384, 0.9707, -7.50815],
						"0.1042": {
							"pre": [18.36496, -7.0558, 0.60668],
							"post": [18.36496, -7.0558, 0.60668],
							"lerp_mode": "catmullrom"
						},
						"0.4167": {
							"post": [9.71395, -0.14153, -7.17103],
							"lerp_mode": "catmullrom"
						},
						"0.5313": [7.52384, 0.9707, -7.50815]
					},
					"scale": {
						"0.0": [1, 1.5, 1],
						"0.5313": [1, 1.5, 1]
					}
				},
				"righthand": {
					"rotation": [96.62148, 13.88085, -176.69492],
					"position": [-6.79219, 2.3875, 2.11329],
					"scale": [1, 1.5, 1]
				},
				"righthand_pos": {
					"position": [0, 0, 0]
				},
				"constraint": {
					"rotation": {
						"0.0": [0, 0, 0],
						"0.1979": [1, 1, 1],
						"0.6875": [1, 1, 1],
						"0.9375": [0, 0, 0]
					},
					"position": {
						"0.0": [0, 0, 0],
						"0.1979": [1, 1, 1],
						"0.6875": [1, 1, 1],
						"0.9375": [0, 0, 0]
					}
				},
				"camera": {
					"rotation": {
						"0.0": {
							"post": [0, 0, 0],
							"lerp_mode": "catmullrom"
						},
						"0.2083": {
							"post": [0.5, 0.5, 0],
							"lerp_mode": "catmullrom"
						},
						"0.3333": {
							"post": [0.14, 0.42, -0.31],
							"lerp_mode": "catmullrom"
						},
						"0.4688": {
							"post": [-0.25, 0.25, 0.25],
							"lerp_mode": "catmullrom"
						},
						"0.5625": {
							"post": [0.14, 0.42, 1.19],
							"lerp_mode": "catmullrom"
						},
						"0.625": {
							"post": [0.55, 0.5, 0.25],
							"lerp_mode": "catmullrom"
						},
						"0.7188": {
							"post": [0.53, 0.31, 1.01],
							"lerp_mode": "catmullrom"
						},
						"0.9375": {
							"post": [0, 0, 0],
							"lerp_mode": "catmullrom"
						}
					}
				}
			},
			"sound_effects": {
				"0.0104": {
					"effect": "daffas_arsenal:m79/daffas_m79_draw"
				}
			}
		},
		"put_away": {
			"loop": "hold_on_last_frame",
			"animation_length": 0.5521,
			"bones": {
				"root": {
					"rotation": {
						"0.0": [0, 0, 0],
						"0.0938": {
							"pre": [2.25206, 0.14266, 4.50398],
							"post": [2.25206, 0.14266, 4.50398],
							"lerp_mode": "catmullrom"
						},
						"0.2813": {
							"post": [13.15388, 4.96824, 8.99848],
							"lerp_mode": "catmullrom"
						},
						"0.5521": [55.65388, 9.96824, 8.99848]
					},
					"position": {
						"0.0": {
							"post": [0, 0, 0],
							"lerp_mode": "catmullrom"
						},
						"0.2813": {
							"post": [-2.4625, -2.1775, 4],
							"lerp_mode": "catmullrom"
						},
						"0.5521": [-7.5375, -10.0525, 5]
					}
				},
				"lefthand": {
					"rotation": [92.08205, -35.83371, -136.28586],
					"position": [7.52384, 0.9707, -7.50815],
					"scale": [1, 1.5, 1]
				},
				"righthand": {
					"rotation": [96.62148, 13.88085, -176.69492],
					"position": [-6.79219, 2.3875, 2.11329],
					"scale": [1, 1.5, 1]
				},
				"righthand_pos": {
					"position": [0, 0, 0]
				},
				"constraint": {
					"rotation": [0, 0, 0],
					"position": [0, 0, 0]
				},
				"camera": {
					"rotation": {
						"0.0": {
							"post": [0, 0, 0],
							"lerp_mode": "catmullrom"
						},
						"0.125": {
							"post": [0.5, 0.5, 0],
							"lerp_mode": "catmullrom"
						},
						"0.25": {
							"post": [0.14, 0.42, -0.31],
							"lerp_mode": "catmullrom"
						},
						"0.3333": {
							"post": [-0.25, 0.25, 0.25],
							"lerp_mode": "catmullrom"
						},
						"0.4167": {
							"post": [0, 0, 0],
							"lerp_mode": "catmullrom"
						},
						"0.5": {
							"post": [0, 0, 0],
							"lerp_mode": "catmullrom"
						}
					}
				}
			},
			"sound_effects": {
				"0.0104": {
					"effect": "daffas_arsenal:m79/daffas_m79_baju1"
				}
			}
		},
		"inspect": {
			"animation_length": 6.4167,
			"bones": {
				"barrel": {
					"rotation": {
						"3.9375": [0, 0, 0],
						"4.0417": [29, 0, 0],
						"5.6563": [29, 0, 0],
						"5.7708": [0, 0, 0]
					}
				},
				"lever": {
					"rotation": {
						"3.8125": [0, 0, 0],
						"3.9271": [0, -37.5, 0],
						"5.7604": [0, -37.5, 0],
						"5.8125": [0, 0, 0]
					}
				},
				"mekaniks": {
					"rotation": {
						"3.9375": [0, 0, 0],
						"4.0417": [-33.5, 0, 0],
						"5.6563": [-33.5, 0, 0],
						"5.7708": [0, 0, 0]
					}
				},
				"ejector": {
					"position": {
						"3.9688": [0, 0, 0],
						"4.0417": [0, 0, 0.41016],
						"5.6667": [0, 0, 0.41016],
						"5.7188": [0, 0, 0]
					}
				},
				"buled": {
					"position": {
						"3.9688": [0, 0, 0],
						"4.0417": [0, 0, 0.41016],
						"5.6667": [0, 0, 0.41016],
						"5.7188": [0, 0, 0]
					}
				},
				"root": {
					"rotation": {
						"0.0": {
							"post": [0, 0, 0],
							"lerp_mode": "catmullrom"
						},
						"0.2083": {
							"post": [4.99527, -10.21782, 4.9905],
							"lerp_mode": "catmullrom"
						},
						"0.4167": {
							"post": [-12.75, -27, 0],
							"lerp_mode": "catmullrom"
						},
						"0.625": {
							"post": [-12.75, -27, -7.5],
							"lerp_mode": "catmullrom"
						},
						"0.8333": {
							"post": [-12.75, -27, -10],
							"lerp_mode": "catmullrom"
						},
						"1.0417": {
							"post": [-12.25, -26.5, -10],
							"lerp_mode": "catmullrom"
						},
						"1.4583": {
							"post": [-12.75, -27, -9],
							"lerp_mode": "catmullrom"
						},
						"1.5833": {
							"post": [-14.46002, -25.4776, -3.64187],
							"lerp_mode": "catmullrom"
						},
						"1.75": {
							"post": [-17.75872, -21.93805, 6.71936],
							"lerp_mode": "catmullrom"
						},
						"1.9583": {
							"post": [-17.75872, -21.93805, 4.71936],
							"lerp_mode": "catmullrom"
						},
						"2.3333": [-17.75872, -21.93805, 5.46654],
						"3.1563": {
							"pre": [-15.73, -23.1, 4.53],
							"post": [-15.73, -23.1, 4.53],
							"lerp_mode": "catmullrom"
						},
						"3.3646": {
							"post": [-9.23, -16.99, 3.71],
							"lerp_mode": "catmullrom"
						},
						"3.5625": {
							"post": [0, 0, 0],
							"lerp_mode": "catmullrom"
						},
						"3.75": {
							"post": [-9.91615, 1.29876, 7.38733],
							"lerp_mode": "catmullrom"
						},
						"3.8542": {
							"post": [-9.9299, 3.26884, 2.54242],
							"lerp_mode": "catmullrom"
						},
						"3.9375": {
							"post": [-11.6799, 3.26884, -3.45758],
							"lerp_mode": "catmullrom"
						},
						"4.1042": {
							"post": [-8.79237, 4.20686, 2.48135],
							"lerp_mode": "catmullrom"
						},
						"4.2917": {
							"post": [-16.24, 4.48, 3.19],
							"lerp_mode": "catmullrom"
						},
						"4.5833": [-25.99, -0.02, 23.44],
						"4.6667": [-25.99, -0.02, 20.94],
						"4.8958": [-25.99, -0.02, 19.44],
						"5.0833": [-25.74, 0.23, 19.69],
						"5.2917": [-25.96, -0.14, 19.62],
						"5.4792": [-25.99, -0.02, 19.44],
						"5.6667": {
							"pre": [-16.83543, -4.58112, 0.10998],
							"post": [-16.83543, -4.58112, 0.10998],
							"lerp_mode": "catmullrom"
						},
						"5.7396": {
							"post": [-15.41108, -6.00003, -4.90881],
							"lerp_mode": "catmullrom"
						},
						"5.8125": {
							"post": [-26.8661, -0.5597, -2.58122],
							"lerp_mode": "catmullrom"
						},
						"5.9583": {
							"post": [-22.85858, -0.97728, 0.2495],
							"lerp_mode": "catmullrom"
						},
						"6.125": {
							"post": [1.24989, 3.24982, -4.01636],
							"lerp_mode": "catmullrom"
						},
						"6.2396": {
							"post": [2.44, 2.23, 2.81],
							"lerp_mode": "catmullrom"
						},
						"6.3958": {
							"post": [0, 0, 0],
							"lerp_mode": "catmullrom"
						}
					},
					"position": {
						"0.0": {
							"post": [0, 0, 0],
							"lerp_mode": "catmullrom"
						},
						"0.2083": {
							"post": [0.725, 1.5, 0],
							"lerp_mode": "catmullrom"
						},
						"0.4167": {
							"post": [2, 2, -3],
							"lerp_mode": "catmullrom"
						},
						"0.625": {
							"post": [1.975, 2.3, -3],
							"lerp_mode": "catmullrom"
						},
						"0.8333": {
							"post": [1.83, 2.125, -3],
							"lerp_mode": "catmullrom"
						},
						"1.0417": {
							"post": [1.805, 2.13, -3],
							"lerp_mode": "catmullrom"
						},
						"1.4583": {
							"post": [1.83, 2.08, -3],
							"lerp_mode": "catmullrom"
						},
						"1.5833": {
							"post": [2.005, 1.93, -3],
							"lerp_mode": "catmullrom"
						},
						"1.75": {
							"post": [2.055, 1.98, -3],
							"lerp_mode": "catmullrom"
						},
						"2.5833": [2.01, 1.895, -3],
						"3.1563": {
							"pre": [2.05, 1.96, -3],
							"post": [2.05, 1.96, -3],
							"lerp_mode": "catmullrom"
						},
						"3.3646": {
							"post": [1.68, 1.88, -3.18],
							"lerp_mode": "catmullrom"
						},
						"3.5625": {
							"post": [0, 0, 0],
							"lerp_mode": "catmullrom"
						},
						"3.75": {
							"post": [-0.875, 0.55, 0],
							"lerp_mode": "catmullrom"
						},
						"3.8542": {
							"post": [-0.68, 0.75, 0],
							"lerp_mode": "catmullrom"
						},
						"3.9375": {
							"post": [-0.755, 0.375, 0],
							"lerp_mode": "catmullrom"
						},
						"4.1042": {
							"post": [-0.935, 0.045, 0],
							"lerp_mode": "catmullrom"
						},
						"4.2917": {
							"post": [-0.8, 0.42, 0],
							"lerp_mode": "catmullrom"
						},
						"4.4375": [-0.16, 0.27, -0.65],
						"4.5833": [0.475, 1.42, 0.7],
						"4.6667": [0.58, 1.495, 0.7],
						"4.8125": [0.58, 1.365, 0.7],
						"5.0": [0.605, 1.345, 0.7],
						"5.2083": [0.57, 1.34, 0.7],
						"5.4792": [0.58, 1.37, 0.7],
						"5.6667": {
							"pre": [-0.305, 0.755, -0.67],
							"post": [-0.305, 0.755, -0.67],
							"lerp_mode": "catmullrom"
						},
						"5.8958": {
							"post": [-0.23, -0.445, -0.67],
							"lerp_mode": "catmullrom"
						},
						"6.125": {
							"post": [0, 0.15, 0],
							"lerp_mode": "catmullrom"
						},
						"6.3958": {
							"post": [0, 0, 0],
							"lerp_mode": "catmullrom"
						}
					}
				},
				"lefthand": {
					"rotation": {
						"0.0": [92.08205, -35.83371, -136.28586],
						"3.9375": [92.08, -35.83, -136.29],
						"4.0313": [86.91586, -28.33454, -135.98162],
						"5.6563": [86.91586, -28.33454, -135.98162],
						"5.7708": [92.08, -35.83, -136.29]
					},
					"position": {
						"0.0": [7.52384, 0.9707, -7.50815],
						"3.9375": [7.52, 0.97, -7.51],
						"4.0313": [7.52, -0.24094, -7.51],
						"5.6563": [7.52, -0.24094, -7.51],
						"5.7708": [7.52, 0.97, -7.51]
					},
					"scale": [1, 1.5, 1]
				},
				"righthand": {
					"rotation": {
						"0.0": [96.62148, 13.88085, -176.69492],
						"3.6563": [96.62148, 13.88085, -176.69492],
						"3.8125": [106.43, 10.46, -164.13],
						"3.9271": [102.17544, 2.66793, -184.20076],
						"4.1146": [102.17544, 2.66793, -184.20076],
						"4.5625": [96.62148, 13.88085, -176.69492]
					},
					"position": {
						"0.0": [-6.79219, 2.3875, 2.11329],
						"3.6563": [-6.79219, 2.3875, 2.11329],
						"3.8125": [-7.67, 3.99, 1.91],
						"3.9271": [-7.94344, 3.99, 1.91],
						"4.1146": [-7.94344, 3.99, 1.91],
						"4.5625": [-6.79219, 2.3875, 2.11329]
					},
					"scale": {
						"0.0": [1, 1.5, 1],
						"3.6563": [1, 1.5, 1],
						"4.5625": [1, 1.5, 1]
					}
				},
				"constraint": {
					"rotation": {
						"0.0": [0, 0, 0],
						"0.25": [0.4, 0.4, 0.2],
						"5.9063": [0.4, 0.4, 0.2],
						"6.3854": [0, 0, 0]
					},
					"position": {
						"0.0": [0, 0, 0],
						"0.25": [0.25, 0.25, 0.25],
						"5.9063": [0.25, 0.25, 0.25],
						"6.3854": [0, 0, 0]
					}
				},
				"camera": {
					"rotation": {
						"0.0": {
							"post": [0, 0, 0],
							"lerp_mode": "catmullrom"
						},
						"0.1354": {
							"post": [0.52, -0.34, 0.5],
							"lerp_mode": "catmullrom"
						},
						"0.2917": {
							"post": [0.5, -0.5, 0],
							"lerp_mode": "catmullrom"
						},
						"0.5729": {
							"post": [-1.75, -0.75, 0.5],
							"lerp_mode": "catmullrom"
						},
						"0.8958": {
							"post": [-1.81, -0.53, -0.18],
							"lerp_mode": "catmullrom"
						},
						"1.2917": {
							"post": [-1.5, -0.25, 0],
							"lerp_mode": "catmullrom"
						},
						"1.625": {
							"post": [-1.25, -0.5, 0],
							"lerp_mode": "catmullrom"
						},
						"1.7917": {
							"post": [-1.45, -0.72, 0.75],
							"lerp_mode": "catmullrom"
						},
						"2.0": {
							"post": [-1.75, -1, -0.25],
							"lerp_mode": "catmullrom"
						},
						"2.375": {
							"post": [-1.66, -1.16, 0],
							"lerp_mode": "catmullrom"
						},
						"2.7083": {
							"post": [-1.51, -1.03, 0],
							"lerp_mode": "catmullrom"
						},
						"2.9583": {
							"post": [-1.48, -0.96, 0],
							"lerp_mode": "catmullrom"
						},
						"3.25": {
							"post": [-1.68, -0.72, 0],
							"lerp_mode": "catmullrom"
						},
						"3.6042": {
							"post": [-0.07, 0.74, 0.91],
							"lerp_mode": "catmullrom"
						},
						"3.7917": {
							"post": [0, 0.5, -0.25],
							"lerp_mode": "catmullrom"
						},
						"3.9167": {
							"post": [0.45, 0.41, -0.64],
							"lerp_mode": "catmullrom"
						},
						"4.0417": {
							"post": [-0.05, 0.66, 1.36],
							"lerp_mode": "catmullrom"
						},
						"4.1458": {
							"post": [0.09, 0.86, -1.13],
							"lerp_mode": "catmullrom"
						},
						"4.375": {
							"post": [0.5, 1.25, 0.5],
							"lerp_mode": "catmullrom"
						},
						"4.625": {
							"post": [1.75, 2.75, 0],
							"lerp_mode": "catmullrom"
						},
						"4.9167": {
							"post": [1.46, 3.12, 0],
							"lerp_mode": "catmullrom"
						},
						"5.1458": {
							"post": [1.82, 3.43, 0],
							"lerp_mode": "catmullrom"
						},
						"5.375": {
							"post": [1.63, 2.9, 0],
							"lerp_mode": "catmullrom"
						},
						"5.625": {
							"post": [2.24, 1.45, 0],
							"lerp_mode": "catmullrom"
						},
						"5.7813": {
							"post": [1.69, -0.12, 0],
							"lerp_mode": "catmullrom"
						},
						"5.8333": {
							"post": [0.94, 0.38, -2],
							"lerp_mode": "catmullrom"
						},
						"6.0208": {
							"post": [0.96, 0.38, 0.84],
							"lerp_mode": "catmullrom"
						},
						"6.1667": {
							"post": [1, 0.25, -1],
							"lerp_mode": "catmullrom"
						},
						"6.4167": [0, 0, 0]
					}
				}
			},
			"sound_effects": {
				"0.0104": {
					"effect": "daffas_arsenal:m79/daffas_m79_sispek1"
				},
				"1.4688": {
					"effect": "daffas_arsenal:m79/daffas_m79_sispek2"
				},
				"3.1771": {
					"effect": "daffas_arsenal:m79/daffas_m79_relawan"
				},
				"3.375": {
					"effect": "daffas_arsenal:m79/daffas_m79_sispek3"
				},
				"3.8125": {
					"effect": "daffas_arsenal:m79/daffas_m79_open"
				},
				"4.3333": {
					"effect": "daffas_arsenal:m79/daffas_m79_baju3"
				},
				"5.4479": {
					"effect": "daffas_arsenal:m79/daffas_m79_close"
				},
				"5.4583": {
					"effect": "daffas_arsenal:m79/daffas_m79_baju4"
				}
			}
		},
		"inspect_empty": {
			"animation_length": 6.4167,
			"bones": {
				"barrel": {
					"rotation": {
						"3.9375": [0, 0, 0],
						"4.0417": [29, 0, 0],
						"5.6563": [29, 0, 0],
						"5.7708": [0, 0, 0]
					}
				},
				"lever": {
					"rotation": {
						"3.8125": [0, 0, 0],
						"3.9271": [0, -37.5, 0],
						"5.7604": [0, -37.5, 0],
						"5.8125": [0, 0, 0]
					}
				},
				"mekaniks": {
					"rotation": {
						"3.9375": [0, 0, 0],
						"4.0417": [-33.5, 0, 0],
						"5.6563": [-33.5, 0, 0],
						"5.7708": [0, 0, 0]
					}
				},
				"ejector": {
					"position": {
						"3.9688": [0, 0, 0],
						"4.0417": [0, 0, 0.41016],
						"5.6667": [0, 0, 0.41016],
						"5.7188": [0, 0, 0]
					}
				},
				"buled": {
					"position": {
						"3.9688": [0, 0, 0],
						"4.0417": [0, 0, 0.41016],
						"5.6667": [0, 0, 0.41016],
						"5.7188": [0, 0, 0]
					}
				},
				"root": {
					"rotation": {
						"0.0": {
							"post": [0, 0, 0],
							"lerp_mode": "catmullrom"
						},
						"0.2083": {
							"post": [4.99527, -10.21782, 4.9905],
							"lerp_mode": "catmullrom"
						},
						"0.4167": {
							"post": [-12.75, -27, 0],
							"lerp_mode": "catmullrom"
						},
						"0.625": {
							"post": [-12.75, -27, -7.5],
							"lerp_mode": "catmullrom"
						},
						"0.8333": {
							"post": [-12.75, -27, -10],
							"lerp_mode": "catmullrom"
						},
						"1.0417": {
							"post": [-12.25, -26.5, -10],
							"lerp_mode": "catmullrom"
						},
						"1.4583": {
							"post": [-12.75, -27, -9],
							"lerp_mode": "catmullrom"
						},
						"1.5833": {
							"post": [-14.46002, -25.4776, -3.64187],
							"lerp_mode": "catmullrom"
						},
						"1.75": {
							"post": [-17.75872, -21.93805, 6.71936],
							"lerp_mode": "catmullrom"
						},
						"1.9583": {
							"post": [-17.75872, -21.93805, 4.71936],
							"lerp_mode": "catmullrom"
						},
						"2.3333": [-17.75872, -21.93805, 5.46654],
						"3.1563": {
							"pre": [-15.73, -23.1, 4.53],
							"post": [-15.73, -23.1, 4.53],
							"lerp_mode": "catmullrom"
						},
						"3.3646": {
							"post": [-9.23, -16.99, 3.71],
							"lerp_mode": "catmullrom"
						},
						"3.5625": {
							"post": [0, 0, 0],
							"lerp_mode": "catmullrom"
						},
						"3.75": {
							"post": [-9.91615, 1.29876, 7.38733],
							"lerp_mode": "catmullrom"
						},
						"3.8542": {
							"post": [-9.9299, 3.26884, 2.54242],
							"lerp_mode": "catmullrom"
						},
						"3.9375": {
							"post": [-11.6799, 3.26884, -3.45758],
							"lerp_mode": "catmullrom"
						},
						"4.1042": {
							"post": [-8.79237, 4.20686, 2.48135],
							"lerp_mode": "catmullrom"
						},
						"4.2917": {
							"post": [-16.24, 4.48, 3.19],
							"lerp_mode": "catmullrom"
						},
						"4.5833": [-25.99, -0.02, 23.44],
						"4.6667": [-25.99, -0.02, 20.94],
						"4.8958": [-25.99, -0.02, 19.44],
						"5.0833": [-25.74, 0.23, 19.69],
						"5.2917": [-25.96, -0.14, 19.62],
						"5.4792": [-25.99, -0.02, 19.44],
						"5.6667": {
							"pre": [-16.83543, -4.58112, 0.10998],
							"post": [-16.83543, -4.58112, 0.10998],
							"lerp_mode": "catmullrom"
						},
						"5.7396": {
							"post": [-15.41108, -6.00003, -4.90881],
							"lerp_mode": "catmullrom"
						},
						"5.8125": {
							"post": [-26.8661, -0.5597, -2.58122],
							"lerp_mode": "catmullrom"
						},
						"5.9583": {
							"post": [-22.85858, -0.97728, 0.2495],
							"lerp_mode": "catmullrom"
						},
						"6.125": {
							"post": [1.24989, 3.24982, -4.01636],
							"lerp_mode": "catmullrom"
						},
						"6.2396": {
							"post": [2.44, 2.23, 2.81],
							"lerp_mode": "catmullrom"
						},
						"6.3958": {
							"post": [0, 0, 0],
							"lerp_mode": "catmullrom"
						}
					},
					"position": {
						"0.0": {
							"post": [0, 0, 0],
							"lerp_mode": "catmullrom"
						},
						"0.2083": {
							"post": [0.725, 1.5, 0],
							"lerp_mode": "catmullrom"
						},
						"0.4167": {
							"post": [2, 2, -3],
							"lerp_mode": "catmullrom"
						},
						"0.625": {
							"post": [1.975, 2.3, -3],
							"lerp_mode": "catmullrom"
						},
						"0.8333": {
							"post": [1.83, 2.125, -3],
							"lerp_mode": "catmullrom"
						},
						"1.0417": {
							"post": [1.805, 2.13, -3],
							"lerp_mode": "catmullrom"
						},
						"1.4583": {
							"post": [1.83, 2.08, -3],
							"lerp_mode": "catmullrom"
						},
						"1.5833": {
							"post": [2.005, 1.93, -3],
							"lerp_mode": "catmullrom"
						},
						"1.75": {
							"post": [2.055, 1.98, -3],
							"lerp_mode": "catmullrom"
						},
						"2.5833": [2.01, 1.895, -3],
						"3.1563": {
							"pre": [2.05, 1.96, -3],
							"post": [2.05, 1.96, -3],
							"lerp_mode": "catmullrom"
						},
						"3.3646": {
							"post": [1.68, 1.88, -3.18],
							"lerp_mode": "catmullrom"
						},
						"3.5625": {
							"post": [0, 0, 0],
							"lerp_mode": "catmullrom"
						},
						"3.75": {
							"post": [-0.875, 0.55, 0],
							"lerp_mode": "catmullrom"
						},
						"3.8542": {
							"post": [-0.68, 0.75, 0],
							"lerp_mode": "catmullrom"
						},
						"3.9375": {
							"post": [-0.755, 0.375, 0],
							"lerp_mode": "catmullrom"
						},
						"4.1042": {
							"post": [-0.935, 0.045, 0],
							"lerp_mode": "catmullrom"
						},
						"4.2917": {
							"post": [-0.8, 0.42, 0],
							"lerp_mode": "catmullrom"
						},
						"4.4375": [-0.16, 0.27, -0.65],
						"4.5833": [0.475, 1.42, 0.7],
						"4.6667": [0.58, 1.495, 0.7],
						"4.8125": [0.58, 1.365, 0.7],
						"5.0": [0.605, 1.345, 0.7],
						"5.2083": [0.57, 1.34, 0.7],
						"5.4792": [0.58, 1.37, 0.7],
						"5.6667": {
							"pre": [-0.305, 0.755, -0.67],
							"post": [-0.305, 0.755, -0.67],
							"lerp_mode": "catmullrom"
						},
						"5.8958": {
							"post": [-0.23, -0.445, -0.67],
							"lerp_mode": "catmullrom"
						},
						"6.125": {
							"post": [0, 0.15, 0],
							"lerp_mode": "catmullrom"
						},
						"6.3958": {
							"post": [0, 0, 0],
							"lerp_mode": "catmullrom"
						}
					}
				},
				"lefthand": {
					"rotation": {
						"0.0": [92.08205, -35.83371, -136.28586],
						"3.9375": [92.08, -35.83, -136.29],
						"4.0313": [86.91586, -28.33454, -135.98162],
						"5.6563": [86.91586, -28.33454, -135.98162],
						"5.7708": [92.08, -35.83, -136.29]
					},
					"position": {
						"0.0": [7.52384, 0.9707, -7.50815],
						"3.9375": [7.52, 0.97, -7.51],
						"4.0313": [7.52, -0.24094, -7.51],
						"5.6563": [7.52, -0.24094, -7.51],
						"5.7708": [7.52, 0.97, -7.51]
					},
					"scale": [1, 1.5, 1]
				},
				"righthand": {
					"rotation": {
						"0.0": [96.62148, 13.88085, -176.69492],
						"3.6563": [96.62148, 13.88085, -176.69492],
						"3.8125": [106.43, 10.46, -164.13],
						"3.9271": [102.17544, 2.66793, -184.20076],
						"4.1146": [102.17544, 2.66793, -184.20076],
						"4.5625": [96.62148, 13.88085, -176.69492]
					},
					"position": {
						"0.0": [-6.79219, 2.3875, 2.11329],
						"3.6563": [-6.79219, 2.3875, 2.11329],
						"3.8125": [-7.67, 3.99, 1.91],
						"3.9271": [-7.94344, 3.99, 1.91],
						"4.1146": [-7.94344, 3.99, 1.91],
						"4.5625": [-6.79219, 2.3875, 2.11329]
					},
					"scale": {
						"0.0": [1, 1.5, 1],
						"3.6563": [1, 1.5, 1],
						"4.5625": [1, 1.5, 1]
					}
				},
				"constraint": {
					"rotation": {
						"0.0": [0, 0, 0],
						"0.25": [0.4, 0.4, 0.2],
						"5.9063": [0.4, 0.4, 0.2],
						"6.3854": [0, 0, 0]
					},
					"position": {
						"0.0": [0, 0, 0],
						"0.25": [0.25, 0.25, 0.25],
						"5.9063": [0.25, 0.25, 0.25],
						"6.3854": [0, 0, 0]
					}
				},
				"camera": {
					"rotation": {
						"0.0": {
							"post": [0, 0, 0],
							"lerp_mode": "catmullrom"
						},
						"0.1354": {
							"post": [0.52, -0.34, 0.5],
							"lerp_mode": "catmullrom"
						},
						"0.2917": {
							"post": [0.5, -0.5, 0],
							"lerp_mode": "catmullrom"
						},
						"0.5729": {
							"post": [-1.75, -0.75, 0.5],
							"lerp_mode": "catmullrom"
						},
						"0.8958": {
							"post": [-1.81, -0.53, -0.18],
							"lerp_mode": "catmullrom"
						},
						"1.2917": {
							"post": [-1.5, -0.25, 0],
							"lerp_mode": "catmullrom"
						},
						"1.625": {
							"post": [-1.25, -0.5, 0],
							"lerp_mode": "catmullrom"
						},
						"1.7917": {
							"post": [-1.45, -0.72, 0.75],
							"lerp_mode": "catmullrom"
						},
						"2.0": {
							"post": [-1.75, -1, -0.25],
							"lerp_mode": "catmullrom"
						},
						"2.375": {
							"post": [-1.66, -1.16, 0],
							"lerp_mode": "catmullrom"
						},
						"2.7083": {
							"post": [-1.51, -1.03, 0],
							"lerp_mode": "catmullrom"
						},
						"2.9583": {
							"post": [-1.48, -0.96, 0],
							"lerp_mode": "catmullrom"
						},
						"3.25": {
							"post": [-1.68, -0.72, 0],
							"lerp_mode": "catmullrom"
						},
						"3.6042": {
							"post": [-0.07, 0.74, 0.91],
							"lerp_mode": "catmullrom"
						},
						"3.7917": {
							"post": [0, 0.5, -0.25],
							"lerp_mode": "catmullrom"
						},
						"3.9167": {
							"post": [0.45, 0.41, -0.64],
							"lerp_mode": "catmullrom"
						},
						"4.0417": {
							"post": [-0.05, 0.66, 1.36],
							"lerp_mode": "catmullrom"
						},
						"4.1458": {
							"post": [0.09, 0.86, -1.13],
							"lerp_mode": "catmullrom"
						},
						"4.375": {
							"post": [0.5, 1.25, 0.5],
							"lerp_mode": "catmullrom"
						},
						"4.625": {
							"post": [1.75, 2.75, 0],
							"lerp_mode": "catmullrom"
						},
						"4.9167": {
							"post": [1.46, 3.12, 0],
							"lerp_mode": "catmullrom"
						},
						"5.1458": {
							"post": [1.82, 3.43, 0],
							"lerp_mode": "catmullrom"
						},
						"5.375": {
							"post": [1.63, 2.9, 0],
							"lerp_mode": "catmullrom"
						},
						"5.625": {
							"post": [2.24, 1.45, 0],
							"lerp_mode": "catmullrom"
						},
						"5.7813": {
							"post": [1.69, -0.12, 0],
							"lerp_mode": "catmullrom"
						},
						"5.8333": {
							"post": [0.94, 0.38, -2],
							"lerp_mode": "catmullrom"
						},
						"6.0208": {
							"post": [0.96, 0.38, 0.84],
							"lerp_mode": "catmullrom"
						},
						"6.1667": {
							"post": [1, 0.25, -1],
							"lerp_mode": "catmullrom"
						},
						"6.4167": [0, 0, 0]
					}
				},
				"proyektil": {
					"scale": 0
				},
				"badan_prima": {
					"scale": 0
				}
			},
			"sound_effects": {
				"0.0104": {
					"effect": "daffas_arsenal:m79/daffas_m79_sispek1"
				},
				"1.4688": {
					"effect": "daffas_arsenal:m79/daffas_m79_sispek2"
				},
				"3.1771": {
					"effect": "daffas_arsenal:m79/daffas_m79_relawan"
				},
				"3.375": {
					"effect": "daffas_arsenal:m79/daffas_m79_sispek3"
				},
				"3.8125": {
					"effect": "daffas_arsenal:m79/daffas_m79_open"
				},
				"4.3333": {
					"effect": "daffas_arsenal:m79/daffas_m79_baju3"
				},
				"5.4479": {
					"effect": "daffas_arsenal:m79/daffas_m79_close"
				},
				"5.4583": {
					"effect": "daffas_arsenal:m79/daffas_m79_baju4"
				}
			}
		},
		"shoot": {
			"animation_length": 1.2917,
			"bones": {
				"root": {
					"rotation": {
						"0.0": {
							"post": [0, 0, 0],
							"lerp_mode": "catmullrom"
						},
						"0.0521": {
							"post": [1.97197, -0.04522, 0.55512],
							"lerp_mode": "catmullrom"
						},
						"0.1042": {
							"post": [-22.80308, 8.22668, 8.05593],
							"lerp_mode": "catmullrom"
						},
						"0.1667": {
							"post": [-27.54472, 8.47355, 3.16111],
							"lerp_mode": "catmullrom"
						},
						"0.2708": {
							"post": [-24.83988, 2.93399, -4.22253],
							"lerp_mode": "catmullrom"
						},
						"0.3646": {
							"post": [-14.76296, 2.36779, 0.05274],
							"lerp_mode": "catmullrom"
						},
						"0.5521": {
							"post": [2.25907, -0.54781, -1.15928],
							"lerp_mode": "catmullrom"
						},
						"0.6563": {
							"post": [2.97112, -1.22237, -0.56353],
							"lerp_mode": "catmullrom"
						},
						"0.8438": {
							"post": [-0.75001, 0.24998, -1.25327],
							"lerp_mode": "catmullrom"
						},
						"1.0104": {
							"post": [0, 0, 0],
							"lerp_mode": "catmullrom"
						}
					},
					"position": {
						"0.0": {
							"post": [0, 0, 0],
							"lerp_mode": "catmullrom"
						},
						"0.0521": {
							"post": [-1.4, -0.425, 1.325],
							"lerp_mode": "catmullrom"
						},
						"0.2917": {
							"post": [-1.08487, 1.27352, 0.40984],
							"lerp_mode": "catmullrom"
						},
						"0.5521": {
							"post": [0.275, -0.775, 0],
							"lerp_mode": "catmullrom"
						},
						"0.7708": {
							"post": [-0.075, 0.075, 0],
							"lerp_mode": "catmullrom"
						},
						"1.0104": {
							"post": [0, 0, 0],
							"lerp_mode": "catmullrom"
						}
					}
				},
				"constraint": {
					"rotation": {
						"0.0": [0.5, 0.5, 0],
						"0.5": [0.5, 0.5, 0],
						"0.8333": [0, 0, 0]
					},
					"position": {
						"0.0": [-0.5, 0.5, 0.5],
						"0.5": [-0.5, 0.5, 0.5],
						"0.8333": [0, 0, 0]
					}
				},
				"bass1": {
					"position": {
						"0.0": [0, -0.95703, 0],
						"0.0417": {
							"pre": [0, -0.95703, 0],
							"post": [0, 0, 0]
						}
					},
					"scale": {
						"0.0": [1, 1, 1],
						"0.0313": {
							"pre": [450, 450, 450],
							"post": [1, 1, 1]
						}
					}
				},
				"bass2": {
					"position": {
						"0.0313": [0, -0.95703, 0],
						"0.0729": {
							"pre": [0, -0.95703, 0],
							"post": [0, 0, 0]
						}
					},
					"scale": {
						"0.0": [1, 1, 1],
						"0.0313": {
							"pre": [1, 1, 1],
							"post": [400, 400, 400]
						},
						"0.0625": {
							"pre": [450, 450, 450],
							"post": [1, 1, 1]
						}
					}
				},
				"bass3": {
					"position": {
						"0.0625": [0, -0.95703, 0],
						"0.1042": {
							"pre": [0, -0.95703, 0],
							"post": [0, 0, 0]
						}
					},
					"scale": {
						"0.0313": [1, 1, 1],
						"0.0625": {
							"pre": [1, 1, 1],
							"post": [320, 320, 320]
						},
						"0.0938": {
							"pre": [340, 340, 340],
							"post": [1, 1, 1]
						}
					}
				},
				"bass4": {
					"position": {
						"0.0938": [0, -0.95703, 0],
						"0.1354": {
							"pre": [0, -0.95703, 0],
							"post": [0, 0, 0]
						}
					},
					"scale": {
						"0.0625": [1, 1, 1],
						"0.0938": {
							"pre": [1, 1, 1],
							"post": [350, 350, 350]
						},
						"0.125": {
							"pre": [400, 400, 1],
							"post": [1, 1, 1]
						}
					}
				},
				"bass5": {
					"position": {
						"0.125": [0, -0.95703, 0],
						"0.1667": {
							"pre": [0, -0.95703, 0],
							"post": [0, 0, 0]
						}
					},
					"scale": {
						"0.0938": [1, 1, 1],
						"0.125": {
							"pre": [1, 1, 1],
							"post": [310, 310, 310]
						},
						"0.1563": {
							"pre": [330, 330, 330],
							"post": [1, 1, 1]
						}
					}
				},
				"bass6": {
					"position": {
						"0.1563": [0, -0.95703, 0],
						"0.1979": {
							"pre": [0, -0.95703, 0],
							"post": [0, 0, 0]
						}
					},
					"scale": {
						"0.125": [1, 1, 1],
						"0.1563": {
							"pre": [1, 1, 1],
							"post": [250, 250, 250]
						},
						"0.1875": {
							"pre": [260, 260, 260],
							"post": [1, 1, 1]
						}
					}
				},
				"bass7": {
					"position": {
						"0.1979": [0, -0.95703, 0],
						"0.2396": {
							"pre": [0, -0.95703, 0],
							"post": [0, 0, 0]
						}
					},
					"scale": {
						"0.1563": [1, 1, 1],
						"0.1875": {
							"pre": [1, 1, 1],
							"post": [250, 250, 250]
						},
						"0.2188": {
							"pre": [260, 260, 260],
							"post": [1, 1, 1]
						}
					}
				},
				"bass8": {
					"position": {
						"0.2188": [0, -0.95703, 0],
						"0.2604": {
							"pre": [0, -0.95703, 0],
							"post": [0, 0, 0]
						}
					},
					"scale": {
						"0.1875": [1, 1, 1],
						"0.2188": {
							"pre": [1, 1, 1],
							"post": [290, 290, 290]
						},
						"0.25": {
							"pre": [300, 300, 1],
							"post": [1, 1, 1]
						}
					}
				},
				"bass9": {
					"position": {
						"0.25": [0, -0.95703, 0],
						"0.2917": {
							"pre": [0, -0.95703, 0],
							"post": [0, 0, 0]
						}
					},
					"scale": {
						"0.2188": [1, 1, 1],
						"0.25": {
							"pre": [1, 1, 1],
							"post": [290, 290, 290]
						},
						"0.2813": {
							"pre": [300, 300, 1],
							"post": [1, 1, 1]
						}
					}
				},
				"proyektil": {
					"position": {
						"0.0": [0, 0, 0],
						"0.0313": [0, 0, -40]
					},
					"scale": {
						"0.0104": [1, 1, 1],
						"0.0313": [0, 0, 0]
					}
				},
				"camera": {
					"rotation": {
						"0.0": {
							"post": [0, 0, 0],
							"lerp_mode": "catmullrom"
						},
						"0.0208": {
							"post": [0.47, -0.01, -1.21],
							"lerp_mode": "catmullrom"
						},
						"0.0625": {
							"post": [1.25, 0.25, 0.75],
							"lerp_mode": "catmullrom"
						},
						"0.1458": {
							"post": [0.33, 0.84, 0.26],
							"lerp_mode": "catmullrom"
						},
						"0.2083": {
							"post": [0, 0.75, -1],
							"lerp_mode": "catmullrom"
						},
						"0.3333": {
							"post": [0.75, -0.25, 0.5],
							"lerp_mode": "catmullrom"
						},
						"0.5313": {
							"post": [0.25, 0, -0.5],
							"lerp_mode": "catmullrom"
						},
						"0.75": [0, 0, 0]
					}
				}
			}
		},
		"melee_stock": {
			"animation_length": 1,
			"bones": {
				"root": {
					"rotation": {
						"0.0": [-40, 80, 0],
						"0.0625": [-28.83752, 14.50314, -14.97831],
						"0.1042": [-4.9006, -20.86285, -3.98819],
						"0.5208": [5, -162, 29],
						"0.5417": [20.49833, -16.86191, 12.87131],
						"0.5625": [18.19, -15.2, 11.42],
						"0.7083": {
							"pre": [2.01, -3.58, 1.27],
							"post": [2.01, -3.58, 1.27],
							"lerp_mode": "catmullrom"
						},
						"0.8125": {
							"post": [-1.35267, -1.1649, -0.83425],
							"lerp_mode": "catmullrom"
						},
						"1.0": {
							"post": [0, 0, 0],
							"lerp_mode": "catmullrom"
						}
					},
					"position": {
						"0.0": [-19.5, 5, 0],
						"0.1042": [3.905, -0.37, -3],
						"0.4583": [20.41, -15.37, 6],
						"0.5208": [20.41, -35.37, 6],
						"0.5417": [0.925, -4.475, 4.4],
						"0.5625": [0.84, -3.98, 3.93],
						"0.7083": {
							"pre": [0.27, -0.5, 0.68],
							"post": [0.27, -0.5, 0.68],
							"lerp_mode": "catmullrom"
						},
						"0.8125": {
							"post": [0.15, 0.225, 0],
							"lerp_mode": "catmullrom"
						},
						"1.0": {
							"post": [0, 0, 0],
							"lerp_mode": "catmullrom"
						}
					}
				},
				"lefthand": {
					"scale": {
						"0.0": [0, 0, 0],
						"0.5208": [0, 0, 0],
						"0.5417": [1, 1.5, 1]
					}
				},
				"mag_and_bullet": {
					"scale": {
						"0.0": [0, 0, 0],
						"0.4375": [0, 0, 0],
						"0.4583": [1, 1, 1]
					}
				},
				"righthand_pos": {
					"scale": {
						"0.0": [1, 1, 1],
						"0.2292": [1, 1, 1],
						"0.25": [0, 0, 0],
						"0.5208": [0, 0, 0],
						"0.5417": [1, 1, 1]
					}
				},
				"m79": {
					"rotation": {
						"0.0833": [-20.38152, 19.291, -15.91527],
						"0.4375": [-20.38152, 19.291, -15.91527],
						"0.4583": [0, 0, 0]
					}
				},
				"camera": {
					"rotation": {
						"0.0": {
							"post": [0, 0, 0],
							"lerp_mode": "catmullrom"
						},
						"0.1042": {
							"post": [0.15, -0.75, 1.5],
							"lerp_mode": "catmullrom"
						},
						"0.1667": {
							"post": [0.57, -4.62, 2.05],
							"lerp_mode": "catmullrom"
						},
						"0.25": {
							"post": [1.3, -3.025, -1.5],
							"lerp_mode": "catmullrom"
						},
						"0.4375": {
							"post": [2.55, -4.345, -0.225],
							"lerp_mode": "catmullrom"
						},
						"0.7292": {
							"post": [1.225, -0.65, 0.925],
							"lerp_mode": "catmullrom"
						},
						"1.0": {
							"post": [0, 0, 0],
							"lerp_mode": "catmullrom"
						}
					}
				}
			}
		}
	}
}