{
	"format_version": "1.8.0",
	"animations": {
		"static_idle": {
			"loop": true,
			"bones": {
				"lefthand": {
					"rotation": [126.90585, -18.96403, -206.03095],
					"position": [7.2375, -8.2425, -10.7575],
					"scale": [1, 1.5, 1]
				},
				"righthand": {
					"rotation": [135.99983, -342.51944, -184.36479],
					"position": [-8.675, -8.05, -6.225],
					"scale": [1, 1.5, 1]
				},
				"root": {
					"rotation": [0, 0, 0],
					"position": [0, 0, 0]
				},
				"camera": {
					"rotation": [0, 0, 0]
				}
			}
		},
		"inspect_empty": {
			"animation_length": 22.5625,
			"bones": {
				"lefthand": {
					"rotation": {
						"0.0": [126.90585, -18.96403, -206.03095],
						"2.0417": [126.91, -18.96, -206.03],
						"2.3125": [84.41, -18.96, -206.03],
						"2.4583": [74.91159, -5.69736, -164.24562],
						"2.6042": [82.56556, -20.77967, -184.17407],
						"2.7917": [78.42215, -10.47353, -167.5377],
						"3.0": [80.25531, -25.05395, -177.94004],
						"3.1875": [96.21516, -50.85581, -198.6636],
						"3.3958": [118.51302, -56.02768, -227.81383],
						"21.2708": [118.51, -56.03, -227.81],
						"21.375": [120.25, -51.91, -225.37],
						"21.8958": [126.90585, -18.96403, -206.03095]
					},
					"position": {
						"0.0": [7.2375, -8.2425, -10.7575],
						"2.0417": [7.24, -8.24, -10.76],
						"2.3125": [12.12305, -7.5239, -2.85597],
						"2.4583": [9.10009, -11.2569, -3.63983],
						"2.6042": [7.513, -7.62769, -5.1051],
						"2.7917": [9.51924, -8.85415, -4.4267],
						"3.0": [9.47376, -10.20945, -1.70975],
						"3.1875": [10.13175, -12.32538, 1.88917],
						"3.3958": [8.01196, -14.9184, 15.22362],
						"21.2708": [8.01, -14.92, 15.22],
						"21.375": [7.85, -14.05, 12.31],
						"21.8958": [7.2375, -8.2425, -10.7575]
					},
					"scale": {
						"0.0": [1, 1.5, 1],
						"2.0417": [1, 1.5, 1]
					}
				},
				"righthand": {
					"rotation": {
						"0.0": [135.99983, -342.51944, -184.36479],
						"2.0417": [136, -342.52, -184.36],
						"2.2292": [34.85206, -344.05819, -195.30299],
						"21.3958": [34.85, -344.06, -195.3],
						"21.4583": [38.4, -344.01, -194.92],
						"21.625": [66.84, -343.57, -191.84],
						"21.8958": [135.99983, -342.51944, -184.36479]
					},
					"position": {
						"0.0": [-8.675, -8.05, -6.225],
						"2.0417": [-8.68, -8.05, -6.22],
						"2.2292": [-9.28182, -7.21592, -5.80966],
						"21.3958": [-9.28, -7.22, -5.81],
						"21.4583": [-9.26, -7.25, -5.82],
						"21.625": [-9.09, -7.48, -5.94],
						"21.8958": [-8.675, -8.05, -6.225]
					},
					"scale": {
						"0.0": [1, 1.5, 1],
						"2.0417": [1, 1.5, 1],
						"21.3958": [1, 1.5, 1],
						"21.625": [1, 1.5, 1],
						"21.8958": [1, 1.5, 1]
					}
				},
				"root": {
					"rotation": {
						"0.0": [0, 0, 0],
						"0.8125": [0, 0, 0],
						"0.875": [-1.05, -0.37, -0.64],
						"1.0": [-7.37, -2.56, -4.48],
						"1.1042": [-7.37, -2.34, -5.145],
						"1.1875": [-7.08, -2.21, -4.98],
						"2.0417": [-7.08, -2.21, -4.98],
						"2.2292": [-57.05327, 5.32817, -12.01353],
						"2.4583": [-62.47006, -22.89588, -31.78568],
						"2.6042": [-63.10689, -21.28302, -28.34249],
						"19.2292": [-63.11, -21.28, -28.34],
						"19.3333": [-60.61, -21.28, -28.34],
						"19.4792": [-60.11, -21.82, -28.67],
						"19.875": [-60.11, -21.82, -28.67],
						"20.2292": [-63.11, -21.28, -28.34],
						"20.3542": [-63.11, -21.28, -31.34],
						"20.5208": [-63.58, -20.87, -30.06],
						"21.3958": [-63.58, -20.87, -30.06],
						"21.4583": [-62.1, -20.16, -29.15],
						"21.625": [-50.23, -14.5, -21.91],
						"21.8958": {
							"pre": [-7.5, 0, 0],
							"post": [-7.5, 0, 0],
							"lerp_mode": "catmullrom"
						},
						"22.0833": {
							"post": [4.00333, -2.49533, -0.15272],
							"lerp_mode": "catmullrom"
						},
						"22.4583": [0, 0, 0]
					},
					"position": {
						"0.0": [0, 0, 0],
						"0.8125": [0, 0, 0],
						"0.875": [0.01, 0.02, 0.02],
						"1.0": [0.1, 0.15, 0.13],
						"1.1042": [0.1182, 0.11655, 0.12227],
						"1.1875": [0.1, 0.11, 0.12],
						"2.0417": [0.1, 0.11, 0.12],
						"2.2292": [0.675, -0.69, 0.12],
						"2.4583": [0.105, 1.635, 2.295],
						"2.6042": [0.335, 1.56, 2.4],
						"19.2292": [0.34, 1.56, 2.4],
						"19.3333": [0.415, 1.11, 2.175],
						"19.4792": [0.59, 1.11, 2.17],
						"19.875": [0.59, 1.11, 2.17],
						"20.2292": [0.34, 1.56, 2.4],
						"20.3542": [0.14, 1.66, 2.4],
						"20.5208": [0.13, 1.62, 2.4],
						"21.3958": [0.13, 1.62, 2.4],
						"21.4583": [0.12, 1.53, 2.33],
						"21.625": [0.08, 0.85, 1.81],
						"21.8958": {
							"pre": [0, -1.5, 0],
							"post": [0, -1.5, 0],
							"lerp_mode": "catmullrom"
						},
						"22.0833": {
							"post": [0.9, -1.625, 0],
							"lerp_mode": "catmullrom"
						},
						"22.4583": [0, 0, 0]
					}
				},
				"gun_and_righthand": {
					"rotation": {
						"0.0": [0, 0, 0],
						"2.7917": [0, 0, 0],
						"3.0": [-21.89418, 4.12006, -2.17663],
						"3.1875": [-32.29, 24.05, 23.09],
						"3.25": [-33.44514, 26.26031, 25.90026],
						"3.3958": [-33.45, 26.26, 25.9],
						"7.5625": [-33.45, 26.26, 25.9],
						"7.8125": [-20.95, 16.26, 15.9],
						"7.9167": [-19.45, 12.76, 15.9],
						"8.0417": [-17.7, 12.01, 15.9],
						"8.7708": [-17.7, 12.01, 15.9],
						"8.8542": [-19.39, 14.71, 16.79],
						"8.9792": [-24.45, 22.83, 19.47],
						"9.1667": [-33.95, 26.51, 25.4],
						"9.2917": [-33.45, 26.26, 25.9],
						"19.875": [-33.45, 26.26, 25.9],
						"20.0833": [-11.15, 6.25, 13.63],
						"20.1667": [-2.23, 1.25, 2.73],
						"20.2292": [0, 0, 0],
						"21.5417": [0, 0, 0]
					},
					"position": {
						"0.0": [0, 0, 0],
						"2.7917": [0, 0, 0],
						"3.0": [1.56217, -0.39929, -0.55806],
						"3.1875": [1.5, 2.33, -2.3],
						"3.25": [1.48993, 2.62906, -2.489],
						"3.3958": [1.365, 2.48, -2.49],
						"7.5625": [1.37, 2.48, -2.49],
						"7.8125": [2.47, 1.63, -0.815],
						"7.9167": [2.47, 1.63, -0.81],
						"8.0417": [2.32, 1.73, -0.535],
						"8.7708": [2.32, 1.73, -0.535],
						"8.8542": [2.26, 1.78, -0.75],
						"8.9792": [2.08, 1.93, -1.41],
						"9.1667": [1.37, 2.48, -2.565],
						"9.2917": [1.37, 2.48, -2.49],
						"19.875": [1.365, 2.48, -2.49],
						"20.0833": [-0.79, 0.83, 0.67],
						"20.1667": [-0.16, 0.17, 0.13],
						"20.2292": [0, 0, 0],
						"21.5417": [0, 0, 0]
					}
				},
				"gun": {
					"scale": {
						"0.0": [1, 1, 1],
						"20.7083": [1, 1, 1],
						"20.8333": [0.5, 0.5, 0.5],
						"21.4167": [1, 1, 1]
					}
				},
				"camera": {
					"rotation": {
						"0.0": {
							"post": [0, 0, 0],
							"lerp_mode": "catmullrom"
						},
						"0.8542": {
							"post": [0, 0, 0],
							"lerp_mode": "catmullrom"
						},
						"1.0208": {
							"post": [0.625, 0.325, 0.425],
							"lerp_mode": "catmullrom"
						},
						"1.1667": {
							"post": [0.37, 0.57, -0.08],
							"lerp_mode": "catmullrom"
						},
						"1.9583": {
							"post": [0.37, 0.57, -0.08],
							"lerp_mode": "catmullrom"
						},
						"2.1875": {
							"post": [-0.14, 1.06, 0.67],
							"lerp_mode": "catmullrom"
						},
						"2.3542": {
							"post": [-0.37, 1.82, -0.76],
							"lerp_mode": "catmullrom"
						},
						"2.5": {
							"post": [-0.11, 2.02, -0.6],
							"lerp_mode": "catmullrom"
						},
						"2.625": {
							"post": [0.14, 2.24, 0.12],
							"lerp_mode": "catmullrom"
						},
						"2.7917": {
							"post": [0.39, 2.45, -0.58],
							"lerp_mode": "catmullrom"
						},
						"3.0417": {
							"post": [-0.12, 2.63, -0.81],
							"lerp_mode": "catmullrom"
						},
						"3.2708": {
							"post": [0.13, 2.88, 0.5],
							"lerp_mode": "catmullrom"
						},
						"3.5417": {
							"post": [0.38, 3.28, 0],
							"lerp_mode": "catmullrom"
						},
						"4.6667": {
							"post": [0.39, 3.29, -0.02],
							"lerp_mode": "catmullrom"
						},
						"5.0": {
							"post": [1.24, 7.065, -0.02],
							"lerp_mode": "catmullrom"
						},
						"7.5625": {
							"post": [1.19, 6.87, -0.02],
							"lerp_mode": "catmullrom"
						},
						"7.6875": {
							"post": [1.8, 6.19, 0.555],
							"lerp_mode": "catmullrom"
						},
						"7.8125": {
							"post": [2.42, 5.53, -0.02],
							"lerp_mode": "catmullrom"
						},
						"8.125": {
							"post": [2.53, 5.55, 0.365],
							"lerp_mode": "catmullrom"
						},
						"8.875": {
							"post": [2.42, 5.53, -0.02],
							"lerp_mode": "catmullrom"
						},
						"9.0208": {
							"post": [1.4, 4.4, -0.865],
							"lerp_mode": "catmullrom"
						},
						"9.1667": {
							"post": [0.39, 3.29, -0.02],
							"lerp_mode": "catmullrom"
						},
						"9.4583": {
							"post": [0.38, 3.28, -0.21],
							"lerp_mode": "catmullrom"
						},
						"9.9583": {
							"post": [0.38, 3.28, 0.015],
							"lerp_mode": "catmullrom"
						},
						"19.2708": {
							"post": [0.34, 3.36, -0.01],
							"lerp_mode": "catmullrom"
						},
						"19.375": {
							"post": [0.59, 3.86, 0.49],
							"lerp_mode": "catmullrom"
						},
						"19.6042": {
							"post": [0.33, 4.09, 0.23],
							"lerp_mode": "catmullrom"
						},
						"19.8958": {
							"post": [0.56, 4.27, 0.19],
							"lerp_mode": "catmullrom"
						},
						"20.1667": {
							"post": [1.04, 3.66, -0.34],
							"lerp_mode": "catmullrom"
						},
						"20.4792": {
							"post": [0.42, 3.31, 0.69],
							"lerp_mode": "catmullrom"
						},
						"20.9375": {
							"post": [0.07, 3.58, 0.18],
							"lerp_mode": "catmullrom"
						},
						"21.3333": {
							"post": [0.38, 3.28, 0.25],
							"lerp_mode": "catmullrom"
						},
						"21.625": {
							"post": [1.04, 2.3, -0.08],
							"lerp_mode": "catmullrom"
						},
						"21.875": {
							"post": [0.57, 0.6, -0.93],
							"lerp_mode": "catmullrom"
						},
						"22.0208": {
							"post": [1.5, 0, 0.25],
							"lerp_mode": "catmullrom"
						},
						"22.2083": {
							"post": [2.5, -0.5, -1],
							"lerp_mode": "catmullrom"
						},
						"22.5625": [0, 0, 0]
					}
				},
				"call_1": {
					"position": {
						"0.0": [0, 0, 0],
						"0.0208": {
							"pre": [0, 0, 0],
							"post": [0, 0, -0.175]
						},
						"2.6458": {
							"pre": [0, 0, -0.175],
							"post": [0, 0, -0.17]
						},
						"2.6667": {
							"pre": [0, 0, -0.17],
							"post": [0, 0, 0]
						}
					}
				},
				"call_2": {
					"position": {
						"0.0": [0, 0, 0],
						"2.6458": {
							"pre": [0, 0, 0],
							"post": [0, 0, 0]
						},
						"2.6667": {
							"pre": [0, 0, 0],
							"post": [0, 0, -0.175]
						},
						"18.5833": {
							"pre": [0, 0, -0.175],
							"post": [0, 0, -0.17]
						},
						"18.6042": {
							"pre": [0, 0, -0.17],
							"post": [0, 0, 0]
						}
					}
				},
				"call_3": {
					"position": {
						"0.0": [0, 0, 0],
						"18.5833": {
							"pre": [0, 0, 0],
							"post": [0, 0, 0]
						},
						"18.6042": {
							"pre": [0, 0, 0],
							"post": [0, 0, -0.17]
						},
						"20.4167": {
							"pre": [0, 0, -0.17],
							"post": [0, 0, -0.17]
						},
						"20.4375": {
							"pre": [0, 0, -0.17],
							"post": [0, 0, 0]
						}
					}
				},
				"n0": {
					"position": {
						"0.0": [0, 0, -0.09],
						"2.6667": {
							"pre": [0, 0, -0.09],
							"post": [0, 0, -0.09]
						},
						"12.6667": {
							"pre": [0, 0, -0.09],
							"post": [0, 0, 0]
						}
					}
				},
				"n10": {
					"position": {
						"0.0": [0, 0, -0.09],
						"2.6667": {
							"pre": [0, 0, -0.09],
							"post": [0, 0, -0.09]
						},
						"3.6667": {
							"pre": [0, 0, -0.09],
							"post": [0, 0, 0]
						},
						"11.6667": {
							"pre": [0, 0, 0],
							"post": [0, 0, 0]
						},
						"12.6667": {
							"pre": [0, 0, 0],
							"post": [0, 0, -0.09]
						},
						"13.6667": {
							"pre": [0, 0, -0.09],
							"post": [0, 0, 0]
						}
					}
				},
				"n11": {
					"position": {
						"0.0": [0, 0, 0],
						"2.6667": {
							"pre": [0, 0, 0],
							"post": [0, 0, 0]
						},
						"3.6667": {
							"pre": [0, 0, 0],
							"post": [0, 0, -0.09]
						},
						"4.6667": {
							"pre": [0, 0, -0.09],
							"post": [0, 0, 0]
						},
						"12.6667": {
							"pre": [0, 0, 0],
							"post": [0, 0, 0]
						},
						"13.6667": {
							"pre": [0, 0, 0],
							"post": [0, 0, -0.09]
						},
						"14.6667": {
							"pre": [0, 0, -0.09],
							"post": [0, 0, 0]
						}
					}
				},
				"n12": {
					"position": {
						"0.0": [0, 0, 0],
						"3.6667": {
							"pre": [0, 0, 0],
							"post": [0, 0, 0]
						},
						"4.6667": {
							"pre": [0, 0, 0],
							"post": [0, 0, -0.09]
						},
						"5.6667": {
							"pre": [0, 0, -0.09],
							"post": [0, 0, 0]
						},
						"13.6667": {
							"pre": [0, 0, 0],
							"post": [0, 0, 0]
						},
						"14.6667": {
							"pre": [0, 0, 0],
							"post": [0, 0, -0.09]
						},
						"15.6667": {
							"pre": [0, 0, -0.09],
							"post": [0, 0, 0]
						}
					}
				},
				"n13": {
					"position": {
						"0.0": [0, 0, 0],
						"4.6667": {
							"pre": [0, 0, 0],
							"post": [0, 0, 0]
						},
						"5.6667": {
							"pre": [0, 0, 0],
							"post": [0, 0, -0.09]
						},
						"6.6667": {
							"pre": [0, 0, -0.09],
							"post": [0, 0, 0]
						},
						"14.6667": {
							"pre": [0, 0, 0],
							"post": [0, 0, 0]
						},
						"15.6667": {
							"pre": [0, 0, 0],
							"post": [0, 0, -0.09]
						},
						"16.6667": {
							"pre": [0, 0, -0.09],
							"post": [0, 0, 0]
						}
					}
				},
				"n14": {
					"position": {
						"0.0": [0, 0, 0],
						"5.6667": {
							"pre": [0, 0, 0],
							"post": [0, 0, 0]
						},
						"6.6667": {
							"pre": [0, 0, 0],
							"post": [0, 0, -0.09]
						},
						"7.6667": {
							"pre": [0, 0, -0.09],
							"post": [0, 0, 0]
						},
						"15.6667": {
							"pre": [0, 0, 0],
							"post": [0, 0, 0]
						},
						"16.6667": {
							"pre": [0, 0, 0],
							"post": [0, 0, -0.09]
						},
						"17.6667": {
							"pre": [0, 0, -0.09],
							"post": [0, 0, 0]
						}
					}
				},
				"n15": {
					"position": {
						"0.0": [0, 0, 0],
						"6.6667": {
							"pre": [0, 0, 0],
							"post": [0, 0, 0]
						},
						"7.6667": {
							"pre": [0, 0, 0],
							"post": [0, 0, -0.09]
						},
						"8.6667": {
							"pre": [0, 0, -0.09],
							"post": [0, 0, 0]
						},
						"16.6667": {
							"pre": [0, 0, 0],
							"post": [0, 0, 0]
						},
						"17.6667": {
							"pre": [0, 0, 0],
							"post": [0, 0, -0.09]
						},
						"18.6667": {
							"pre": [0, 0, -0.09],
							"post": [0, 0, 0]
						}
					}
				},
				"call_4": {
					"position": {
						"0.0": [0, 0, 0],
						"20.4167": {
							"pre": [0, 0, 0],
							"post": [0, 0, 0]
						},
						"20.4375": {
							"pre": [0, 0, 0],
							"post": [0, 0, -0.17]
						},
						"20.8125": {
							"pre": [0, 0, -0.17],
							"post": [0, 0, -0.17]
						},
						"20.8333": {
							"pre": [0, 0, -0.17],
							"post": [0, 0, 0]
						}
					}
				},
				"n1": {
					"position": {
						"11.6667": [0, 0, 0],
						"12.6667": {
							"pre": [0, 0, 0],
							"post": [0, 0, -0.09]
						}
					}
				},
				"n16": {
					"position": {
						"7.6667": [0, 0, 0],
						"8.6667": {
							"pre": [0, 0, 0],
							"post": [0, 0, -0.09]
						},
						"9.6667": {
							"pre": [0, 0, -0.09],
							"post": [0, 0, 0]
						},
						"17.6667": {
							"pre": [0, 0, 0],
							"post": [0, 0, 0]
						},
						"18.6667": {
							"pre": [0, 0, 0],
							"post": [0, 0, -0.09]
						},
						"19.6667": {
							"pre": [0, 0, -0.09],
							"post": [0, 0, 0]
						}
					}
				},
				"n17": {
					"position": {
						"8.6667": [0, 0, 0],
						"9.6667": {
							"pre": [0, 0, 0],
							"post": [0, 0, -0.09]
						},
						"10.6667": {
							"pre": [0, 0, -0.09],
							"post": [0, 0, 0]
						}
					}
				},
				"n18": {
					"position": {
						"9.6667": [0, 0, 0],
						"10.6667": {
							"pre": [0, 0, 0],
							"post": [0, 0, -0.09]
						},
						"11.6667": {
							"pre": [0, 0, -0.09],
							"post": [0, 0, 0]
						}
					}
				},
				"n19": {
					"position": {
						"10.6667": [0, 0, 0],
						"11.6667": {
							"pre": [0, 0, 0],
							"post": [0, 0, -0.09]
						},
						"12.6667": {
							"pre": [0, 0, -0.09],
							"post": [0, 0, 0]
						}
					}
				},
				"constraint": {
					"rotation": {
						"0.0": [1, 1, 1],
						"20.5417": [1, 1, 1],
						"22.2917": [1, 1, 1]
					},
					"position": {
						"0.0": [1, 1, 1],
						"20.5417": [1, 1, 1],
						"22.2917": [1, 1, 1]
					}
				}
			},
			"sound_effects": {
				"0.0208": {
					"effect": "daffas_arsenal:samula3/daffas_samula3_callin"
				},
				"2.3958": {
					"effect": "daffas_arsenal:samula3/daffas_samula3_water"
				},
				"2.6458": {
					"effect": "daffas_arsenal:hk416/daffas_hk416_cloth2"
				},
				"3.1875": {
					"effect": "daffas_arsenal:samula3/untitled2"
				},
				"18.6042": {
					"effect": "daffas_arsenal:samula3/daffas_samula3_callout"
				},
				"19.9583": {
					"effect": "daffas_arsenal:hk416/daffas_hk416_cloth"
				},
				"21.6458": {
					"effect": "daffas_arsenal:hk416/daffas_hk416_cloth3"
				}
			}
		},
		"inspect": {
			"animation_length": 13.2292,
			"bones": {
				"lefthand": {
					"rotation": {
						"0.0": [126.90585, -18.96403, -206.03095],
						"2.0417": [126.91, -18.96, -206.03],
						"2.3125": [84.41, -18.96, -206.03],
						"2.4583": [74.91159, -5.69736, -164.24562],
						"2.6042": [82.56556, -20.77967, -184.17407],
						"2.7917": [78.42215, -10.47353, -167.5377],
						"3.0": [80.25531, -25.05395, -177.94004],
						"3.1875": [96.21516, -50.85581, -198.6636],
						"3.3958": [118.51302, -56.02768, -227.81383],
						"11.9375": [118.51, -56.03, -227.81],
						"12.0417": [120.25, -51.91, -225.37],
						"12.5625": [126.90585, -18.96403, -206.03095]
					},
					"position": {
						"0.0": [7.2375, -8.2425, -10.7575],
						"2.0417": [7.24, -8.24, -10.76],
						"2.3125": [12.12305, -7.5239, -2.85597],
						"2.4583": [9.10009, -11.2569, -3.63983],
						"2.6042": [7.513, -7.62769, -5.1051],
						"2.7917": [9.51924, -8.85415, -4.4267],
						"3.0": [9.47376, -10.20945, -1.70975],
						"3.1875": [10.13175, -12.32538, 1.88917],
						"3.3958": [8.01196, -14.9184, 15.22362],
						"11.9375": [8.01, -14.92, 15.22],
						"12.0417": [7.85, -14.05, 12.31],
						"12.5625": [7.2375, -8.2425, -10.7575]
					},
					"scale": {
						"0.0": [1, 1.5, 1],
						"2.0417": [1, 1.5, 1]
					}
				},
				"righthand": {
					"rotation": {
						"0.0": [135.99983, -342.51944, -184.36479],
						"2.0417": [136, -342.52, -184.36],
						"2.2292": [34.85206, -344.05819, -195.30299],
						"12.0625": [34.85, -344.06, -195.3],
						"12.125": [38.4, -344.01, -194.92],
						"12.2917": [66.84, -343.57, -191.84],
						"12.5625": [135.99983, -342.51944, -184.36479]
					},
					"position": {
						"0.0": [-8.675, -8.05, -6.225],
						"2.0417": [-8.68, -8.05, -6.22],
						"2.2292": [-9.28182, -7.21592, -5.80966],
						"12.0625": [-9.28, -7.22, -5.81],
						"12.125": [-9.26, -7.25, -5.82],
						"12.2917": [-9.09, -7.48, -5.94],
						"12.5625": [-8.675, -8.05, -6.225]
					},
					"scale": {
						"0.0": [1, 1.5, 1],
						"2.0417": [1, 1.5, 1],
						"12.0625": [1, 1.5, 1],
						"12.2917": [1, 1.5, 1],
						"12.5625": [1, 1.5, 1]
					}
				},
				"root": {
					"rotation": {
						"0.0": [0, 0, 0],
						"0.8125": [0, 0, 0],
						"0.875": [-1.05, -0.37, -0.64],
						"1.0": [-7.37, -2.56, -4.48],
						"1.1042": [-7.37, -2.34, -5.145],
						"1.1875": [-7.08, -2.21, -4.98],
						"2.0417": [-7.08, -2.21, -4.98],
						"2.2292": [-57.05327, 5.32817, -12.01353],
						"2.4583": [-62.47006, -22.89588, -31.78568],
						"2.6042": [-63.10689, -21.28302, -28.34249],
						"9.8958": [-63.11, -21.28, -28.34],
						"10.0": [-60.61, -21.28, -28.34],
						"10.1458": [-60.11, -21.82, -28.67],
						"10.5417": [-60.11, -21.82, -28.67],
						"10.8958": [-63.11, -21.28, -28.34],
						"11.0208": [-63.11, -21.28, -31.34],
						"11.1875": [-63.58, -20.87, -30.06],
						"12.0625": [-63.58, -20.87, -30.06],
						"12.125": [-62.1, -20.16, -29.15],
						"12.2917": [-50.23, -14.5, -21.91],
						"12.5625": {
							"pre": [-7.5, 0, 0],
							"post": [-7.5, 0, 0],
							"lerp_mode": "catmullrom"
						},
						"12.75": {
							"post": [4.00333, -2.49533, -0.15272],
							"lerp_mode": "catmullrom"
						},
						"13.125": [0, 0, 0]
					},
					"position": {
						"0.0": [0, 0, 0],
						"0.8125": [0, 0, 0],
						"0.875": [0.01, 0.02, 0.02],
						"1.0": [0.1, 0.15, 0.13],
						"1.1042": [0.1182, 0.11655, 0.12227],
						"1.1875": [0.1, 0.11, 0.12],
						"2.0417": [0.1, 0.11, 0.12],
						"2.2292": [0.675, -0.69, 0.12],
						"2.4583": [0.105, 1.635, 2.295],
						"2.6042": [0.335, 1.56, 2.4],
						"9.8958": [0.34, 1.56, 2.4],
						"10.0": [0.415, 1.11, 2.175],
						"10.1458": [0.59, 1.11, 2.17],
						"10.5417": [0.59, 1.11, 2.17],
						"10.8958": [0.34, 1.56, 2.4],
						"11.0208": [0.14, 1.66, 2.4],
						"11.1875": [0.13, 1.62, 2.4],
						"12.0625": [0.13, 1.62, 2.4],
						"12.125": [0.12, 1.53, 2.33],
						"12.2917": [0.08, 0.85, 1.81],
						"12.5625": {
							"pre": [0, -1.5, 0],
							"post": [0, -1.5, 0],
							"lerp_mode": "catmullrom"
						},
						"12.75": {
							"post": [0.9, -1.625, 0],
							"lerp_mode": "catmullrom"
						},
						"13.125": [0, 0, 0]
					}
				},
				"gun_and_righthand": {
					"rotation": {
						"0.0": [0, 0, 0],
						"2.7917": [0, 0, 0],
						"3.0": [-21.89418, 4.12006, -2.17663],
						"3.1875": [-32.29, 24.05, 23.09],
						"3.25": [-33.44514, 26.26031, 25.90026],
						"3.3958": [-33.45, 26.26, 25.9],
						"10.5417": [-33.45, 26.26, 25.9],
						"10.75": [-11.15, 6.25, 13.63],
						"10.8333": [-2.23, 1.25, 2.73],
						"10.8958": [0, 0, 0],
						"12.2083": [0, 0, 0]
					},
					"position": {
						"0.0": [0, 0, 0],
						"2.7917": [0, 0, 0],
						"3.0": [1.56217, -0.39929, -0.55806],
						"3.1875": [1.5, 2.33, -2.3],
						"3.25": [1.48993, 2.62906, -2.489],
						"3.3958": [1.365, 2.48, -2.49],
						"10.5417": [1.365, 2.48, -2.49],
						"10.75": [-0.79, 0.83, 0.67],
						"10.8333": [-0.16, 0.17, 0.13],
						"10.8958": [0, 0, 0],
						"12.2083": [0, 0, 0]
					}
				},
				"gun": {
					"scale": {
						"0.0": [1, 1, 1],
						"11.375": [1, 1, 1],
						"11.5": [0.5, 0.5, 0.5],
						"12.0833": [1, 1, 1]
					}
				},
				"camera": {
					"rotation": {
						"0.0": {
							"post": [0, 0, 0],
							"lerp_mode": "catmullrom"
						},
						"0.8542": {
							"post": [0, 0, 0],
							"lerp_mode": "catmullrom"
						},
						"1.0208": {
							"post": [0.625, 0.325, 0.425],
							"lerp_mode": "catmullrom"
						},
						"1.1667": {
							"post": [0.37, 0.57, -0.08],
							"lerp_mode": "catmullrom"
						},
						"1.9583": {
							"post": [0.37, 0.57, -0.08],
							"lerp_mode": "catmullrom"
						},
						"2.1875": {
							"post": [-0.14, 1.06, 0.67],
							"lerp_mode": "catmullrom"
						},
						"2.3542": {
							"post": [-0.37, 1.82, -0.76],
							"lerp_mode": "catmullrom"
						},
						"2.5": {
							"post": [-0.11, 2.02, -0.6],
							"lerp_mode": "catmullrom"
						},
						"2.625": {
							"post": [0.14, 2.24, 0.12],
							"lerp_mode": "catmullrom"
						},
						"2.7917": {
							"post": [0.39, 2.45, -0.58],
							"lerp_mode": "catmullrom"
						},
						"3.0417": {
							"post": [-0.12, 2.63, -0.81],
							"lerp_mode": "catmullrom"
						},
						"3.2708": {
							"post": [0.13, 2.88, 0.5],
							"lerp_mode": "catmullrom"
						},
						"3.5417": {
							"post": [0.38, 3.28, 0],
							"lerp_mode": "catmullrom"
						},
						"9.9375": {
							"post": [0.34, 3.36, -0.01],
							"lerp_mode": "catmullrom"
						},
						"10.0417": {
							"post": [0.59, 3.86, 0.49],
							"lerp_mode": "catmullrom"
						},
						"10.2708": {
							"post": [0.33, 4.09, 0.23],
							"lerp_mode": "catmullrom"
						},
						"10.5625": {
							"post": [0.56, 4.27, 0.19],
							"lerp_mode": "catmullrom"
						},
						"10.8333": {
							"post": [1.04, 3.66, -0.34],
							"lerp_mode": "catmullrom"
						},
						"11.1458": {
							"post": [0.42, 3.31, 0.69],
							"lerp_mode": "catmullrom"
						},
						"11.6042": {
							"post": [0.07, 3.58, 0.18],
							"lerp_mode": "catmullrom"
						},
						"12.0": {
							"post": [0.38, 3.28, 0.25],
							"lerp_mode": "catmullrom"
						},
						"12.2917": {
							"post": [1.04, 2.3, -0.08],
							"lerp_mode": "catmullrom"
						},
						"12.5417": {
							"post": [0.57, 0.6, -0.93],
							"lerp_mode": "catmullrom"
						},
						"12.6875": {
							"post": [1.5, 0, 0.25],
							"lerp_mode": "catmullrom"
						},
						"12.875": {
							"post": [2.5, -0.5, -1],
							"lerp_mode": "catmullrom"
						},
						"13.2292": [0, 0, 0]
					}
				},
				"call_1": {
					"position": {
						"0.0": [0, 0, 0],
						"0.0208": {
							"pre": [0, 0, 0],
							"post": [0, 0, -0.175]
						},
						"2.6458": {
							"pre": [0, 0, -0.175],
							"post": [0, 0, -0.17]
						},
						"2.6667": {
							"pre": [0, 0, -0.17],
							"post": [0, 0, 0]
						}
					}
				},
				"call_2": {
					"position": {
						"0.0": [0, 0, 0],
						"2.6458": {
							"pre": [0, 0, 0],
							"post": [0, 0, 0]
						},
						"2.6667": {
							"pre": [0, 0, 0],
							"post": [0, 0, -0.175]
						},
						"9.25": {
							"pre": [0, 0, -0.175],
							"post": [0, 0, -0.17]
						},
						"9.2708": {
							"pre": [0, 0, -0.17],
							"post": [0, 0, 0]
						}
					}
				},
				"call_3": {
					"position": {
						"0.0": [0, 0, 0],
						"9.25": {
							"pre": [0, 0, 0],
							"post": [0, 0, 0]
						},
						"9.2708": {
							"pre": [0, 0, 0],
							"post": [0, 0, -0.17]
						},
						"11.0833": {
							"pre": [0, 0, -0.17],
							"post": [0, 0, -0.17]
						},
						"11.1042": {
							"pre": [0, 0, -0.17],
							"post": [0, 0, 0]
						}
					}
				},
				"n0": {
					"position": {
						"0.0": [0, 0, -0.09],
						"2.6667": [0, 0, -0.09]
					}
				},
				"n10": {
					"position": {
						"0.0": [0, 0, -0.09],
						"2.6667": {
							"pre": [0, 0, -0.09],
							"post": [0, 0, -0.09]
						},
						"3.6667": {
							"pre": [0, 0, -0.09],
							"post": [0, 0, 0]
						}
					}
				},
				"n11": {
					"position": {
						"0.0": [0, 0, 0],
						"2.6667": {
							"pre": [0, 0, 0],
							"post": [0, 0, 0]
						},
						"3.6667": {
							"pre": [0, 0, 0],
							"post": [0, 0, -0.09]
						},
						"4.6667": {
							"pre": [0, 0, -0.09],
							"post": [0, 0, 0]
						}
					}
				},
				"n12": {
					"position": {
						"0.0": [0, 0, 0],
						"3.6667": {
							"pre": [0, 0, 0],
							"post": [0, 0, 0]
						},
						"4.6667": {
							"pre": [0, 0, 0],
							"post": [0, 0, -0.09]
						},
						"5.6667": {
							"pre": [0, 0, -0.09],
							"post": [0, 0, 0]
						}
					}
				},
				"n13": {
					"position": {
						"0.0": [0, 0, 0],
						"4.6667": {
							"pre": [0, 0, 0],
							"post": [0, 0, 0]
						},
						"5.6667": {
							"pre": [0, 0, 0],
							"post": [0, 0, -0.09]
						},
						"6.6667": {
							"pre": [0, 0, -0.09],
							"post": [0, 0, 0]
						}
					}
				},
				"n14": {
					"position": {
						"0.0": [0, 0, 0],
						"5.6667": {
							"pre": [0, 0, 0],
							"post": [0, 0, 0]
						},
						"6.6667": {
							"pre": [0, 0, 0],
							"post": [0, 0, -0.09]
						},
						"7.6667": {
							"pre": [0, 0, -0.09],
							"post": [0, 0, 0]
						}
					}
				},
				"n15": {
					"position": {
						"0.0": [0, 0, 0],
						"6.6667": {
							"pre": [0, 0, 0],
							"post": [0, 0, 0]
						},
						"7.6667": {
							"pre": [0, 0, 0],
							"post": [0, 0, -0.09]
						},
						"8.6667": {
							"pre": [0, 0, -0.09],
							"post": [0, 0, 0]
						}
					}
				},
				"call_4": {
					"position": {
						"0.0": [0, 0, 0],
						"11.0833": {
							"pre": [0, 0, 0],
							"post": [0, 0, 0]
						},
						"11.1042": {
							"pre": [0, 0, 0],
							"post": [0, 0, -0.17]
						},
						"11.4792": {
							"pre": [0, 0, -0.17],
							"post": [0, 0, -0.17]
						},
						"11.5": {
							"pre": [0, 0, -0.17],
							"post": [0, 0, 0]
						}
					}
				},
				"n16": {
					"position": {
						"7.6667": [0, 0, 0],
						"8.6667": {
							"pre": [0, 0, 0],
							"post": [0, 0, -0.09]
						},
						"9.6667": {
							"pre": [0, 0, -0.09],
							"post": [0, 0, 0]
						}
					}
				},
				"constraint": {
					"rotation": {
						"0.0": [1, 1, 1],
						"11.8958": [1, 1, 1],
						"13.2292": [0, 0, 0]
					},
					"position": {
						"0.0": [1, 1, 1],
						"11.8958": [1, 1, 1],
						"13.2292": [0, 0, 0]
					}
				}
			},
			"sound_effects": {
				"0.0208": {
					"effect": "daffas_arsenal:samula3/daffas_samula3_callin"
				},
				"2.3958": {
					"effect": "daffas_arsenal:samula3/daffas_samula3_water"
				},
				"2.6458": {
					"effect": "daffas_arsenal:hk416/daffas_hk416_cloth2"
				},
				"3.375": {
					"effect": "daffas_arsenal:samula3/untitled"
				},
				"9.2708": {
					"effect": "daffas_arsenal:samula3/daffas_samula3_callout"
				},
				"10.625": {
					"effect": "daffas_arsenal:hk416/daffas_hk416_cloth"
				},
				"12.3125": {
					"effect": "daffas_arsenal:hk416/daffas_hk416_cloth3"
				}
			}
		},
		"draw": {
			"loop": "hold_on_last_frame",
			"animation_length": 3.5,
			"bones": {
				"1": {
					"position": {
						"0.2917": [0, 0, -0.175],
						"0.9167": {
							"pre": [0, 0, -0.175],
							"post": [0, 0, 0]
						},
						"1.1458": {
							"pre": [0, 0, 0],
							"post": [0, 0, -0.175]
						},
						"1.5625": {
							"pre": [0, 0, -0.175],
							"post": [0, 0, 0]
						},
						"2.6042": {
							"pre": [0, 0, 0],
							"post": [0, 0, 0]
						}
					}
				},
				"2": {
					"position": {
						"0.7083": [0, 0, 0],
						"0.9167": {
							"pre": [0, 0, 0],
							"post": [0, 0, -0.175]
						},
						"1.1458": {
							"pre": [0, 0, -0.175],
							"post": [0, 0, 0]
						},
						"1.5625": {
							"pre": [0, 0, 0],
							"post": [0, 0, 0]
						},
						"2.6042": {
							"pre": [0, 0, 0],
							"post": [0, 0, 0]
						}
					}
				},
				"3": {
					"position": {
						"1.2083": [0, 0, 0],
						"1.2917": {
							"pre": [0, 0, 0],
							"post": [0, 0, -0.175]
						},
						"1.375": {
							"pre": [0, 0, -0.175],
							"post": [0, 0, 0]
						},
						"2.6042": {
							"pre": [0, 0, 0],
							"post": [0, 0, 0]
						}
					}
				},
				"4": {
					"position": {
						"1.2917": [0, 0, 0],
						"1.375": {
							"pre": [0, 0, 0],
							"post": [0, 0, -0.175]
						},
						"1.4375": {
							"pre": [0, 0, -0.175],
							"post": [0, 0, 0]
						},
						"2.6042": {
							"pre": [0, 0, 0],
							"post": [0, 0, 0]
						}
					}
				},
				"5": {
					"position": {
						"1.375": [0, 0, 0],
						"1.4375": {
							"pre": [0, 0, 0],
							"post": [0, 0, -0.175]
						},
						"1.5208": {
							"pre": [0, 0, -0.175],
							"post": [0, 0, 0]
						},
						"2.6042": {
							"pre": [0, 0, 0],
							"post": [0, 0, 0]
						}
					}
				},
				"6": {
					"position": {
						"1.4375": [0, 0, 0],
						"1.5208": {
							"pre": [0, 0, 0],
							"post": [0, 0, -0.175]
						},
						"1.6042": {
							"pre": [0, 0, -0.175],
							"post": [0, 0, 0]
						},
						"2.6042": {
							"pre": [0, 0, 0],
							"post": [0, 0, 0]
						}
					}
				},
				"7": {
					"position": {
						"1.5208": [0, 0, 0],
						"1.6042": {
							"pre": [0, 0, 0],
							"post": [0, 0, -0.175]
						},
						"1.6875": {
							"pre": [0, 0, -0.175],
							"post": [0, 0, 0]
						},
						"2.6042": {
							"pre": [0, 0, 0],
							"post": [0, 0, 0]
						}
					}
				},
				"8": {
					"position": {
						"1.6042": [0, 0, 0],
						"1.6875": {
							"pre": [0, 0, 0],
							"post": [0, 0, -0.175]
						},
						"1.75": {
							"pre": [0, 0, -0.175],
							"post": [0, 0, 0]
						},
						"2.6042": {
							"pre": [0, 0, 0],
							"post": [0, 0, 0]
						}
					}
				},
				"9": {
					"position": {
						"1.6875": [0, 0, 0],
						"1.75": {
							"pre": [0, 0, 0],
							"post": [0, 0, -0.175]
						},
						"1.8333": {
							"pre": [0, 0, -0.175],
							"post": [0, 0, 0]
						},
						"2.6042": {
							"pre": [0, 0, 0],
							"post": [0, 0, 0]
						}
					}
				},
				"10": {
					"position": {
						"1.75": [0, 0, 0],
						"1.8333": {
							"pre": [0, 0, 0],
							"post": [0, 0, -0.175]
						},
						"2.3125": {
							"pre": [0, 0, -0.175],
							"post": [0, 0, 0]
						},
						"2.6042": {
							"pre": [0, 0, 0],
							"post": [0, 0, 0]
						}
					}
				},
				"lefthand": {
					"rotation": {
						"0.1458": {
							"pre": [81.57495, -17.89931, -176.51157],
							"post": [81.57495, -17.89931, -176.51157],
							"lerp_mode": "catmullrom"
						},
						"0.3542": {
							"post": [81.61458, -17.91338, -176.83787],
							"lerp_mode": "catmullrom"
						},
						"0.4375": {
							"post": [81.62495, -17.88931, -177.03657],
							"lerp_mode": "catmullrom"
						},
						"0.5417": {
							"post": [86.05174, -35.31092, -176.00185],
							"lerp_mode": "catmullrom"
						},
						"0.6667": {
							"post": [83.78879, -19.64277, -168.94136],
							"lerp_mode": "catmullrom"
						},
						"0.75": {
							"post": [103.62262, -16.6251, -184.30524],
							"lerp_mode": "catmullrom"
						},
						"0.8542": {
							"post": [103.64, -16.59, -184.315],
							"lerp_mode": "catmullrom"
						},
						"0.9375": {
							"post": [100.87248, -15.46654, -175.01072],
							"lerp_mode": "catmullrom"
						},
						"1.0": {
							"post": [98.78983, -14.63682, -167.97836],
							"lerp_mode": "catmullrom"
						},
						"1.1458": {
							"post": [87.58281, -14.48963, -186.36734],
							"lerp_mode": "catmullrom"
						},
						"1.4375": {
							"post": [94.17666, -19.17945, -191.39368],
							"lerp_mode": "catmullrom"
						},
						"1.5417": {
							"post": [94.08063, -19.18216, -191.62179],
							"lerp_mode": "catmullrom"
						},
						"1.75": {
							"post": [93.83232, -19.19882, -191.9455],
							"lerp_mode": "catmullrom"
						},
						"1.8542": {
							"post": [93.78785, -19.19965, -191.92736],
							"lerp_mode": "catmullrom"
						},
						"1.9375": {
							"post": [93.91661, -19.18265, -191.91469],
							"lerp_mode": "catmullrom"
						},
						"2.1458": {
							"post": [94.24869, -19.13978, -191.16144],
							"lerp_mode": "catmullrom"
						},
						"2.3542": {
							"post": [93.88521, -19.14803, -191.79894],
							"lerp_mode": "catmullrom"
						},
						"2.6042": [93.5185, -19.17794, -191.50779],
						"2.6458": [94.59962, -19.17394, -191.95469],
						"2.9375": [126.704, -19.02094, -206.16791]
					},
					"position": {
						"0.1458": {
							"pre": [8.71838, -12.93541, 5.16775],
							"post": [8.71838, -12.93541, 5.16775],
							"lerp_mode": "catmullrom"
						},
						"0.4375": {
							"post": [8.74838, -12.96541, 5.16775],
							"lerp_mode": "catmullrom"
						},
						"0.5417": {
							"post": [11.56173, -9.58032, -4.23285],
							"lerp_mode": "catmullrom"
						},
						"0.6667": {
							"post": [12.02427, -9.16383, -7.55473],
							"lerp_mode": "catmullrom"
						},
						"0.75": {
							"post": [8.26268, -7.21911, -10.1993],
							"lerp_mode": "catmullrom"
						},
						"0.8542": {
							"post": [8.26, -7.22, -10.2],
							"lerp_mode": "catmullrom"
						},
						"1.0": {
							"post": [9.87454, -8.24188, -9.4799],
							"lerp_mode": "catmullrom"
						},
						"1.1458": {
							"post": [11.55605, -11.99555, -2.59102],
							"lerp_mode": "catmullrom"
						},
						"1.2917": {
							"post": [10.82432, -12.30347, -1.16923],
							"lerp_mode": "catmullrom"
						},
						"1.4375": {
							"post": [10.7794, -12.34253, -1.16932],
							"lerp_mode": "catmullrom"
						},
						"1.8542": {
							"post": [10.86961, -12.37163, -1.16956],
							"lerp_mode": "catmullrom"
						},
						"2.1458": {
							"post": [10.74976, -12.31099, -1.16973],
							"lerp_mode": "catmullrom"
						},
						"2.4375": {
							"post": [10.77991, -12.34036, -1.1699],
							"lerp_mode": "catmullrom"
						},
						"2.6042": [10.816, -12.33928, -1.17],
						"2.6458": [10.70688, -12.18812, -1.44],
						"2.7083": [10.12773, -11.45653, -2.81],
						"2.9375": [7.25406, -8.26111, -10.7575]
					},
					"scale": {
						"2.6042": [1, 1.5, 1],
						"2.6458": [1, 1.5, 1],
						"2.7083": [1, 1.5, 1],
						"2.9375": [1, 1.5, 1]
					}
				},
				"righthand": {
					"rotation": {
						"0.25": [52.72609, -352.36713, -176.46574],
						"2.6042": [52.73, -352.37, -176.47],
						"2.6458": [55.04, -352.1, -176.69],
						"2.7083": [66.61, -350.73, -177.79],
						"2.9375": [135.99983, -342.51944, -184.36479]
					},
					"position": {
						"0.25": [-10.455, -5, -6.22],
						"2.6042": [-10.45, -5, -6.22],
						"2.6458": [-10.4, -5.08, -6.22],
						"2.7083": [-10.15, -5.51, -6.22],
						"2.9375": [-8.675, -8.05, -6.225]
					},
					"scale": {
						"2.6042": [1, 1.5, 1],
						"2.6458": [1, 1.5, 1],
						"2.7083": [1, 1.5, 1],
						"2.9375": [1, 1.5, 1]
					}
				},
				"root": {
					"rotation": {
						"0.0": {
							"post": [-16.98526, -53.45668, 11.21787],
							"lerp_mode": "catmullrom"
						},
						"0.1458": {
							"post": [-21.32542, -42.02756, 3.62236],
							"lerp_mode": "catmullrom"
						},
						"0.25": {
							"post": [-58.06402, -36.52332, -24.34737],
							"lerp_mode": "catmullrom"
						},
						"0.3542": {
							"post": [-58.06402, -36.52332, -34.34737],
							"lerp_mode": "catmullrom"
						},
						"0.4375": {
							"post": [-58.06402, -36.52332, -36.84737],
							"lerp_mode": "catmullrom"
						},
						"0.625": {
							"post": [-58.06, -36.52, -38.1],
							"lerp_mode": "catmullrom"
						},
						"0.7708": {
							"post": [-58.06, -36.52, -37.50789],
							"lerp_mode": "catmullrom"
						},
						"0.875": {
							"post": [-56.24801, -34.89239, -41.8244],
							"lerp_mode": "catmullrom"
						},
						"1.0208": {
							"post": [-56.40083, -35.02965, -40.65487],
							"lerp_mode": "catmullrom"
						},
						"1.1458": {
							"post": [-58.06402, -36.52332, -36.84737],
							"lerp_mode": "catmullrom"
						},
						"1.3542": {
							"post": [-58.06344, -36.52284, -35.59775],
							"lerp_mode": "catmullrom"
						},
						"1.6875": {
							"post": [-58.06, -36.52, -35.68],
							"lerp_mode": "catmullrom"
						},
						"2.0208": {
							"post": [-58.06161, -36.52133, -35.76562],
							"lerp_mode": "catmullrom"
						},
						"2.2708": [-58.06, -36.52, -36.23],
						"2.6042": [-58.06, -36.52, -36.1],
						"2.6458": [-57.07, -35.78, -35.38],
						"2.7083": [-52.11, -32.1, -31.75],
						"2.9375": {
							"pre": [-7.5, 0, 0],
							"post": [-7.5, 0, 0],
							"lerp_mode": "catmullrom"
						},
						"3.125": {
							"post": [4.00333, -2.49533, -0.15272],
							"lerp_mode": "catmullrom"
						},
						"3.5": [0, 0, 0]
					},
					"position": {
						"0.0": {
							"post": [11.175, -14.275, 1.83],
							"lerp_mode": "catmullrom"
						},
						"0.1458": {
							"post": [7.8, -8.25, 1.83],
							"lerp_mode": "catmullrom"
						},
						"0.25": {
							"post": [1.525, 1.675, 1.83],
							"lerp_mode": "catmullrom"
						},
						"0.3542": {
							"post": [0.375, 0.95, 1.83],
							"lerp_mode": "catmullrom"
						},
						"0.4375": {
							"post": [0.23, 1.2, 1.83],
							"lerp_mode": "catmullrom"
						},
						"0.625": {
							"post": [0.355, 1.275, 1.83],
							"lerp_mode": "catmullrom"
						},
						"0.7708": {
							"post": [0.35, 1.195, 1.83],
							"lerp_mode": "catmullrom"
						},
						"0.875": {
							"post": [0.24, 0.9, 1.73],
							"lerp_mode": "catmullrom"
						},
						"1.0208": {
							"post": [0.065, 1.155, 1.74],
							"lerp_mode": "catmullrom"
						},
						"1.1458": {
							"post": [0.23, 1.2, 1.83],
							"lerp_mode": "catmullrom"
						},
						"1.3542": {
							"post": [0.28, 1.1, 1.83],
							"lerp_mode": "catmullrom"
						},
						"1.6875": {
							"post": [0.17, 1.03, 1.83],
							"lerp_mode": "catmullrom"
						},
						"2.0208": {
							"post": [0.215, 0.99, 1.83],
							"lerp_mode": "catmullrom"
						},
						"2.2708": [0.22, 1.08, 1.83],
						"2.6042": [0.28, 1.2, 1.83],
						"2.6458": [0.27, 1.18, 1.79],
						"2.7083": [0.24, 1.07, 1.61],
						"2.9375": {
							"pre": [0, -1.5, 0],
							"post": [0, -1.5, 0],
							"lerp_mode": "catmullrom"
						},
						"3.125": {
							"post": [0.9, -1.625, 0],
							"lerp_mode": "catmullrom"
						},
						"3.5": [0, 0, 0]
					}
				},
				"camera": {
					"rotation": {
						"0.0": {
							"post": [0, 0, 0],
							"lerp_mode": "catmullrom"
						},
						"0.0833": {
							"post": [1.175, -0.65, 0.575],
							"lerp_mode": "catmullrom"
						},
						"0.1875": {
							"post": [1.605, -0.1, -0.13],
							"lerp_mode": "catmullrom"
						},
						"0.2917": {
							"post": [-0.14, -0.35, 0.87],
							"lerp_mode": "catmullrom"
						},
						"0.4167": {
							"post": [-0.5, -0.25, -0.25],
							"lerp_mode": "catmullrom"
						},
						"0.5625": {
							"post": [0, 0, 0],
							"lerp_mode": "catmullrom"
						},
						"0.7292": {
							"post": [-0.25, 0.25, 0.25],
							"lerp_mode": "catmullrom"
						},
						"0.7917": {
							"post": [0.25, 0.75, -0.25],
							"lerp_mode": "catmullrom"
						},
						"0.8958": {
							"post": [0.75, 1, 0.5],
							"lerp_mode": "catmullrom"
						},
						"1.2292": {
							"post": [0, 0, 0],
							"lerp_mode": "catmullrom"
						},
						"2.5833": {
							"post": [0, 0, 0],
							"lerp_mode": "catmullrom"
						},
						"2.9167": {
							"post": [0.57, 0.6, -0.93],
							"lerp_mode": "catmullrom"
						},
						"3.0625": {
							"post": [1.5, 0, 0.25],
							"lerp_mode": "catmullrom"
						},
						"3.25": {
							"post": [2.5, -0.5, -1],
							"lerp_mode": "catmullrom"
						},
						"3.6042": {
							"post": [0, 0, 0],
							"lerp_mode": "catmullrom"
						}
					}
				},
				"handphone": {
					"rotation": {
						"2.6042": [0, 0, 0],
						"2.6458": [-0.08, -0.28, 0.01],
						"2.7083": [-0.46, -1.7, 0.07],
						"2.9375": [0, 0, 0],
						"3.5": [0, 0, 0]
					}
				},
				"gun": {
					"scale": {
						"2.2917": [0.5, 0.5, 0.5],
						"2.875": [1, 1, 1]
					}
				},
				"constraint": {
					"rotation": {
						"0.0": [1, 1, 1],
						"2.9375": [1, 1, 1],
						"3.5": [0, 0, 0]
					},
					"position": {
						"0.0": [1, 1, 1],
						"2.9375": [1, 1, 1],
						"3.5": [0, 0, 0]
					}
				}
			},
			"sound_effects": {
				"0.0208": {
					"effect": "daffas_arsenal:hk416/daffas_hk416_cloth"
				},
				"0.7708": {
					"effect": "daffas_arsenal:hk416/daffas_hk416_cloth2"
				},
				"0.7917": {
					"effect": "daffas_arsenal:samula3/daffas_samula3_water"
				},
				"2.3333": {
					"effect": "daffas_arsenal:samula3/daffas_samula3_draw"
				},
				"2.6875": {
					"effect": "daffas_arsenal:hk416/daffas_hk416_cloth3"
				}
			}
		},
		"reload_empty": {
			"animation_length": 3.1667,
			"bones": {
				"root": {
					"rotation": {
						"0.0": {
							"post": [0, 0, 0],
							"lerp_mode": "catmullrom"
						},
						"0.2083": {
							"post": [-58.97491, -37.15276, -32.04446],
							"lerp_mode": "catmullrom"
						},
						"0.4583": {
							"post": [-58.97491, -37.15276, -19.29446],
							"lerp_mode": "catmullrom"
						},
						"0.5417": {
							"post": [-54.60521, -26.2694, -19.51703],
							"lerp_mode": "catmullrom"
						},
						"0.6875": {
							"post": [-52.92017, -37.18365, -28.38505],
							"lerp_mode": "catmullrom"
						},
						"0.8542": {
							"post": [-41.80677, -35.53585, -26.0512],
							"lerp_mode": "catmullrom"
						},
						"1.0417": {
							"post": [-40.29636, -32.84982, -22.06822],
							"lerp_mode": "catmullrom"
						},
						"1.25": {
							"post": [-36.28124, -29.15843, -13.20345],
							"lerp_mode": "catmullrom"
						},
						"1.3542": {
							"post": [-36.8639, -27.65986, -10.92824],
							"lerp_mode": "catmullrom"
						},
						"1.5208": {
							"post": [-32.53124, -29.15843, -4.70345],
							"lerp_mode": "catmullrom"
						},
						"1.625": {
							"post": [-32.53124, -29.15843, -1.45345],
							"lerp_mode": "catmullrom"
						},
						"1.7708": {
							"post": [-33.24257, -25.08518, -11.06521],
							"lerp_mode": "catmullrom"
						},
						"1.8125": {
							"post": [-43.73206, -18.21133, -10.29926],
							"lerp_mode": "catmullrom"
						},
						"1.8958": {
							"post": [-43.73206, -18.21133, -6.79926],
							"lerp_mode": "catmullrom"
						},
						"2.1042": {
							"post": [-43.73206, -18.21133, -4.04926],
							"lerp_mode": "catmullrom"
						},
						"2.2917": {
							"post": [-48.35575, -10.63306, -7.47679],
							"lerp_mode": "catmullrom"
						},
						"2.375": {
							"post": [-50.10575, -10.63306, -11.97679],
							"lerp_mode": "catmullrom"
						},
						"2.4792": {
							"post": [-53.35575, -10.63306, -14.97679],
							"lerp_mode": "catmullrom"
						},
						"2.6042": {
							"post": [-53.35575, -10.63306, -12.47679],
							"lerp_mode": "catmullrom"
						},
						"2.6875": {
							"post": [-36.746, -11.98493, -16.81105],
							"lerp_mode": "catmullrom"
						},
						"2.8958": {
							"post": [-9.71182, -10.05035, 9.9675],
							"lerp_mode": "catmullrom"
						},
						"3.0208": {
							"post": [2.74331, -0.19176, 3.99541],
							"lerp_mode": "catmullrom"
						},
						"3.1667": {
							"post": [0, 0, 0],
							"lerp_mode": "catmullrom"
						}
					},
					"position": {
						"0.0": {
							"post": [0, 0, 0],
							"lerp_mode": "catmullrom"
						},
						"0.2083": {
							"post": [1.275, 2.725, 3.525],
							"lerp_mode": "catmullrom"
						},
						"0.4583": {
							"post": [1.1, 2.33, 3.53],
							"lerp_mode": "catmullrom"
						},
						"0.5417": {
							"post": [-0.225, 2.33, 3.53],
							"lerp_mode": "catmullrom"
						},
						"0.6875": {
							"post": [0.38, 2.705, 3.53],
							"lerp_mode": "catmullrom"
						},
						"1.0417": {
							"post": [0.755, 1.135, 3.53],
							"lerp_mode": "catmullrom"
						},
						"1.25": {
							"post": [1.305, 1.585, 3.53],
							"lerp_mode": "catmullrom"
						},
						"1.3542": {
							"post": [1.405, 1.385, 3.53],
							"lerp_mode": "catmullrom"
						},
						"1.5208": {
							"post": [1.36, 1.14, 3.63],
							"lerp_mode": "catmullrom"
						},
						"1.625": {
							"post": [0.835, 1.14, 3.955],
							"lerp_mode": "catmullrom"
						},
						"1.7708": {
							"post": [1.14, 1.04, 3.96],
							"lerp_mode": "catmullrom"
						},
						"1.8125": {
							"post": [1.54, 0.99, 3.81],
							"lerp_mode": "catmullrom"
						},
						"1.8958": {
							"post": [1.715, 0.79, 3.81],
							"lerp_mode": "catmullrom"
						},
						"2.1042": {
							"post": [1.515, 0.765, 3.81],
							"lerp_mode": "catmullrom"
						},
						"2.2917": {
							"post": [1.27, 1.52, 3.81],
							"lerp_mode": "catmullrom"
						},
						"2.375": {
							"post": [1.27, 1.52, 3.81],
							"lerp_mode": "catmullrom"
						},
						"2.4792": {
							"post": [1.27, 0.875, 3.81],
							"lerp_mode": "catmullrom"
						},
						"2.6042": {
							"post": [1.07, 0.6, 4.085],
							"lerp_mode": "catmullrom"
						},
						"2.6875": {
							"post": [1.27, 1.655, 3.81],
							"lerp_mode": "catmullrom"
						},
						"2.7917": {
							"post": [0.99, 1.94, 2.57],
							"lerp_mode": "catmullrom"
						},
						"2.8958": {
							"post": [0.69, 1.44, 1.735],
							"lerp_mode": "catmullrom"
						},
						"3.0208": {
							"post": [0.15, -0.2, 0],
							"lerp_mode": "catmullrom"
						},
						"3.1667": {
							"post": [0, 0, 0],
							"lerp_mode": "catmullrom"
						}
					}
				},
				"lefthand": {
					"rotation": {
						"0.0": {
							"post": [126.90585, -18.96403, -206.03095],
							"lerp_mode": "catmullrom"
						},
						"0.2083": {
							"post": [88.91348, -20.11063, -182.43351],
							"lerp_mode": "catmullrom"
						},
						"0.3333": {
							"post": [104.94508, -18.01561, -191.69591],
							"lerp_mode": "catmullrom"
						},
						"0.4583": {
							"post": [121.8603, -15.67828, -195.71414],
							"lerp_mode": "catmullrom"
						},
						"0.5417": {
							"post": [99.20145, -9.59106, -230.82169],
							"lerp_mode": "catmullrom"
						},
						"0.6875": {
							"post": [100.71514, -7.85639, -240.78454],
							"lerp_mode": "catmullrom"
						},
						"0.8542": {
							"post": [108.33444, -10.35717, -225.79808],
							"lerp_mode": "catmullrom"
						},
						"1.0417": {
							"post": [108.51916, -13.41349, -215.79812],
							"lerp_mode": "catmullrom"
						},
						"1.25": [135.88071, -11.90511, -213.16031],
						"1.3542": [135.88071, -11.90511, -213.16031],
						"1.5208": {
							"pre": [146.3639, -7.7531, -215.98833],
							"post": [146.3639, -7.7531, -215.98833],
							"lerp_mode": "catmullrom"
						},
						"1.625": {
							"post": [151.50341, -5.55736, -217.19181],
							"lerp_mode": "catmullrom"
						},
						"1.7708": {
							"post": [135.00341, -5.55736, -217.19181],
							"lerp_mode": "catmullrom"
						},
						"1.8125": {
							"post": [117.50341, -5.55736, -217.19181],
							"lerp_mode": "catmullrom"
						},
						"2.1042": {
							"post": [117.50341, -5.55736, -217.19181],
							"lerp_mode": "catmullrom"
						},
						"2.1875": {
							"post": [121.04998, -9.44354, -210.37687],
							"lerp_mode": "catmullrom"
						},
						"2.2917": {
							"post": [127.78251, -2.50244, -221.16031],
							"lerp_mode": "catmullrom"
						},
						"2.375": {
							"post": [127.78251, -2.50244, -221.16031],
							"lerp_mode": "catmullrom"
						},
						"2.6875": {
							"post": [126.12803, -4.04533, -206.67155],
							"lerp_mode": "catmullrom"
						},
						"3.0208": [126.90585, -18.96403, -206.03095],
						"3.1667": [126.91, -18.96, -206.03]
					},
					"position": {
						"0.0": {
							"post": [7.2375, -8.2425, -10.7575],
							"lerp_mode": "catmullrom"
						},
						"0.2083": {
							"post": [8.41146, -7.21819, -6.88003],
							"lerp_mode": "catmullrom"
						},
						"0.3333": {
							"post": [8.6059, -7.09361, -7.37814],
							"lerp_mode": "catmullrom"
						},
						"0.4583": {
							"post": [8.96107, -7.79901, -8.60268],
							"lerp_mode": "catmullrom"
						},
						"0.5417": {
							"post": [13.16487, -10.4545, -8.44718],
							"lerp_mode": "catmullrom"
						},
						"0.6875": {
							"post": [13.88675, -12.79827, -5.76382],
							"lerp_mode": "catmullrom"
						},
						"0.8542": {
							"post": [13.47369, -12.0925, -5.4284],
							"lerp_mode": "catmullrom"
						},
						"1.0417": {
							"post": [12.34097, -12.02086, -4.40709],
							"lerp_mode": "catmullrom"
						},
						"1.25": [8.49005, -8.0882, -5.48141],
						"1.3542": [8.49005, -8.0882, -5.48141],
						"1.5208": {
							"pre": [8.60984, -7.23899, -7.67919],
							"post": [8.60984, -7.23899, -7.67919],
							"lerp_mode": "catmullrom"
						},
						"1.625": {
							"post": [8.41785, -6.42016, -9.12838],
							"lerp_mode": "catmullrom"
						},
						"1.7708": {
							"post": [8.30253, -6.2182, -8.33339],
							"lerp_mode": "catmullrom"
						},
						"1.8125": {
							"post": [8.43742, -6.09688, -7.4541],
							"lerp_mode": "catmullrom"
						},
						"2.1042": {
							"post": [8.43742, -6.09688, -7.4541],
							"lerp_mode": "catmullrom"
						},
						"2.1875": {
							"post": [8.77698, -5.83897, -7.16139],
							"lerp_mode": "catmullrom"
						},
						"2.2917": {
							"post": [8.16199, -5.25912, -6.67097],
							"lerp_mode": "catmullrom"
						},
						"2.375": {
							"post": [8.16199, -5.25912, -6.67097],
							"lerp_mode": "catmullrom"
						},
						"2.4792": {
							"post": [7.96611, -5.71874, -5.94969],
							"lerp_mode": "catmullrom"
						},
						"2.6042": {
							"post": [7.96611, -5.71874, -5.94969],
							"lerp_mode": "catmullrom"
						},
						"2.6875": {
							"post": [8.91497, -5.42515, -6.42048],
							"lerp_mode": "catmullrom"
						},
						"2.8958": {
							"post": [10.00955, -7.55882, -10.8811],
							"lerp_mode": "catmullrom"
						},
						"3.0208": [7.2375, -8.2425, -10.7575],
						"3.1667": [7.24, -8.24, -10.76]
					},
					"scale": [1, 1.5, 1]
				},
				"righthand": {
					"rotation": {
						"0.0": {
							"post": [135.99983, -342.51944, -184.36479],
							"lerp_mode": "catmullrom"
						},
						"0.2083": {
							"post": [83.28105, -353.48407, -175.56982],
							"lerp_mode": "catmullrom"
						},
						"2.6042": {
							"post": [83.28105, -353.48407, -175.56982],
							"lerp_mode": "catmullrom"
						},
						"2.8958": {
							"post": [135.99983, -342.51944, -184.36479],
							"lerp_mode": "catmullrom"
						}
					},
					"position": {
						"0.0": {
							"post": [-8.675, -8.05, -6.225],
							"lerp_mode": "catmullrom"
						},
						"0.2083": {
							"post": [-10.26224, -5.53037, -5.66112],
							"lerp_mode": "catmullrom"
						},
						"2.6042": {
							"post": [-10.26224, -5.53037, -5.66112],
							"lerp_mode": "catmullrom"
						},
						"2.8958": {
							"post": [-8.675, -8.05, -6.225],
							"lerp_mode": "catmullrom"
						}
					},
					"scale": [1, 1.5, 1]
				},
				"mag": {
					"rotation": {
						"0.3333": [0, 0, 0],
						"0.4583": [0, 0, 15],
						"0.4792": [0, 0, 33.25],
						"1.2292": [0, 0, 33.25],
						"1.25": {
							"pre": [0, 0, 33.25],
							"post": [0, 0, 0]
						},
						"1.3542": [0, 0, 0],
						"1.5208": [0, 0, 15],
						"1.625": [0, 0, 20],
						"1.7708": [0, 0, 0]
					},
					"position": {
						"0.3333": [0, 0, 0],
						"0.4583": [-0.875, 0.275, 0],
						"0.4792": [-1.43357, 0.39338, 0],
						"1.2292": [-1.43, 0.39, 0],
						"1.25": {
							"pre": [-1.43, 0.39, 0],
							"post": [-0.625, -2.975, 0]
						},
						"1.3542": [-0.625, -2.975, 0],
						"1.5208": [-0.88588, -0.88107, 0],
						"1.625": [-0.59236, 0.23081, 0],
						"1.7708": [0, 0, 0]
					},
					"scale": {
						"0.4583": [1, 1, 1],
						"0.4792": [0.4, 0.8, 1],
						"0.5": [0, 0, 1],
						"1.2292": [0, 0, 1],
						"1.25": {
							"pre": [0, 0, 1],
							"post": [1, 1, 1]
						},
						"1.3542": [1, 1, 1]
					}
				},
				"handle": {
					"position": {
						"2.375": [0, 0, 0],
						"2.4792": [0, -0.85, 0],
						"2.6042": [0, -0.85, 0],
						"2.6667": [0, 0, 0]
					}
				},
				"constraint": {
					"rotation": {
						"0.0": [1, 1, 1],
						"2.7917": [1, 1, 1],
						"3.1667": [0, 0, 0]
					},
					"position": {
						"0.0": [1, 1, 1],
						"2.7917": [1, 1, 1],
						"3.1667": [0, 0, 0]
					}
				},
				"camera": {
					"rotation": {
						"0.0": {
							"post": [0, 0, 0],
							"lerp_mode": "catmullrom"
						},
						"0.125": {
							"post": [0.48, 0.64, -0.48],
							"lerp_mode": "catmullrom"
						},
						"0.25": {
							"post": [0.96, 0.32, 0.16],
							"lerp_mode": "catmullrom"
						},
						"0.375": {
							"post": [0.8, 0.16, 1.12],
							"lerp_mode": "catmullrom"
						},
						"0.4792": {
							"post": [1.28, 0, -0.32],
							"lerp_mode": "catmullrom"
						},
						"0.6042": {
							"post": [2.24, 0.16, 0.48],
							"lerp_mode": "catmullrom"
						},
						"0.7917": {
							"post": [0.64, -0.48, 0.16],
							"lerp_mode": "catmullrom"
						},
						"0.9375": {
							"post": [-0.16, -0.16, -0.48],
							"lerp_mode": "catmullrom"
						},
						"1.0625": {
							"post": [-0.64, -0.48, 0.16],
							"lerp_mode": "catmullrom"
						},
						"1.3125": {
							"post": [-0.96, -0.64, -0.64],
							"lerp_mode": "catmullrom"
						},
						"1.5": {
							"post": [-0.16, -0.64, -0.32],
							"lerp_mode": "catmullrom"
						},
						"1.6667": {
							"post": [-0.48, 0.32, 0.96],
							"lerp_mode": "catmullrom"
						},
						"1.8125": {
							"post": [-1.12, 0.96, 0.48],
							"lerp_mode": "catmullrom"
						},
						"1.8958": {
							"post": [-0.64, 0.96, 0.96],
							"lerp_mode": "catmullrom"
						},
						"1.9792": {
							"post": [-0.16, 1.28, 0],
							"lerp_mode": "catmullrom"
						},
						"2.125": {
							"post": [0.48, 1.6, 0.96],
							"lerp_mode": "catmullrom"
						},
						"2.2708": {
							"post": [1.44, 0.16, 0.32],
							"lerp_mode": "catmullrom"
						},
						"2.375": {
							"post": [0.64, -0.16, -0.8],
							"lerp_mode": "catmullrom"
						},
						"2.4792": {
							"post": [0.32, -0.48, 1.12],
							"lerp_mode": "catmullrom"
						},
						"2.625": {
							"post": [0, 0.16, -0.16],
							"lerp_mode": "catmullrom"
						},
						"2.7292": {
							"post": [1.28, 0.256, 0.544],
							"lerp_mode": "catmullrom"
						},
						"2.9167": {
							"post": [1.1648, -0.32, -1.3888],
							"lerp_mode": "catmullrom"
						},
						"3.1667": {
							"post": [0, 0, 0],
							"lerp_mode": "catmullrom"
						}
					}
				}
			},
			"sound_effects": {
				"0.3125": {
					"effect": "daffas_arsenal:samula3/daffas_samula3_magout"
				},
				"1.7083": {
					"effect": "daffas_arsenal:samula3/daffas_samula3_magin"
				},
				"2.3333": {
					"effect": "daffas_arsenal:samula3/daffas_samula3_bolt"
				}
			}
		},
		"reload_tactical": {
			"animation_length": 2.625,
			"bones": {
				"root": {
					"rotation": {
						"0.0": {
							"post": [0, 0, 0],
							"lerp_mode": "catmullrom"
						},
						"0.2083": {
							"post": [-58.97491, -37.15276, -32.04446],
							"lerp_mode": "catmullrom"
						},
						"0.4583": {
							"post": [-58.97491, -37.15276, -19.29446],
							"lerp_mode": "catmullrom"
						},
						"0.5417": {
							"post": [-54.60521, -26.2694, -19.51703],
							"lerp_mode": "catmullrom"
						},
						"0.6875": {
							"post": [-52.92017, -37.18365, -28.38505],
							"lerp_mode": "catmullrom"
						},
						"0.8542": {
							"post": [-41.80677, -35.53585, -26.0512],
							"lerp_mode": "catmullrom"
						},
						"1.0417": {
							"post": [-40.29636, -32.84982, -22.06822],
							"lerp_mode": "catmullrom"
						},
						"1.25": {
							"post": [-36.28124, -29.15843, -13.20345],
							"lerp_mode": "catmullrom"
						},
						"1.3542": {
							"post": [-36.8639, -27.65986, -10.92824],
							"lerp_mode": "catmullrom"
						},
						"1.5208": {
							"post": [-32.53124, -29.15843, -4.70345],
							"lerp_mode": "catmullrom"
						},
						"1.625": {
							"post": [-32.53124, -29.15843, -1.45345],
							"lerp_mode": "catmullrom"
						},
						"1.7708": {
							"post": [-33.24257, -25.08518, -11.06521],
							"lerp_mode": "catmullrom"
						},
						"1.8125": {
							"post": [-43.73206, -18.21133, -10.29926],
							"lerp_mode": "catmullrom"
						},
						"1.8958": {
							"post": [-43.73206, -18.21133, -6.79926],
							"lerp_mode": "catmullrom"
						},
						"2.1042": {
							"post": [-43.73206, -18.21133, -4.04926],
							"lerp_mode": "catmullrom"
						},
						"2.25": {
							"post": [-22.97, -11.72, -3.32],
							"lerp_mode": "catmullrom"
						},
						"2.3542": {
							"post": [-9.71182, -10.05035, 9.9675],
							"lerp_mode": "catmullrom"
						},
						"2.4792": {
							"post": [2.74331, -0.19176, 3.99541],
							"lerp_mode": "catmullrom"
						},
						"2.625": {
							"post": [0, 0, 0],
							"lerp_mode": "catmullrom"
						}
					},
					"position": {
						"0.0": {
							"post": [0, 0, 0],
							"lerp_mode": "catmullrom"
						},
						"0.2083": {
							"post": [1.275, 2.725, 3.525],
							"lerp_mode": "catmullrom"
						},
						"0.4583": {
							"post": [1.1, 2.33, 3.53],
							"lerp_mode": "catmullrom"
						},
						"0.5417": {
							"post": [-0.225, 2.33, 3.53],
							"lerp_mode": "catmullrom"
						},
						"0.6875": {
							"post": [0.38, 2.705, 3.53],
							"lerp_mode": "catmullrom"
						},
						"1.0417": {
							"post": [0.755, 1.135, 3.53],
							"lerp_mode": "catmullrom"
						},
						"1.25": {
							"post": [1.305, 1.585, 3.53],
							"lerp_mode": "catmullrom"
						},
						"1.3542": {
							"post": [1.405, 1.385, 3.53],
							"lerp_mode": "catmullrom"
						},
						"1.5208": {
							"post": [1.36, 1.14, 3.63],
							"lerp_mode": "catmullrom"
						},
						"1.625": {
							"post": [0.835, 1.14, 3.955],
							"lerp_mode": "catmullrom"
						},
						"1.7708": {
							"post": [1.14, 1.04, 3.96],
							"lerp_mode": "catmullrom"
						},
						"1.8125": {
							"post": [1.54, 0.99, 3.81],
							"lerp_mode": "catmullrom"
						},
						"1.8958": {
							"post": [1.715, 0.79, 3.81],
							"lerp_mode": "catmullrom"
						},
						"2.1042": {
							"post": [1.515, 0.765, 3.81],
							"lerp_mode": "catmullrom"
						},
						"2.25": {
							"post": [0.99, 1.94, 2.57],
							"lerp_mode": "catmullrom"
						},
						"2.3542": {
							"post": [0.69, 1.44, 1.735],
							"lerp_mode": "catmullrom"
						},
						"2.4792": {
							"post": [0.15, -0.2, 0],
							"lerp_mode": "catmullrom"
						},
						"2.625": {
							"post": [0, 0, 0],
							"lerp_mode": "catmullrom"
						}
					}
				},
				"lefthand": {
					"rotation": {
						"0.0": [126.90585, -18.96403, -206.03095],
						"0.2083": [88.91348, -20.11063, -182.43351],
						"0.3333": [104.94508, -18.01561, -191.69591],
						"0.4583": [121.8603, -15.67828, -195.71414],
						"0.5417": [99.20145, -9.59106, -230.82169],
						"0.6875": [100.71514, -7.85639, -240.78454],
						"0.8542": [108.33444, -10.35717, -225.79808],
						"1.0417": [108.51916, -13.41349, -215.79812],
						"1.25": [135.88071, -11.90511, -213.16031],
						"1.3542": [135.88071, -11.90511, -213.16031],
						"1.5208": [146.3639, -7.7531, -215.98833],
						"1.625": [151.50341, -5.55736, -217.19181],
						"1.7708": [135.00341, -5.55736, -217.19181],
						"1.8125": [117.50341, -5.55736, -217.19181],
						"2.1042": [117.50341, -5.55736, -217.19181],
						"2.25": [126.37, -8.71, -206.47],
						"2.4792": [126.90585, -18.96403, -206.03095],
						"2.625": [126.91, -18.96, -206.03]
					},
					"position": {
						"0.0": [7.2375, -8.2425, -10.7575],
						"0.2083": [8.41146, -7.21819, -6.88003],
						"0.3333": [8.6059, -7.09361, -7.37814],
						"0.4583": [8.96107, -7.79901, -8.60268],
						"0.5417": [13.16487, -10.4545, -8.44718],
						"0.6875": [13.88675, -12.79827, -5.76382],
						"0.8542": [13.47369, -12.0925, -5.4284],
						"1.0417": [12.34097, -12.02086, -4.40709],
						"1.25": [8.49005, -8.0882, -5.48141],
						"1.3542": [8.49005, -8.0882, -5.48141],
						"1.5208": [8.60984, -7.23899, -7.67919],
						"1.625": [8.41785, -6.42016, -9.12838],
						"1.7708": [8.30253, -6.2182, -8.33339],
						"1.8125": [8.43742, -6.09688, -7.4541],
						"2.1042": [8.43742, -6.09688, -7.4541],
						"2.25": [9.46, -6.49, -8.65],
						"2.3542": [10.00955, -7.55882, -10.8811],
						"2.4792": [7.2375, -8.2425, -10.7575],
						"2.625": [7.24, -8.24, -10.76]
					},
					"scale": {
						"0.0": [1, 1.5, 1],
						"2.1042": [1, 1.5, 1],
						"2.25": [1, 1.5, 1]
					}
				},
				"righthand": {
					"rotation": {
						"0.0": {
							"post": [135.99983, -342.51944, -184.36479],
							"lerp_mode": "catmullrom"
						},
						"0.2083": {
							"post": [83.28105, -353.48407, -175.56982],
							"lerp_mode": "catmullrom"
						},
						"2.1042": {
							"post": [78.93, -354.39, -174.84],
							"lerp_mode": "catmullrom"
						},
						"2.25": {
							"post": [119.08, -346.04, -181.54],
							"lerp_mode": "catmullrom"
						},
						"2.3542": {
							"post": [135.99983, -342.51944, -184.36479],
							"lerp_mode": "catmullrom"
						}
					},
					"position": {
						"0.0": {
							"post": [-8.675, -8.05, -6.225],
							"lerp_mode": "catmullrom"
						},
						"0.2083": {
							"post": [-10.26224, -5.53037, -5.66112],
							"lerp_mode": "catmullrom"
						},
						"2.1042": {
							"post": [-10.39, -5.32, -5.61],
							"lerp_mode": "catmullrom"
						},
						"2.25": {
							"post": [-9.18, -7.24, -6.04],
							"lerp_mode": "catmullrom"
						},
						"2.3542": {
							"post": [-8.675, -8.05, -6.225],
							"lerp_mode": "catmullrom"
						}
					},
					"scale": {
						"0.0": [1, 1.5, 1],
						"2.1042": [1, 1.5, 1],
						"2.25": [1, 1.5, 1]
					}
				},
				"mag": {
					"rotation": {
						"0.3333": [0, 0, 0],
						"0.4583": [0, 0, 15],
						"0.4792": [0, 0, 33.25],
						"1.2292": [0, 0, 33.25],
						"1.25": {
							"pre": [0, 0, 33.25],
							"post": [0, 0, 0]
						},
						"1.3542": [0, 0, 0],
						"1.5208": [0, 0, 15],
						"1.625": [0, 0, 20],
						"1.7708": [0, 0, 0],
						"2.1042": [0, 0, 0],
						"2.25": [0, 0, 0]
					},
					"position": {
						"0.3333": [0, 0, 0],
						"0.4583": [-0.875, 0.275, 0],
						"0.4792": [-1.43357, 0.39338, 0],
						"1.2292": [-1.43, 0.39, 0],
						"1.25": {
							"pre": [-1.43, 0.39, 0],
							"post": [-0.625, -2.975, 0]
						},
						"1.3542": [-0.625, -2.975, 0],
						"1.5208": [-0.88588, -0.88107, 0],
						"1.625": [-0.59236, 0.23081, 0],
						"1.7708": [0, 0, 0],
						"2.1042": [0, 0, 0],
						"2.25": [0, 0, 0]
					},
					"scale": {
						"0.4583": [1, 1, 1],
						"0.4792": [0.4, 0.8, 1],
						"0.5": [0, 0, 1],
						"1.2292": [0, 0, 1],
						"1.25": {
							"pre": [0, 0, 1],
							"post": [1, 1, 1]
						},
						"1.3542": [1, 1, 1],
						"2.1042": [1, 1, 1],
						"2.25": [1, 1, 1]
					}
				},
				"handle": {
					"position": {
						"2.1042": [0, 0, 0],
						"2.25": [0, 0, 0]
					}
				},
				"constraint": {
					"rotation": {
						"0.0": [1, 1, 1],
						"2.25": [1, 1, 1],
						"2.625": [0, 0, 0]
					},
					"position": {
						"0.0": [1, 1, 1],
						"2.25": [1, 1, 1],
						"2.625": [0, 0, 0]
					}
				},
				"camera": {
					"rotation": {
						"0.0": {
							"post": [0, 0, 0],
							"lerp_mode": "catmullrom"
						},
						"0.125": {
							"post": [0.48, 0.64, -0.48],
							"lerp_mode": "catmullrom"
						},
						"0.25": {
							"post": [0.96, 0.32, 0.16],
							"lerp_mode": "catmullrom"
						},
						"0.375": {
							"post": [0.8, 0.16, 1.12],
							"lerp_mode": "catmullrom"
						},
						"0.4792": {
							"post": [1.28, 0, -0.32],
							"lerp_mode": "catmullrom"
						},
						"0.6042": {
							"post": [2.24, 0.16, 0.48],
							"lerp_mode": "catmullrom"
						},
						"0.7917": {
							"post": [0.64, -0.48, 0.16],
							"lerp_mode": "catmullrom"
						},
						"0.9375": {
							"post": [-0.16, -0.16, -0.48],
							"lerp_mode": "catmullrom"
						},
						"1.0625": {
							"post": [-0.64, -0.48, 0.16],
							"lerp_mode": "catmullrom"
						},
						"1.3125": {
							"post": [-0.96, -0.64, -0.64],
							"lerp_mode": "catmullrom"
						},
						"1.5": {
							"post": [-0.16, -0.64, -0.32],
							"lerp_mode": "catmullrom"
						},
						"1.6667": {
							"post": [-0.48, 0.32, 0.96],
							"lerp_mode": "catmullrom"
						},
						"1.8125": {
							"post": [-1.12, 0.96, 0.48],
							"lerp_mode": "catmullrom"
						},
						"1.8958": {
							"post": [-0.64, 0.96, 0.96],
							"lerp_mode": "catmullrom"
						},
						"1.9792": {
							"post": [-0.16, 1.28, 0],
							"lerp_mode": "catmullrom"
						},
						"2.2292": {
							"post": [0.48, 1.6, 0.96],
							"lerp_mode": "catmullrom"
						},
						"2.375": {
							"post": [1.28, 0.256, 0.544],
							"lerp_mode": "catmullrom"
						},
						"2.625": {
							"post": [0, 0, 0],
							"lerp_mode": "catmullrom"
						}
					}
				}
			},
			"sound_effects": {
				"0.3125": {
					"effect": "daffas_arsenal:samula3/daffas_samula3_magout"
				},
				"1.7083": {
					"effect": "daffas_arsenal:samula3/daffas_samula3_magin"
				}
			}
		},
		"put_away": {
			"loop": "hold_on_last_frame",
			"animation_length": 1,
			"bones": {
				"root": {
					"rotation": {
						"0.0": {
							"post": [0, 0, 0],
							"lerp_mode": "catmullrom"
						},
						"0.1458": {
							"post": [-52.65287, -30.11191, -37.72871],
							"lerp_mode": "catmullrom"
						},
						"0.2708": {
							"post": [-52.65287, -30.11191, -31.72871],
							"lerp_mode": "catmullrom"
						},
						"0.3333": {
							"post": [-52.65287, -30.11191, -36.22871],
							"lerp_mode": "catmullrom"
						},
						"0.5": {
							"post": [-52.65287, -30.11191, -43.47871],
							"lerp_mode": "catmullrom"
						},
						"0.6458": {
							"post": [-56.06698, -19.93506, -0.44993],
							"lerp_mode": "catmullrom"
						},
						"0.7292": {
							"post": [-58.29603, -3.07399, 35.57282],
							"lerp_mode": "catmullrom"
						},
						"0.8542": {
							"post": [-58.29603, -3.07399, 78.07282],
							"lerp_mode": "catmullrom"
						}
					},
					"position": {
						"0.0": {
							"post": [0, 0, 0],
							"lerp_mode": "catmullrom"
						},
						"0.1458": {
							"post": [0.175, 1.525, 0],
							"lerp_mode": "catmullrom"
						},
						"0.2708": {
							"post": [0.105, 1.805, 0],
							"lerp_mode": "catmullrom"
						},
						"0.3333": {
							"post": [-0.07, 0.93, 0],
							"lerp_mode": "catmullrom"
						},
						"0.5": {
							"post": [-0.69, 1.605, 0],
							"lerp_mode": "catmullrom"
						},
						"0.6458": {
							"post": [1.61, -0.665, 0],
							"lerp_mode": "catmullrom"
						},
						"0.7292": {
							"post": [3.135, -3.335, 0.825],
							"lerp_mode": "catmullrom"
						},
						"0.8542": {
							"post": [6.585, -12.56, 0.825],
							"lerp_mode": "catmullrom"
						}
					}
				},
				"lefthand": {
					"rotation": {
						"0.0": [126.90585, -18.96403, -206.03095],
						"0.1458": [87.5, -27.5, -180.15],
						"0.2708": [69.44, -28.45, -170.37]
					},
					"position": {
						"0.0": [7.2375, -8.2425, -10.7575],
						"0.1458": [6.68607, -10.27107, -0.72925],
						"0.2083": [6.16706, -14.18114, 6.96984],
						"0.2708": [10.09537, -16.47117, 7.3111],
						"0.4375": [8.60018, -24.79286, 22.904]
					},
					"scale": [1, 1.5, 1]
				},
				"righthand": {
					"rotation": {
						"0.0": {
							"post": [135.99983, -342.51944, -184.36479],
							"lerp_mode": "catmullrom"
						},
						"0.1458": {
							"post": [62.49983, -342.51944, -184.36479],
							"lerp_mode": "catmullrom"
						},
						"0.2708": {
							"post": [72.73647, -340.30911, -177.35645],
							"lerp_mode": "catmullrom"
						},
						"0.3333": {
							"post": [77.21548, -344.59145, -164.76961],
							"lerp_mode": "catmullrom"
						},
						"0.4375": {
							"post": [77.21548, -344.59145, -164.76961],
							"lerp_mode": "catmullrom"
						},
						"0.6458": {
							"post": [74.21439, -347.68838, -177.24629],
							"lerp_mode": "catmullrom"
						}
					},
					"position": {
						"0.0": {
							"post": [-8.675, -8.05, -6.225],
							"lerp_mode": "catmullrom"
						},
						"0.1458": {
							"post": [-10.38732, -3.80632, -8.10251],
							"lerp_mode": "catmullrom"
						},
						"0.2708": {
							"post": [-10.38732, -3.80632, -8.10251],
							"lerp_mode": "catmullrom"
						},
						"0.3333": {
							"post": [-10.31331, -3.77195, -8.22317],
							"lerp_mode": "catmullrom"
						},
						"0.4375": {
							"post": [-10.31331, -3.77195, -8.22317],
							"lerp_mode": "catmullrom"
						},
						"0.6458": {
							"post": [-10.38041, -3.98901, -7.87459],
							"lerp_mode": "catmullrom"
						}
					},
					"scale": [1, 1.5, 1]
				},
				"gunapp_illuminated": {
					"position": {
						"0.3333": [0, 0, 0],
						"0.3542": [0, 0, 0.3]
					}
				},
				"camera": {
					"rotation": {
						"0.0": {
							"post": [0, 0, 0],
							"lerp_mode": "catmullrom"
						},
						"0.2083": {
							"post": [0.75, 1, 0.5],
							"lerp_mode": "catmullrom"
						},
						"0.2917": {
							"post": [0.25, 0.75, -0.25],
							"lerp_mode": "catmullrom"
						},
						"0.3333": {
							"post": [-0.25, 0.25, 0.25],
							"lerp_mode": "catmullrom"
						},
						"0.4792": {
							"post": [0, 0, 0],
							"lerp_mode": "catmullrom"
						},
						"0.6042": {
							"post": [-0.5, -0.25, 1],
							"lerp_mode": "catmullrom"
						},
						"0.75": {
							"post": [1.355, -0.35, -1.63],
							"lerp_mode": "catmullrom"
						},
						"0.875": {
							"post": [0.98, -0.23, 0.54],
							"lerp_mode": "catmullrom"
						},
						"1.0": {
							"post": [0, 0, 0],
							"lerp_mode": "catmullrom"
						}
					}
				},
				"constraint": {
					"rotation": {
						"0.0": [1, 1, 1],
						"1.0": [1, 1, 1]
					},
					"position": {
						"0.0": [1, 1, 1],
						"1.0": [1, 1, 1]
					}
				}
			},
			"sound_effects": {
				"0.0": {
					"effect": "daffas_arsenal:hk416/daffas_hk416_cloth3"
				},
				"0.25": {
					"effect": "daffas_arsenal:sg550/daffas_sg550_maginn"
				}
			}
		},
		"shoot": {
			"animation_length": 2,
			"bones": {
				"root": {
					"rotation": {
						"0.0": {
							"post": [0, 0, 0],
							"lerp_mode": "catmullrom"
						},
						"0.0833": {
							"post": [0.04481, 0.74271, 1.67504],
							"lerp_mode": "catmullrom"
						},
						"0.1667": {
							"post": [0.83778, 0.53997, -0.07715],
							"lerp_mode": "catmullrom"
						},
						"0.2708": {
							"post": [0, 0, 0],
							"lerp_mode": "catmullrom"
						}
					},
					"position": {
						"0.0": {
							"post": [0, 0, 0],
							"lerp_mode": "catmullrom"
						},
						"0.0417": {
							"post": [0.02, -0.04, 1.55],
							"lerp_mode": "catmullrom"
						},
						"0.0833": {
							"post": [0.05, -0.125, 1],
							"lerp_mode": "catmullrom"
						},
						"0.1667": {
							"post": [-0.05, -0.075, 0],
							"lerp_mode": "catmullrom"
						},
						"0.2708": {
							"post": [0, 0, 0],
							"lerp_mode": "catmullrom"
						}
					}
				},
				"muzzleflash": {
					"position": {
						"0.0": [0, 0, 0],
						"0.0208": [0, 0, -0.05],
						"0.0417": [0, 0, 0]
					}
				},
				"gun": {
					"rotation": {
						"0.0": [0, 0, 0],
						"0.0208": [0, 0, 1.775],
						"0.0625": [0, 0, -1],
						"0.1667": [0, 0, 0]
					},
					"position": {
						"0.0": [0, 0, 0],
						"0.0208": [0, -0.3, 0],
						"0.0833": [0, 0.025, 0],
						"0.1667": [0, 0, 0]
					}
				},
				"camera": {
					"rotation": {
						"0.0": [-0.15, 0.13, -0.03],
						"0.0208": [0.03813, 0.205, -0.275],
						"0.0417": [-0.14716, 0.145, -0.02556],
						"0.0625": [-0.06681, 0.24, -0.31111],
						"0.0833": [-0.04611, 0.09, 0.25778],
						"0.1042": [-0.14576, 0.055, 0.40222],
						"0.1458": [-0.36437, 0.065, 0.47],
						"0.1667": [-0.385, 0.05, 0.19503],
						"0.2708": [-0.45812, 0.01062, -0.63],
						"0.3333": [-0.37111, -0.02, -0.51334],
						"0.4583": [-0.35125, 0.02813, -0.33],
						"0.5": [-0.245, 0.05, -0.18938],
						"0.6042": [-0.03875, 0.09812, 0.12687],
						"0.6667": [-0.04381, 0.12, 0.08238],
						"0.8333": [0.01, 0.08, -0.05],
						"1.0": [-0.05769, 0.03, 0.00077],
						"1.1042": [-0.05, 0.02375, 0.02625],
						"1.1667": [-0.02, 0.02, 0.03],
						"1.3333": [0.05, 0.02, 0.03],
						"1.5": [0.02, 0, 0.02],
						"1.6667": [-0.03, -0.02, 0.01],
						"1.8333": [-0.02, -0.01, 0],
						"2.0": [0, 0, 0]
					}
				},
				"constraint": {
					"rotation": {
						"0.0": {
							"post": [0.1, 0.1, 0.1],
							"lerp_mode": "catmullrom"
						},
						"0.2708": {
							"post": [0.1, 0.1, 0.1],
							"lerp_mode": "catmullrom"
						},
						"0.4167": {
							"post": [0, 0, 0],
							"lerp_mode": "catmullrom"
						}
					},
					"position": {
						"0.0": {
							"post": [0.1, 0.1, 0.5],
							"lerp_mode": "catmullrom"
						},
						"0.2708": {
							"post": [0.1, 0.1, 0.5],
							"lerp_mode": "catmullrom"
						},
						"0.4167": {
							"post": [0, 0, 0],
							"lerp_mode": "catmullrom"
						}
					}
				}
			}
		},
		"melee_stock": {
			"animation_length": 1,
			"bones": {
				"root": {
					"rotation": {
						"0.0": [-40, 80, 0],
						"0.0625": [-28.83752, 14.50314, -14.97831],
						"0.1042": [-4.9006, -20.86285, -3.98819],
						"0.5208": [5, -162, 29],
						"0.5417": [20.49833, -16.86191, 12.87131],
						"0.5625": [18.19, -15.2, 11.42],
						"0.7083": {
							"pre": [2.01, -3.58, 1.27],
							"post": [2.01, -3.58, 1.27],
							"lerp_mode": "catmullrom"
						},
						"0.8125": {
							"post": [-1.35267, -1.1649, -0.83425],
							"lerp_mode": "catmullrom"
						},
						"1.0": {
							"post": [0, 0, 0],
							"lerp_mode": "catmullrom"
						}
					},
					"position": {
						"0.0": [-19.5, 5, 0],
						"0.1042": [3.905, -0.37, -3],
						"0.4583": [20.41, -15.37, 6],
						"0.5208": [20.41, -35.37, 6],
						"0.5417": [0.925, -4.475, 4.4],
						"0.5625": [0.84, -3.98, 3.93],
						"0.7083": {
							"pre": [0.27, -0.5, 0.68],
							"post": [0.27, -0.5, 0.68],
							"lerp_mode": "catmullrom"
						},
						"0.8125": {
							"post": [0.15, 0.225, 0],
							"lerp_mode": "catmullrom"
						},
						"1.0": {
							"post": [0, 0, 0],
							"lerp_mode": "catmullrom"
						}
					}
				},
				"lefthand": {
					"scale": {
						"0.0": [0, 0, 0],
						"0.5208": [0, 0, 0],
						"0.5417": [1, 1.5, 1]
					}
				},
				"camera": {
					"rotation": {
						"0.0": {
							"post": [0, 0, 0],
							"lerp_mode": "catmullrom"
						},
						"0.1042": {
							"post": [0.15, -0.75, 1.5],
							"lerp_mode": "catmullrom"
						},
						"0.1667": {
							"post": [0.57, -4.62, 2.05],
							"lerp_mode": "catmullrom"
						},
						"0.25": {
							"post": [1.3, -3.025, -1.5],
							"lerp_mode": "catmullrom"
						},
						"0.4375": {
							"post": [2.55, -4.345, -0.225],
							"lerp_mode": "catmullrom"
						},
						"0.7292": {
							"post": [1.225, -0.65, 0.925],
							"lerp_mode": "catmullrom"
						},
						"1.0": {
							"post": [0, 0, 0],
							"lerp_mode": "catmullrom"
						}
					}
				}
			}
		},
		"slide_back": {
			"loop": true,
			"animation_length": 0.85,
			"bones": {
				"constraint": {
					"rotation": {
						"0.0": [0.01, 0.01, 0.01],
						"0.15": [0.001, 0.001, 0.001]
					},
					"position": [0.01, 0.01, 0.01]
				},
				"root": {
					"rotation": {
						"0.0": [0, 0, 12.94],
						"0.0833": {
							"pre": [-2.65, 0.08, 13.6375],
							"post": [-2.65, 0.08, 13.6375],
							"lerp_mode": "catmullrom"
						},
						"0.1833": {
							"post": [-2.75, -3.1875, 5.25],
							"lerp_mode": "catmullrom"
						},
						"0.3333": [0, -0.6575, -1.62],
						"0.4333": [0, 0, 0]
					},
					"position": {
						"0.0": [-0.5, -0.5625, -0.75],
						"0.0833": {
							"pre": [-0.3075, -0.4375, -0.625],
							"post": [-0.3075, -0.4375, -0.625],
							"lerp_mode": "catmullrom"
						},
						"0.1667": {
							"post": [-0.1575, -0.6175, -0.3125],
							"lerp_mode": "catmullrom"
						},
						"0.3": [0.005, -0.0625, 0.0625],
						"0.3833": [0, 0, 0]
					}
				}
			}
		},
		"slide_idle": {
			"loop": true,
			"animation_length": 0.9333,
			"bones": {
				"constraint": {
					"rotation": [0.01, 0.01, 0.01],
					"position": [0.01, 0.01, 0.01]
				},
				"root": {
					"rotation": [0, 0, 12.94],
					"position": [-0.5, -0.5625, -0.75]
				},
				"camera": {
					"rotation": {
						"0.0": {
							"post": [0, 0, 0],
							"lerp_mode": "catmullrom"
						}
					}
				}
			}
		},
		"slide": {
			"loop": true,
			"animation_length": 0.75,
			"bones": {
				"constraint": {
					"rotation": [0.01, 0.01, 0.01],
					"position": [0.01, 0.01, 0.01]
				},
				"root": {
					"rotation": {
						"0.0": [0, 0, 0.01],
						"0.1333": {
							"pre": [-0.51, 0.67, 7.74],
							"post": [-0.51, 0.67, 7.74],
							"lerp_mode": "catmullrom"
						},
						"0.2833": [1.06, 0.24, 13.77],
						"0.3833": [0, 0, 12.94]
					},
					"position": {
						"0.0": [0, 0, 0],
						"0.1167": {
							"pre": [-0.595, -0.375, -0.5625],
							"post": [-0.595, -0.375, -0.5625],
							"lerp_mode": "catmullrom"
						},
						"0.1833": [-0.695, -0.6525, -0.7],
						"0.35": [-0.5, -0.5625, -0.75]
					}
				}
			}
		},
		"run_start(unused)": {
			"animation_length": 0.1667,
			"bones": {
				"root": {
					"rotation": {
						"0.0": [0, 0, 0],
						"0.1667": [-66.81, -24.31, -29.75]
					},
					"position": {
						"0.0": [0, 0, 0],
						"0.1667": [-0.45, -0.29, 2.53]
					}
				},
				"lefthand": {
					"rotation": {
						"0.0": [0, 0, 0],
						"0.1667": [-107.28, -8.7, 30.26]
					},
					"position": {
						"0.0": [0, 0, 0],
						"0.1667": [10.31, -2.55, 22.25]
					}
				},
				"righthand": {
					"rotation": {
						"0.0": [0, 0, 0],
						"0.1667": [-85, 0, 0]
					},
					"position": {
						"0.0": [0, 0, 0],
						"0.1667": [-1.37, 2.6, 0]
					}
				},
				"constraint": {
					"rotation": [1, 1, 1],
					"position": [1, 1, 1]
				}
			}
		},
		"run(unused)": {
			"loop": true,
			"animation_length": 1,
			"bones": {
				"root": {
					"rotation": {
						"0.0": [-66.81, -24.31, -29.75],
						"0.0833": [-66.41, -22.5, -29.75],
						"0.1875": [-66.81, -19.36, -29.75],
						"0.3125": [-67.91, -15.74, -29.75],
						"0.375": [-69.41, -12.6, -29.75],
						"0.4583": [-70.91, -10.79, -29.75],
						"0.5417": [-72.01, -10.79, -29.75],
						"0.6458": [-72.41, -12.6, -29.75],
						"0.7083": [-72.18, -14.89, -29.75],
						"0.8125": [-70.91, -19.36, -29.75],
						"0.875": [-69.41, -22.5, -29.75],
						"0.9375": [-67.91, -24.31, -29.75],
						"1.0": [-66.81, -24.31, -29.75]
					},
					"position": {
						"0.0": [-0.45, -0.29, 2.53],
						"0.0833": [-0.95, 0.57, 2.53],
						"0.1875": [-1.45, 1.44, 2.53],
						"0.3125": [-1.82, 1.44, 2.53],
						"0.375": [-1.95, 0.58, 2.53],
						"0.4583": [-1.82, -0.29, 2.53],
						"0.5417": [-1.45, -0.29, 2.53],
						"0.6458": [-0.95, 0.57, 2.53],
						"0.7083": [-0.57, 1.28, 2.53],
						"0.8125": [-0.08, 1.44, 2.53],
						"0.875": [0.05, 0.58, 2.53],
						"0.9375": [-0.08, -0.29, 2.53],
						"1.0": [-0.45, -0.29, 2.53]
					}
				},
				"lefthand": {
					"rotation": {
						"0.0": [-107.28, -8.7, 30.26],
						"0.0625": [-92.49, -6.13, 23.8],
						"0.1667": [-51.34, -0.74, 5.94],
						"0.25": [-40.27, -0.15, 1.19],
						"0.3125": [-37.5, 0, 0],
						"0.3542": [-37.93, -0.68, 0.23],
						"0.4792": [-79.8, -14.88, 18.97],
						"0.5833": [-111.81, -22.91, 33.12],
						"0.625": [-117.83, -23.23, 35.7],
						"0.7708": [-132.92, -18.59, 41.82],
						"0.8958": [-129.33, -12.76, 39.9],
						"0.9167": [-127, -12.13, 38.88],
						"1.0": [-107.28, -8.7, 30.26]
					},
					"position": {
						"0.0": [10.31, -2.55, 22.25],
						"0.0625": [9.7, -2.7, 20.01],
						"0.1667": [7.97, -3.72, 13.31],
						"0.25": [7.49, -4.3, 11.28],
						"0.3125": [7.37, -4.44, 10.77],
						"0.3542": [7.92411, -4.22625, 11.08219],
						"0.4792": [8.96, -6.64, 15.14],
						"0.5833": [10.23, -7.18, 19.32],
						"0.625": [10.49, -6.87, 20.43],
						"0.7708": [11.26, -4.19, 24.66],
						"0.8958": [11.21, -2.41, 25.52],
						"0.9167": [11.12, -2.36, 25.23],
						"1.0": [10.31, -2.55, 22.25]
					}
				},
				"righthand": {
					"rotation": {
						"0.0": [-85, 0, 0],
						"0.3125": [-85, 0, 0],
						"1.0": [-85, 0, 0]
					},
					"position": {
						"0.0": [-1.37, 2.6, 0],
						"0.3125": [-1.375, 2.6, 0],
						"1.0": [-1.37, 2.6, 0]
					}
				},
				"constraint": {
					"rotation": [1, 1, 1],
					"position": [1, 1, 1]
				}
			}
		},
		"run_hold(unused)": {
			"loop": "hold_on_last_frame",
			"animation_length": 1000,
			"bones": {
				"root": {
					"rotation": {
						"0.0": {
							"post": [-66.81, -24.31, -29.75],
							"lerp_mode": "catmullrom"
						},
						"0.1458": {
							"post": [-89.45032, -3.61342, -1.07452],
							"lerp_mode": "catmullrom"
						},
						"0.3333": {
							"post": [-82.89818, -8.23904, -13.37974],
							"lerp_mode": "catmullrom"
						},
						"0.6042": {
							"post": [-89.2202, -10.7182, -13.87042],
							"lerp_mode": "catmullrom"
						},
						"0.9583": {
							"post": [-87.25293, -11.96087, -8.77702],
							"lerp_mode": "catmullrom"
						},
						"1.25": {
							"post": [-85.07863, -12.68837, -8.22384],
							"lerp_mode": "catmullrom"
						},
						"1000.0": [-76.72, -81.91, -29.5]
					},
					"position": {
						"0.0": {
							"post": [-0.45, -0.29, 2.53],
							"lerp_mode": "catmullrom"
						},
						"0.0625": {
							"post": [-1.13, -1.99, 2.535],
							"lerp_mode": "catmullrom"
						},
						"0.1667": {
							"post": [-0.85, 0.405, 2.535],
							"lerp_mode": "catmullrom"
						},
						"0.3333": {
							"post": [-1.3, 1.63, 2.535],
							"lerp_mode": "catmullrom"
						},
						"0.6042": {
							"post": [-1.7, 1.71, 2.535],
							"lerp_mode": "catmullrom"
						},
						"1.25": {
							"post": [-1.9, 0.73, 2.535],
							"lerp_mode": "catmullrom"
						},
						"1000.0": [3.6, -2.22, 2.56]
					}
				},
				"camera": {
					"rotation": {
						"0.0": {
							"post": [0, 0, 0],
							"lerp_mode": "catmullrom"
						},
						"0.0625": {
							"post": [0.38, 0, -0.09],
							"lerp_mode": "catmullrom"
						},
						"0.125": {
							"post": [-0.05, 0, -0.76],
							"lerp_mode": "catmullrom"
						},
						"0.2292": {
							"post": [-0.27, 0, -0.26],
							"lerp_mode": "catmullrom"
						},
						"0.3125": {
							"post": [-0.14, 0, -0.1],
							"lerp_mode": "catmullrom"
						},
						"0.4792": {
							"post": [0, 0, 0],
							"lerp_mode": "catmullrom"
						},
						"1000.0": [0, 0, 0]
					}
				},
				"lefthand": {
					"rotation": [-107.28, -8.7, 30.26],
					"position": [10.31, -2.55, 22.25]
				},
				"righthand": {
					"rotation": [-85, 0, 0],
					"position": [-1.37, 2.6, 0]
				},
				"constraint": {
					"rotation": [1, 1, 1],
					"position": [1, 1, 1]
				}
			}
		},
		"run_start": {
			"animation_length": 0.1667,
			"bones": {
				"root": {
					"rotation": {
						"0.0": [0, 0, 0],
						"0.1667": [-58.46, -21.27, -26.03]
					},
					"position": {
						"0.0": [0, 0, 0],
						"0.1667": [-0.39, -0.25, 2.21]
					}
				},
				"lefthand": {
					"rotation": {
						"0.0": [0, 0, 0],
						"0.1667": [-71.52, -5.8, 20.17]
					},
					"position": {
						"0.0": [0, 0, 0],
						"0.1667": [6.87, -1.7, 14.83]
					}
				},
				"righthand": {
					"rotation": {
						"0.0": [0, 0, 0],
						"0.1667": [-85, 0, 0]
					},
					"position": {
						"0.0": [0, 0, 0],
						"0.1667": [-1.37, 2.6, 0]
					}
				},
				"constraint": {
					"rotation": {
						"0.0": [1, 1, 1],
						"0.1667": [1, 1, 1]
					},
					"position": {
						"0.0": [1, 1, 1],
						"0.1667": [1, 1, 1]
					}
				}
			}
		},
		"run_end": {
			"animation_length": 0.5833,
			"bones": {
				"root": {
					"rotation": {
						"0.0": [-66.81, -24.31, -29.75],
						"0.1667": {
							"pre": [2.93136, -2.61224, 4.13537],
							"post": [2.93136, -2.61224, 4.13537],
							"lerp_mode": "catmullrom"
						},
						"0.3333": {
							"post": [-2.25649, -0.44088, 1.00991],
							"lerp_mode": "catmullrom"
						},
						"0.5833": [0, 0, 0]
					},
					"position": {
						"0.0": [-0.45, -0.29, 2.53],
						"0.1667": {
							"pre": [0.0875, -0.25, 0],
							"post": [0.0875, -0.25, 0],
							"lerp_mode": "catmullrom"
						},
						"0.3333": {
							"post": [-0.06, -0.45, 0],
							"lerp_mode": "catmullrom"
						},
						"0.4167": [-0.0875, 0, 0],
						"0.5833": [0, 0, 0]
					}
				},
				"lefthand": {
					"rotation": {
						"0.0": [-53.65, -4.35, 15.13],
						"0.1667": [0, 0, 0]
					},
					"position": {
						"0.0": [2.53502, -2.17454, 16.22938],
						"0.1667": [0, 0, 0]
					}
				},
				"righthand": {
					"rotation": {
						"0.0": [-85, 0, 0],
						"0.1667": [0, 0, 0]
					},
					"position": {
						"0.0": [-1.37, 2.6, 0],
						"0.1667": [0, 0, 0]
					}
				},
				"constraint": {
					"rotation": [1, 1, 1],
					"position": [1, 1, 1]
				},
				"camera": {
					"rotation": {
						"0.1667": {
							"pre": [0.03, 0, -0.14],
							"post": [0.03, 0, -0.14],
							"lerp_mode": "catmullrom"
						},
						"0.25": {
							"post": [0, 0, 0],
							"lerp_mode": "catmullrom"
						},
						"0.3333": {
							"post": [0.1, 0, 0.34],
							"lerp_mode": "catmullrom"
						},
						"0.4167": {
							"post": [0.1, 0, -0.34],
							"lerp_mode": "catmullrom"
						},
						"0.5833": [0, 0, 0]
					}
				}
			}
		},
		"run": {
			"loop": true,
			"animation_length": 1,
			"bones": {
				"root": {
					"rotation": {
						"0.0": [-66.81, -24.31, -29.75],
						"0.0833": [-66.41, -22.5, -29.75],
						"0.1875": [-66.81, -19.36, -29.75],
						"0.3125": [-67.91, -15.74, -29.75],
						"0.375": [-69.41, -12.6, -29.75],
						"0.4583": [-70.91, -10.79, -29.75],
						"0.5417": [-72.01, -10.79, -29.75],
						"0.6458": [-72.41, -12.6, -29.75],
						"0.7083": [-72.18, -14.89, -29.75],
						"0.8125": [-70.91, -19.36, -29.75],
						"0.875": [-69.41, -22.5, -29.75],
						"0.9375": [-67.91, -24.31, -29.75],
						"1.0": [-66.81, -24.31, -29.75]
					},
					"position": {
						"0.0": [-0.45, -0.29, 2.53],
						"0.0833": [-0.95, 0.57, 2.53],
						"0.1875": [-1.45, 1.44, 2.53],
						"0.3125": [-1.82, 1.44, 2.53],
						"0.375": [-1.95, 0.58, 2.53],
						"0.4583": [-1.82, -0.29, 2.53],
						"0.5417": [-1.45, -0.29, 2.53],
						"0.6458": [-0.95, 0.57, 2.53],
						"0.7083": [-0.57, 1.28, 2.53],
						"0.8125": [-0.08, 1.44, 2.53],
						"0.875": [0.05, 0.58, 2.53],
						"0.9375": [-0.08, -0.29, 2.53],
						"1.0": [-0.45, -0.29, 2.53]
					}
				},
				"lefthand": {
					"rotation": {
						"0.0": [-107.28, -8.7, 30.26],
						"0.0625": [-92.49, -6.13, 23.8],
						"0.1667": [-51.34, -0.74, 5.94],
						"0.25": [-40.27, -0.15, 1.19],
						"0.3125": [-37.5, 0, 0],
						"0.3542": [-37.93, -0.68, 0.23],
						"0.4792": [-79.8, -14.88, 18.97],
						"0.5833": [-111.81, -22.91, 33.12],
						"0.625": [-117.83, -23.23, 35.7],
						"0.7708": [-132.92, -18.59, 41.82],
						"0.8958": [-129.33, -12.76, 39.9],
						"0.9167": [-127, -12.13, 38.88],
						"1.0": [-107.28, -8.7, 30.26]
					},
					"position": {
						"0.0": [10.31, -2.55, 22.25],
						"0.0625": [9.7, -2.7, 20.01],
						"0.1667": [7.97, -3.72, 13.31],
						"0.25": [7.49, -4.3, 11.28],
						"0.3125": [7.37, -4.44, 10.77],
						"0.3542": [7.92411, -4.22625, 11.08219],
						"0.4792": [8.96, -6.64, 15.14],
						"0.5833": [10.23, -7.18, 19.32],
						"0.625": [10.49, -6.87, 20.43],
						"0.7708": [11.26, -4.19, 24.66],
						"0.8958": [11.21, -2.41, 25.52],
						"0.9167": [11.12, -2.36, 25.23],
						"1.0": [10.31, -2.55, 22.25]
					}
				},
				"righthand": {
					"rotation": {
						"0.0": [-85, 0, 0],
						"0.3125": [-85, 0, 0],
						"1.0": [-85, 0, 0]
					},
					"position": {
						"0.0": [-1.37, 2.6, 0],
						"0.3125": [-1.375, 2.6, 0],
						"1.0": [-1.37, 2.6, 0]
					}
				},
				"constraint": {
					"rotation": [1, 1, 1],
					"position": [1, 1, 1]
				}
			}
		},
		"run_hold": {
			"loop": "hold_on_last_frame",
			"animation_length": 1000,
			"bones": {
				"root": {
					"rotation": {
						"0.0": {
							"post": [-66.81, -24.31, -29.75],
							"lerp_mode": "catmullrom"
						},
						"0.1458": {
							"post": [-89.45032, -3.61342, -1.07452],
							"lerp_mode": "catmullrom"
						},
						"0.3333": {
							"post": [-82.89818, -8.23904, -13.37974],
							"lerp_mode": "catmullrom"
						},
						"0.6042": {
							"post": [-89.2202, -10.7182, -13.87042],
							"lerp_mode": "catmullrom"
						},
						"0.9583": {
							"post": [-87.25293, -11.96087, -8.77702],
							"lerp_mode": "catmullrom"
						},
						"1.25": {
							"post": [-85.07863, -12.68837, -8.22384],
							"lerp_mode": "catmullrom"
						},
						"1000.0": [-76.72, -81.91, -29.5]
					},
					"position": {
						"0.0": {
							"post": [-0.45, -0.29, 2.53],
							"lerp_mode": "catmullrom"
						},
						"0.0625": {
							"post": [-1.13, -1.99, 2.535],
							"lerp_mode": "catmullrom"
						},
						"0.1667": {
							"post": [-0.85, 0.405, 2.535],
							"lerp_mode": "catmullrom"
						},
						"0.3333": {
							"post": [-1.3, 1.63, 2.535],
							"lerp_mode": "catmullrom"
						},
						"0.6042": {
							"post": [-1.7, 1.71, 2.535],
							"lerp_mode": "catmullrom"
						},
						"1.25": {
							"post": [-1.9, 0.73, 2.535],
							"lerp_mode": "catmullrom"
						},
						"1000.0": [3.6, -2.22, 2.56]
					}
				},
				"camera": {
					"rotation": {
						"0.0": {
							"post": [0, 0, 0],
							"lerp_mode": "catmullrom"
						},
						"0.0625": {
							"post": [0.38, 0, -0.09],
							"lerp_mode": "catmullrom"
						},
						"0.125": {
							"post": [-0.05, 0, -0.76],
							"lerp_mode": "catmullrom"
						},
						"0.2292": {
							"post": [-0.27, 0, -0.26],
							"lerp_mode": "catmullrom"
						},
						"0.3125": {
							"post": [-0.14, 0, -0.1],
							"lerp_mode": "catmullrom"
						},
						"0.4792": {
							"post": [0, 0, 0],
							"lerp_mode": "catmullrom"
						},
						"1000.0": [0, 0, 0]
					}
				},
				"lefthand": {
					"rotation": [-107.28, -8.7, 30.26],
					"position": [10.31, -2.55, 22.25]
				},
				"righthand": {
					"rotation": [-85, 0, 0],
					"position": [-1.37, 2.6, 0]
				},
				"constraint": {
					"rotation": [1, 1, 1],
					"position": [1, 1, 1]
				}
			}
		},
		"aim_start": {
			"animation_length": 1.0333,
			"bones": {
				"root": {
					"rotation": {
						"0.0": [0, 0, 0],
						"0.0833": {
							"pre": [0, 0, -10.5],
							"post": [0, 0, -10.5],
							"lerp_mode": "catmullrom"
						},
						"0.1875": {
							"post": [0, 0, -21.5],
							"lerp_mode": "catmullrom"
						},
						"0.2917": {
							"post": [0, 0, 1],
							"lerp_mode": "catmullrom"
						},
						"0.3958": {
							"post": [0, 0, -1],
							"lerp_mode": "catmullrom"
						},
						"0.5313": {
							"post": [0, 0, 0],
							"lerp_mode": "catmullrom"
						},
						"0.6354": {
							"post": [0.025, 0.1, 0],
							"lerp_mode": "catmullrom"
						},
						"0.7292": {
							"post": [-0.45, -0.15, 0.375],
							"lerp_mode": "catmullrom"
						},
						"0.8333": {
							"post": [0, 0.1, -0.075],
							"lerp_mode": "catmullrom"
						},
						"0.9688": {
							"post": [0, 0, 0],
							"lerp_mode": "catmullrom"
						}
					},
					"position": {
						"0.0": [0, 0, 0],
						"0.0833": {
							"pre": [0.675, -0.75, 0],
							"post": [0.675, -0.75, 0],
							"lerp_mode": "catmullrom"
						},
						"0.1875": {
							"post": [0.695, -0.47, 0],
							"lerp_mode": "catmullrom"
						},
						"0.2917": {
							"post": [-0.075, 0, 0],
							"lerp_mode": "catmullrom"
						},
						"0.3958": {
							"post": [0.06, 0.01, 0],
							"lerp_mode": "catmullrom"
						},
						"0.6042": {
							"post": [0, 0, 0.175],
							"lerp_mode": "catmullrom"
						},
						"0.6979": {
							"post": [0, 0, -0.1],
							"lerp_mode": "catmullrom"
						},
						"0.8021": {
							"post": [0, 0, 0],
							"lerp_mode": "catmullrom"
						}
					}
				},
				"constraint": {
					"rotation": {
						"0.0": [0, 0, 0],
						"0.5": [0.1, 0.1, 0.1],
						"1.0": [0, 0, 0]
					},
					"position": {
						"0.0": [0, 0, 0],
						"0.5": [0.1, 0.1, 0.1],
						"1.0": [0, 0, 0]
					}
				}
			},
			"sound_effects": {
				"0.0104": {
					"effect": "daffas_arsenal:all/aim"
				}
			}
		},
		"aim_loop": {
			"animation_length": 10,
			"bones": {
				"root": {
					"position": {
						"0.0": {
							"post": [0, 0, 0],
							"lerp_mode": "catmullrom"
						},
						"0.3": {
							"post": [0.01, -0.01, 0],
							"lerp_mode": "catmullrom"
						},
						"0.7": {
							"post": [-0.01, -0.02, 0],
							"lerp_mode": "catmullrom"
						},
						"1.0": {
							"post": [0.02, 0.02, 0],
							"lerp_mode": "catmullrom"
						},
						"1.3": {
							"post": [-0.01, 0, 0],
							"lerp_mode": "catmullrom"
						},
						"1.7": {
							"post": [0.02, -0.01, 0],
							"lerp_mode": "catmullrom"
						},
						"2.0": {
							"post": [-0.02, 0.01, 0],
							"lerp_mode": "catmullrom"
						},
						"2.3": {
							"post": [-0.01, 0, 0],
							"lerp_mode": "catmullrom"
						},
						"2.7": {
							"post": [0.02, 0, 0],
							"lerp_mode": "catmullrom"
						},
						"3.0": {
							"post": [0.02, -0.02, 0],
							"lerp_mode": "catmullrom"
						},
						"3.3": {
							"post": [-0.01, 0.01, 0],
							"lerp_mode": "catmullrom"
						},
						"3.7": {
							"post": [-0.01, -0.01, 0],
							"lerp_mode": "catmullrom"
						},
						"4.0": {
							"post": [0.01, -0.01, 0],
							"lerp_mode": "catmullrom"
						},
						"4.3": {
							"post": [0, -0.01, 0],
							"lerp_mode": "catmullrom"
						},
						"4.7": {
							"post": [-0.02, 0.02, 0],
							"lerp_mode": "catmullrom"
						},
						"5.0": {
							"post": [0.01, 0.02, 0],
							"lerp_mode": "catmullrom"
						},
						"5.3": {
							"post": [0.01, -0.02, 0],
							"lerp_mode": "catmullrom"
						},
						"5.7": {
							"post": [-0.02, -0.01, 0],
							"lerp_mode": "catmullrom"
						},
						"6.0": {
							"post": [-0.01, 0.01, 0],
							"lerp_mode": "catmullrom"
						},
						"6.3": {
							"post": [-0.02, -0.01, 0],
							"lerp_mode": "catmullrom"
						},
						"6.7": {
							"post": [0, 0, 0],
							"lerp_mode": "catmullrom"
						},
						"7.0": {
							"post": [-0.01, 0.02, 0],
							"lerp_mode": "catmullrom"
						},
						"7.3": {
							"post": [0.02, 0.02, 0],
							"lerp_mode": "catmullrom"
						},
						"7.7": {
							"post": [0.01, 0.02, 0],
							"lerp_mode": "catmullrom"
						},
						"8.0": {
							"post": [0.01, 0.02, 0],
							"lerp_mode": "catmullrom"
						},
						"8.3": {
							"post": [-0.01, -0.02, 0],
							"lerp_mode": "catmullrom"
						},
						"8.7": {
							"post": [0, -0.02, 0],
							"lerp_mode": "catmullrom"
						},
						"9.0": {
							"post": [0, -0.01, 0],
							"lerp_mode": "catmullrom"
						},
						"9.3": {
							"post": [0.02, 0.01, 0],
							"lerp_mode": "catmullrom"
						},
						"9.7": {
							"post": [0.01, 0.02, 0],
							"lerp_mode": "catmullrom"
						},
						"10.0": {
							"post": [0, 0, 0],
							"lerp_mode": "catmullrom"
						}
					}
				},
				"constraint": {
					"rotation": [0, 0, 0],
					"position": [0, 0, 0]
				}
			}
		},
		"aim_end": {
			"animation_length": 0.5333,
			"bones": {
				"root": {
					"rotation": {
						"0.0": {
							"post": [0, 0, 0],
							"lerp_mode": "catmullrom"
						},
						"0.0667": {
							"post": [0, 0, 3.0625],
							"lerp_mode": "catmullrom"
						},
						"0.1667": {
							"post": [0, 0, 4],
							"lerp_mode": "catmullrom"
						},
						"0.3333": {
							"post": [0, 0, -0.25],
							"lerp_mode": "catmullrom"
						},
						"0.5333": {
							"post": [0, 0, 0],
							"lerp_mode": "catmullrom"
						}
					},
					"position": {
						"0.0": {
							"post": [0, 0, 0],
							"lerp_mode": "catmullrom"
						},
						"0.2333": {
							"post": [0.01875, 0, 0],
							"lerp_mode": "catmullrom"
						},
						"0.4333": {
							"post": [0, 0, 0],
							"lerp_mode": "catmullrom"
						}
					}
				},
				"constraint": {
					"rotation": {
						"0.0": {
							"post": [0.1, 0.1, 0.1],
							"lerp_mode": "catmullrom"
						},
						"0.2667": {
							"post": [0.1, 0.1, 0.1],
							"lerp_mode": "catmullrom"
						},
						"0.5333": {
							"post": [0, 0, 0],
							"lerp_mode": "catmullrom"
						}
					},
					"position": {
						"0.0": {
							"post": [0.1, 0.1, 0.1],
							"lerp_mode": "catmullrom"
						},
						"0.2667": {
							"post": [0.1, 0.1, 0.1],
							"lerp_mode": "catmullrom"
						},
						"0.5333": {
							"post": [0, 0, 0],
							"lerp_mode": "catmullrom"
						}
					}
				}
			},
			"sound_effects": {
				"0.0333": {
					"effect": "daffas_arsenal:all/unaim"
				}
			}
		}
	}
}