{
	"format_version": "1.8.0",
	"animations": {
		"draw": {
			"loop": "hold_on_last_frame",
			"animation_length": 1.6042,
			"bones": {
				"dust_cover": {
					"rotation": [0, 0, -160]
				},
				"root": {
					"rotation": {
						"0.0": {
							"post": [-67.66817, 25.12475, -12.92186],
							"lerp_mode": "catmullrom"
						},
						"0.2708": {
							"post": [-57.78099, 10.74061, -10.63523],
							"lerp_mode": "catmullrom"
						},
						"0.4792": {
							"post": [-36, 7.5, -13],
							"lerp_mode": "catmullrom"
						},
						"0.6458": {
							"post": [1.5, -3.75, -5.5],
							"lerp_mode": "catmullrom"
						},
						"0.8125": {
							"post": [4, -2.5, 7],
							"lerp_mode": "catmullrom"
						},
						"1.0625": {
							"post": [0, 0, 0],
							"lerp_mode": "catmullrom"
						},
						"1.2292": {
							"post": [-1, 0.5, 1.25],
							"lerp_mode": "catmullrom"
						},
						"1.6042": [0, 0, 0]
					},
					"position": {
						"0.0": {
							"post": [-10.675, 1.49, 6.415],
							"lerp_mode": "catmullrom"
						},
						"0.2708": {
							"post": [-6.8, 1.49, 3.39],
							"lerp_mode": "catmullrom"
						},
						"0.4792": {
							"post": [-0.725, 0.475, 0.55],
							"lerp_mode": "catmullrom"
						},
						"0.6458": {
							"post": [0, -0.75, 0],
							"lerp_mode": "catmullrom"
						},
						"0.8125": {
							"post": [0, -1.81641, 0],
							"lerp_mode": "catmullrom"
						},
						"1.0625": {
							"post": [0, 0, 0],
							"lerp_mode": "catmullrom"
						},
						"1.6042": [0, 0, 0]
					}
				},
				"lefthand": {
					"rotation": {
						"0.2292": [49.92656, 42.27276, -179.41046],
						"0.4792": [87.31812, 30.45308, -131.00407],
						"0.6458": [92.08205, -35.83371, -136.28586],
						"1.25": [92.08205, -35.83371, -136.28586]
					},
					"position": {
						"0.0": [27.50257, -8.90625, 16.48446],
						"0.2292": [27.50257, -8.90625, 16.48446],
						"0.4792": [15.81737, -8.96883, -1.11791],
						"0.6458": [7.77384, 0.2207, -11.50815],
						"1.25": [7.77384, 0.2207, -11.50815]
					},
					"scale": {
						"0.0": [1, 1.5, 1],
						"0.6458": [1, 1.5, 1],
						"1.25": [1, 1.5, 1]
					}
				},
				"righthand": {
					"rotation": [99.93798, 14.81965, -179.61385],
					"position": [-6.65781, -0.01094, 1.80001],
					"scale": [1, 1.5, 1]
				},
				"constraint": {
					"rotation": {
						"0.0": [0.5, 0.5, 0.5],
						"0.7917": [0.5, 0.5, 0.5],
						"1.3125": [0, 0, 0]
					},
					"position": {
						"0.0": [1, 1, 1],
						"0.7917": [1, 1, 1],
						"1.3125": [0, 0, 0]
					}
				},
				"righthand_pos": {
					"position": [0, 0, 0]
				},
				"camera": {
					"rotation": {
						"0.0": {
							"post": [0, 0, 0],
							"lerp_mode": "catmullrom"
						},
						"0.3125": {
							"post": [-0.25, -0.6, 1],
							"lerp_mode": "catmullrom"
						},
						"0.5": {
							"post": [-0.34, 0, -0.5],
							"lerp_mode": "catmullrom"
						},
						"0.625": {
							"post": [0.42, 0.04, 1.34],
							"lerp_mode": "catmullrom"
						},
						"0.7917": {
							"post": [1.25, 0, -0.5],
							"lerp_mode": "catmullrom"
						},
						"1.0625": {
							"post": [0.15, 0, 0.6],
							"lerp_mode": "catmullrom"
						},
						"1.4583": [0, 0, 0]
					}
				}
			},
			"sound_effects": {
				"0.0": {
					"effect": "daffas_arsenal:hk416/daffas_hk416_cloth2"
				},
				"0.2083": {
					"effect": "daffas_arsenal:hk416/daffas_hk416_drawstartt"
				},
				"0.3542": {
					"effect": "daffas_arsenal:wawan2000/daffas_wawan2000_endah"
				}
			}
		},
		"put_away": {
			"loop": "hold_on_last_frame",
			"animation_length": 0.9583,
			"bones": {
				"dust_cover": {
					"rotation": [0, 0, -160]
				},
				"root": {
					"rotation": {
						"0.0": {
							"post": [0, 0, 0],
							"lerp_mode": "catmullrom"
						},
						"0.2917": {
							"post": [-12.29, 3.61, 9.7],
							"lerp_mode": "catmullrom"
						},
						"0.4792": {
							"post": [-38.16584, 9.88744, 12.31385],
							"lerp_mode": "catmullrom"
						},
						"0.6667": {
							"post": [-73.16584, 9.88744, -7.68615],
							"lerp_mode": "catmullrom"
						},
						"0.7917": {
							"post": [-73.16584, 9.88744, -7.68615],
							"lerp_mode": "catmullrom"
						},
						"0.9583": [-73.16584, 9.88744, -7.68615]
					},
					"position": {
						"0.0": {
							"post": [0, 0, 0],
							"lerp_mode": "catmullrom"
						},
						"0.1667": {
							"post": [0.20703, -1.42187, 0],
							"lerp_mode": "catmullrom"
						},
						"0.2917": {
							"post": [-0.27, -0.81, 0],
							"lerp_mode": "catmullrom"
						},
						"0.4792": {
							"post": [-1.175, 1.375, 0],
							"lerp_mode": "catmullrom"
						},
						"0.6667": {
							"post": [-4.665, -1.55, 0],
							"lerp_mode": "catmullrom"
						},
						"0.7917": {
							"post": [-8.915, -1.925, 4.5],
							"lerp_mode": "catmullrom"
						},
						"0.9583": [-15.29, -6.25, 8.125]
					}
				},
				"lefthand": {
					"rotation": {
						"0.0": [92.08205, -35.83371, -136.28586],
						"0.6875": [68.20068, -12.96476, -125.10292]
					},
					"position": {
						"0.0": [7.77384, 0.2207, -11.50815],
						"0.6875": [6.49693, 0.96834, -8.53583]
					},
					"scale": [1, 1.5, 1]
				},
				"righthand": {
					"rotation": [99.93798, 14.81965, -179.61385],
					"position": [-6.65781, -0.01094, 1.80001],
					"scale": [1, 1.5, 1]
				},
				"constraint": {
					"rotation": {
						"0.0": [0, 0, 0],
						"0.0625": [0.1, 0.1, 0.1],
						"0.25": [0.1, 0.1, 0.1],
						"0.4375": [0, 0, 0]
					},
					"position": {
						"0.0": [0, 0, 0],
						"0.0625": [0.1, 0.1, 0.1],
						"0.25": [0.1, 0.1, 0.1],
						"0.4375": [0, 0, 0]
					}
				},
				"camera": {
					"rotation": {
						"0.0": {
							"post": [0, 0, 0],
							"lerp_mode": "catmullrom"
						},
						"0.2917": {
							"post": [0.22, -0.12, -1.01],
							"lerp_mode": "catmullrom"
						},
						"0.4792": {
							"post": [0.3, -0.25, -0.125],
							"lerp_mode": "catmullrom"
						},
						"0.6875": {
							"post": [0.7, -0.15, -0.95],
							"lerp_mode": "catmullrom"
						},
						"0.8125": {
							"post": [0.39, 0.25, -0.95],
							"lerp_mode": "catmullrom"
						},
						"0.9583": [0, 0, 0]
					}
				},
				"righthand_pos": {
					"position": [0, 0, 0]
				}
			},
			"sound_effects": {
				"0.0": {
					"effect": "daffas_arsenal:hk416/daffas_hk416_putaway"
				},
				"0.0625": {
					"effect": "daffas_arsenal:hk416/daffas_hk416_cloth2"
				},
				"0.1875": {
					"effect": "daffas_arsenal:wawan2000/daffas_wawan2000_rataleo"
				}
			}
		},
		"static_idle": {
			"loop": true,
			"bones": {
				"lefthand": {
					"rotation": [92.08205, -35.83371, -136.28586],
					"position": [7.77384, 0.2207, -11.50815],
					"scale": [1, 1.5, 1]
				},
				"righthand": {
					"rotation": [99.93798, 14.81965, -179.61385],
					"position": [-6.65781, -0.01094, 1.80001],
					"scale": [1, 1.5, 1]
				},
				"righthand_pos": {
					"position": [0, 0, 0]
				}
			}
		},
		"inspect": {
			"animation_length": 4.4479,
			"bones": {
				"camera": {
					"rotation": {
						"0.0": {
							"post": [0, 0, 0],
							"lerp_mode": "catmullrom"
						},
						"0.2917": {
							"post": [0.5, -0.75, -1],
							"lerp_mode": "catmullrom"
						},
						"0.6354": {
							"post": [-0.25, -1.5, 0.75],
							"lerp_mode": "catmullrom"
						},
						"1.0521": {
							"post": [-0.25, -0.5, -0.5],
							"lerp_mode": "catmullrom"
						},
						"1.5313": {
							"post": [0, 0, 0.5],
							"lerp_mode": "catmullrom"
						},
						"2.0938": {
							"post": [0.25, 0.25, 0],
							"lerp_mode": "catmullrom"
						},
						"2.3438": {
							"post": [1.5, 1.25, 1.25],
							"lerp_mode": "catmullrom"
						},
						"2.5313": {
							"post": [3.75, 2.75, -0.5],
							"lerp_mode": "catmullrom"
						},
						"2.7188": {
							"post": [3, 2, 0.75],
							"lerp_mode": "catmullrom"
						},
						"2.8646": {
							"post": [3.14, 1.53, -0.87],
							"lerp_mode": "catmullrom"
						},
						"3.0104": {
							"post": [3.325, 1.25, -0.05],
							"lerp_mode": "catmullrom"
						},
						"3.3229": {
							"post": [3, 2, 0.75],
							"lerp_mode": "catmullrom"
						},
						"3.4688": {
							"post": [3.14, 1.53, -0.87],
							"lerp_mode": "catmullrom"
						},
						"3.6146": {
							"post": [3.325, 1.25, -0.05],
							"lerp_mode": "catmullrom"
						},
						"3.8229": {
							"post": [1.75, 0.75, 1.25],
							"lerp_mode": "catmullrom"
						},
						"4.0313": {
							"post": [0.91, 0.12, 0.05],
							"lerp_mode": "catmullrom"
						},
						"4.1771": {
							"post": [0.63, -0.4, 1.29],
							"lerp_mode": "catmullrom"
						},
						"4.3021": {
							"post": [0, 0.25, -0.25],
							"lerp_mode": "catmullrom"
						},
						"4.4479": {
							"post": [0, 0, 0],
							"lerp_mode": "catmullrom"
						}
					}
				},
				"root": {
					"rotation": {
						"0.0": {
							"post": [0, 0, 0],
							"lerp_mode": "catmullrom"
						},
						"0.125": {
							"post": [-0.31, -3.59, -1.63],
							"lerp_mode": "catmullrom"
						},
						"0.2813": {
							"post": [-2.5, -15, -6],
							"lerp_mode": "catmullrom"
						},
						"0.5104": {
							"post": [-13.55878, -30.5753, -6.57641],
							"lerp_mode": "catmullrom"
						},
						"0.6979": {
							"post": [-13.56, -30.58, -9.83],
							"lerp_mode": "catmullrom"
						},
						"0.9063": {
							"post": [-13.41618, -30.63831, -9.11246],
							"lerp_mode": "catmullrom"
						},
						"1.2188": {
							"post": [-13.56, -30.58, -7.38189],
							"lerp_mode": "catmullrom"
						},
						"1.6771": [-13.56, -30.58, -8.28],
						"2.1771": [-14.41396, -30.21742, -7.34247],
						"2.2604": [-14.74, -30.33, -6.12],
						"2.5104": [-19.02114, -31.78614, 9.81394],
						"2.6771": {
							"pre": [-16.52114, -34.28614, 8.81394],
							"post": [-16.52114, -34.28614, 8.81394],
							"lerp_mode": "catmullrom"
						},
						"2.8229": {
							"post": [-18.59579, -33.30528, 14.04271],
							"lerp_mode": "catmullrom"
						},
						"2.9688": {
							"post": [-18.10167, -30.93233, 7.86356],
							"lerp_mode": "catmullrom"
						},
						"3.2188": {
							"post": [-16.52114, -34.28614, 8.81394],
							"lerp_mode": "catmullrom"
						},
						"3.4479": {
							"post": [-18.59579, -33.30528, 14.04271],
							"lerp_mode": "catmullrom"
						},
						"3.5938": {
							"post": [-18.10167, -30.93233, 7.86356],
							"lerp_mode": "catmullrom"
						},
						"3.8229": {
							"post": [-15.25234, -26.75042, 7.03936],
							"lerp_mode": "catmullrom"
						},
						"4.1563": {
							"post": [2.5, -5, 7.5],
							"lerp_mode": "catmullrom"
						},
						"4.2813": {
							"post": [1.25, 0.5, -1.25],
							"lerp_mode": "catmullrom"
						},
						"4.4479": [0, 0, 0]
					},
					"position": {
						"0.0": {
							"post": [0, 0, 0],
							"lerp_mode": "catmullrom"
						},
						"0.125": {
							"post": [0.38, 0.11, -0.24],
							"lerp_mode": "catmullrom"
						},
						"0.2813": {
							"post": [1.525, 1.475, -2],
							"lerp_mode": "catmullrom"
						},
						"0.5104": {
							"post": [2.525, 3.025, -4.1],
							"lerp_mode": "catmullrom"
						},
						"0.6979": {
							"post": [2.53, 3.39297, -4.1],
							"lerp_mode": "catmullrom"
						},
						"0.9063": {
							"post": [2.48, 3.575, -4.1],
							"lerp_mode": "catmullrom"
						},
						"1.2188": {
							"post": [2.575, 3.51, -4.1],
							"lerp_mode": "catmullrom"
						},
						"1.6771": [2.55, 3.56, -4.1],
						"2.1771": [2.45, 3.585, -4.1],
						"2.2604": [2.46, 3.52, -4.1],
						"2.5104": [2.53, 2.675, -4.1],
						"2.6771": {
							"pre": [2.78, 2.525, -4.1],
							"post": [2.78, 2.525, -4.1],
							"lerp_mode": "catmullrom"
						},
						"2.8229": {
							"post": [2.505, 2.825, -4.1],
							"lerp_mode": "catmullrom"
						},
						"2.9688": {
							"post": [2.405, 2.73, -4.1],
							"lerp_mode": "catmullrom"
						},
						"3.2188": {
							"post": [2.78, 2.525, -4.1],
							"lerp_mode": "catmullrom"
						},
						"3.4479": {
							"post": [2.505, 2.825, -4.1],
							"lerp_mode": "catmullrom"
						},
						"3.5938": {
							"post": [2.405, 2.73, -4.1],
							"lerp_mode": "catmullrom"
						},
						"3.8229": {
							"post": [2.205, 2.205, -4.1],
							"lerp_mode": "catmullrom"
						},
						"4.0104": {
							"post": [0.41, 0.73, -3.1],
							"lerp_mode": "catmullrom"
						},
						"4.1563": {
							"post": [0, 0, -1],
							"lerp_mode": "catmullrom"
						},
						"4.2813": {
							"post": [0, -0.175, 0],
							"lerp_mode": "catmullrom"
						},
						"4.4479": [0, 0, 0]
					}
				},
				"lefthand": {
					"rotation": {
						"0.0": [92.08205, -35.83371, -136.28586],
						"2.0208": [92.08205, -35.83371, -136.28586],
						"2.1042": [92.08205, -35.83371, -136.28586],
						"2.5104": [148.90552, 5.43974, -229.26362],
						"2.6771": {
							"pre": [160.82329, 14.90404, -232.54838],
							"post": [160.82329, 14.90404, -232.54838],
							"lerp_mode": "catmullrom"
						},
						"2.8229": {
							"post": [166.09194, 10.05326, -231.3062],
							"lerp_mode": "catmullrom"
						},
						"2.9688": {
							"post": [140.82329, 14.90404, -232.54838],
							"lerp_mode": "catmullrom"
						},
						"3.1042": {
							"post": [152.91713, 20.28947, -223.4697],
							"lerp_mode": "catmullrom"
						},
						"3.2188": {
							"post": [160.82329, 14.90404, -232.54838],
							"lerp_mode": "catmullrom"
						},
						"3.3854": {
							"post": [166.09194, 10.05326, -231.3062],
							"lerp_mode": "catmullrom"
						},
						"3.5313": [140.82329, 14.90404, -232.54838],
						"3.6146": [136.11403, 4.22552, -221.84841],
						"3.8542": {
							"pre": [133.02239, -19.61203, -202.94451],
							"post": [133.02239, -19.61203, -202.94451],
							"lerp_mode": "catmullrom"
						},
						"4.0": [77.08205, -35.83371, -136.28586],
						"4.1771": [92.08205, -35.83371, -136.28586]
					},
					"position": {
						"0.0": [7.77384, 0.2207, -11.50815],
						"2.0208": [7.77384, 0.2207, -11.50815],
						"2.1042": [7.77384, 0.2207, -11.50815],
						"2.3229": [11.01357, 2.96751, -5.1255],
						"2.5104": [9.33144, 4.81753, 1.4363],
						"2.6771": {
							"pre": [8.25873, 6.12295, 2.74714],
							"post": [8.25873, 6.12295, 2.74714],
							"lerp_mode": "catmullrom"
						},
						"2.8229": {
							"post": [8.32471, 6.0766, 2.49593],
							"lerp_mode": "catmullrom"
						},
						"2.9688": {
							"post": [10.08933, 6.13403, 0.95268],
							"lerp_mode": "catmullrom"
						},
						"3.1042": {
							"post": [9.65354, 6.7648, 2.09139],
							"lerp_mode": "catmullrom"
						},
						"3.2188": {
							"post": [8.25873, 6.12295, 2.74714],
							"lerp_mode": "catmullrom"
						},
						"3.3854": {
							"post": [8.32471, 6.0766, 2.49593],
							"lerp_mode": "catmullrom"
						},
						"3.5313": [10.08933, 6.13403, 0.95268],
						"3.6146": [10.10973, 5.45582, -0.2733],
						"3.8542": {
							"pre": [10.13668, 2.00902, -4.15731],
							"post": [10.13668, 2.00902, -4.15731],
							"lerp_mode": "catmullrom"
						},
						"4.0": [7.77384, 0.2207, -11.50815],
						"4.1771": [7.77384, 0.2207, -11.50815]
					},
					"scale": {
						"0.0": [1, 1.5, 1],
						"2.1042": [1, 1.5, 1]
					}
				},
				"righthand": {
					"rotation": [99.93798, 14.81965, -179.61385],
					"position": [-6.65781, -0.01094, 1.80001],
					"scale": [1, 1.5, 1]
				},
				"righthand_pos": {
					"position": [0, 0, 0]
				}
			},
			"sound_effects": {
				"0.0104": {
					"effect": "daffas_arsenal:hk416/daffas_hk416_cloth4"
				},
				"2.0521": {
					"effect": "daffas_arsenal:hk416/daffas_hk416_cloth2"
				},
				"2.5104": {
					"effect": "daffas_arsenal:spasi15/daffas_spasi15_debu"
				},
				"3.1354": {
					"effect": "daffas_arsenal:spasi15/daffas_spasi15_debu"
				},
				"3.6354": {
					"effect": "daffas_arsenal:hk416/daffas_hk416_cloth"
				},
				"3.7188": {
					"effect": "daffas_arsenal:hk416/daffas_hk416_reloadend"
				}
			}
		},
		"inspect_empty": {
			"animation_length": 5.1771,
			"bones": {
				"root": {
					"rotation": {
						"0.0": {
							"post": [0, 0, 0],
							"lerp_mode": "catmullrom"
						},
						"0.125": {
							"post": [-0.31, -3.59, -1.63],
							"lerp_mode": "catmullrom"
						},
						"0.2813": {
							"post": [-2.5, -15, -6],
							"lerp_mode": "catmullrom"
						},
						"0.5104": {
							"post": [-13.55878, -30.5753, -6.57641],
							"lerp_mode": "catmullrom"
						},
						"0.6979": {
							"post": [-13.56, -30.58, -9.83],
							"lerp_mode": "catmullrom"
						},
						"0.9063": {
							"post": [-13.41618, -30.63831, -9.11246],
							"lerp_mode": "catmullrom"
						},
						"1.2188": {
							"post": [-13.56, -30.58, -7.38189],
							"lerp_mode": "catmullrom"
						},
						"1.6771": [-13.56, -30.58, -8.28],
						"2.1771": [-14.41396, -30.21742, -7.34247],
						"2.2604": [-14.74, -30.33, -6.12],
						"2.3438": [-15.53, -27.41, -1.52],
						"2.5104": {
							"pre": [-20.09348, -9.21157, 25.72475],
							"post": [-20.09348, -9.21157, 25.72475],
							"lerp_mode": "catmullrom"
						},
						"2.7188": {
							"post": [-25.51711, 17.61019, 59.68552],
							"lerp_mode": "catmullrom"
						},
						"2.8438": {
							"post": [-31.06246, 23.57486, 63.58017],
							"lerp_mode": "catmullrom"
						},
						"3.0313": {
							"post": [-30.31844, 21.20664, 64.21809],
							"lerp_mode": "catmullrom"
						},
						"3.3854": {
							"post": [-28.45309, 20.43838, 66.05338],
							"lerp_mode": "catmullrom"
						},
						"3.6771": [-26.96195, 20.42621, 66.77865],
						"4.0521": [-26.96195, 20.42621, 66.02865],
						"4.1354": [-26.85, 18.67, 64.29],
						"4.2083": [-26.75, 16.56, 62.37],
						"4.3646": {
							"pre": [-23.50027, 3.20882, 46.2454],
							"post": [-23.50027, 3.20882, 46.2454],
							"lerp_mode": "catmullrom"
						},
						"4.5938": {
							"post": [2.95655, -2.13294, 1.18424],
							"lerp_mode": "catmullrom"
						},
						"4.7813": {
							"post": [2.5, 1.75, 1.25],
							"lerp_mode": "catmullrom"
						},
						"4.9479": {
							"post": [1.25, 0.5, -1.25],
							"lerp_mode": "catmullrom"
						},
						"5.1771": [0, 0, 0]
					},
					"position": {
						"0.0": {
							"post": [0, 0, 0],
							"lerp_mode": "catmullrom"
						},
						"0.125": {
							"post": [0.38, 0.11, -0.24],
							"lerp_mode": "catmullrom"
						},
						"0.2813": {
							"post": [1.525, 1.475, -2],
							"lerp_mode": "catmullrom"
						},
						"0.5104": {
							"post": [2.525, 3.025, -4.1],
							"lerp_mode": "catmullrom"
						},
						"0.6979": {
							"post": [2.53, 3.39297, -4.1],
							"lerp_mode": "catmullrom"
						},
						"0.9063": {
							"post": [2.48, 3.575, -4.1],
							"lerp_mode": "catmullrom"
						},
						"1.2188": {
							"post": [2.575, 3.51, -4.1],
							"lerp_mode": "catmullrom"
						},
						"1.6771": [2.55, 3.56, -4.1],
						"2.1771": [2.45, 3.585, -4.1],
						"2.2604": [2.46, 3.52, -4.1],
						"2.3438": [2.45, 3.41, -4.1],
						"2.5104": {
							"pre": [2.45, 2.915, -4.1],
							"post": [2.45, 2.915, -4.1],
							"lerp_mode": "catmullrom"
						},
						"2.8438": {
							"post": [2.875, 4.495, -6.1],
							"lerp_mode": "catmullrom"
						},
						"3.3854": {
							"post": [2.755, 4.375, -6.1],
							"lerp_mode": "catmullrom"
						},
						"3.6771": [2.755, 4.375, -6.1],
						"4.0521": [2.685, 4.43, -6.1],
						"4.1354": [2.78, 4.36, -6.1],
						"4.2083": [2.62, 4.08, -5.96],
						"4.3646": {
							"pre": [1.465, 2.08078, -3.95156],
							"post": [1.465, 2.08078, -3.95156],
							"lerp_mode": "catmullrom"
						},
						"4.5938": {
							"post": [0.41, -0.27, -2.1],
							"lerp_mode": "catmullrom"
						},
						"4.7813": {
							"post": [0, 0, 0],
							"lerp_mode": "catmullrom"
						},
						"4.9479": {
							"post": [0, -0.175, 0],
							"lerp_mode": "catmullrom"
						},
						"5.1771": [0, 0, 0]
					}
				},
				"lefthand": {
					"rotation": {
						"0.0": [92.08205, -35.83371, -136.28586],
						"2.2604": {
							"pre": [92.08205, -35.83371, -136.28586],
							"post": [92.08205, -35.83371, -136.28586],
							"lerp_mode": "catmullrom"
						},
						"2.4375": {
							"post": [89.01, -34.13, -141.74],
							"lerp_mode": "catmullrom"
						},
						"2.7188": {
							"post": [74.58, -23.33, -176.29],
							"lerp_mode": "catmullrom"
						},
						"2.8438": {
							"post": [69.58, -23.33, -176.29],
							"lerp_mode": "catmullrom"
						},
						"3.3854": [69.58, -23.33, -176.29],
						"4.0521": [69.58, -23.33, -176.29],
						"4.2396": [72.14, -24.75, -171.74],
						"4.5938": [92.08205, -35.83371, -136.28586]
					},
					"position": {
						"0.0": [7.77384, 0.2207, -11.50815],
						"2.2604": {
							"pre": [7.77384, 0.2207, -11.50815],
							"post": [7.77384, 0.2207, -11.50815],
							"lerp_mode": "catmullrom"
						},
						"2.4375": {
							"post": [7.87, 0.44, -11.46],
							"lerp_mode": "catmullrom"
						},
						"2.7188": {
							"post": [8.50047, 2.93875, -7.20531],
							"lerp_mode": "catmullrom"
						},
						"2.8438": {
							"post": [8.50047, 2.93875, -7.20531],
							"lerp_mode": "catmullrom"
						},
						"3.3854": [8.5, 2.94, -7.21],
						"4.0521": [8.50047, 2.93875, -7.20531],
						"4.2396": [8.50047, 2.93875, -7.20531],
						"4.5938": [7.77384, 0.2207, -11.50815]
					},
					"scale": [1, 1.5, 1]
				},
				"righthand": {
					"rotation": [99.93798, 14.81965, -179.61385],
					"position": [-6.65781, -0.01094, 1.80001],
					"scale": [1, 1.5, 1]
				},
				"righthand_pos": {
					"position": [0, 0, 0]
				},
				"camera": {
					"rotation": {
						"0.0": {
							"post": [0, 0, 0],
							"lerp_mode": "catmullrom"
						},
						"0.2917": {
							"post": [0.5, -0.75, -1],
							"lerp_mode": "catmullrom"
						},
						"0.6354": {
							"post": [-0.25, -1.5, 0.75],
							"lerp_mode": "catmullrom"
						},
						"1.0521": {
							"post": [-0.25, -0.5, -0.5],
							"lerp_mode": "catmullrom"
						},
						"1.5313": {
							"post": [0, 0, 0.5],
							"lerp_mode": "catmullrom"
						},
						"2.0938": {
							"post": [0.25, 0.25, 0],
							"lerp_mode": "catmullrom"
						},
						"2.4688": {
							"post": [1.5, 1.25, 1.25],
							"lerp_mode": "catmullrom"
						},
						"2.6563": {
							"post": [3.75, 2.75, -0.5],
							"lerp_mode": "catmullrom"
						},
						"2.8438": {
							"post": [3, 2, 0.75],
							"lerp_mode": "catmullrom"
						},
						"3.2604": {
							"post": [4, 2.5, -1.25],
							"lerp_mode": "catmullrom"
						},
						"3.7813": {
							"post": [4.25, 3, -0.5],
							"lerp_mode": "catmullrom"
						},
						"4.1771": {
							"post": [4, 3.25, 0],
							"lerp_mode": "catmullrom"
						},
						"4.3646": {
							"post": [2.29, 0.93, 1.14],
							"lerp_mode": "catmullrom"
						},
						"4.5104": {
							"post": [2.65, -0.28, -0.56],
							"lerp_mode": "catmullrom"
						},
						"4.7188": {
							"post": [0.73, -0.48, 0.8],
							"lerp_mode": "catmullrom"
						},
						"4.8438": {
							"post": [-0.5, -0.5, 0.5],
							"lerp_mode": "catmullrom"
						},
						"4.9896": {
							"post": [-0.38, -0.3, 0.7],
							"lerp_mode": "catmullrom"
						},
						"5.1771": [0, 0, 0]
					}
				}
			},
			"sound_effects": {
				"0.0208": {
					"effect": "daffas_arsenal:hk416/daffas_hk416_cloth4"
				},
				"1.875": {
					"effect": "daffas_arsenal:hk416/daffas_hk416_cloth2"
				},
				"2.1042": {
					"effect": "daffas_arsenal:spasi15/sispek1"
				},
				"3.9583": {
					"effect": "daffas_arsenal:hk416/daffas_hk416_cloth"
				},
				"4.1667": {
					"effect": "daffas_arsenal:hk416/daffas_hk416_reloadend"
				}
			}
		},
		"static_bolt_caught": {
			"loop": true,
			"bones": {
				"lefthand": {
					"rotation": [92.08205, -35.83371, -136.28586],
					"position": [7.77384, 0.2207, -11.50815],
					"scale": [1, 1.5, 1]
				},
				"righthand": {
					"rotation": [99.93798, 14.81965, -179.61385],
					"position": [-6.65781, -0.01094, 1.80001],
					"scale": [1, 1.5, 1]
				},
				"righthand_pos": {
					"position": [0, 0, 0]
				},
				"camera": {
					"rotation": [0, 0, 0]
				},
				"root": {
					"rotation": [0, 0, 0],
					"position": [0, 0, 0]
				},
				"bullet": {
					"scale": 0
				},
				"bullet_in_mag": {
					"scale": 0
				},
				"mekansi": {
					"position": [0, 0, 4.45703]
				},
				"uh": {
					"position": [0, 0, 6.05859]
				}
			}
		},
		"reload_empty": {
			"animation_length": 4.1875,
			"bones": {
				"lefthand": {
					"rotation": {
						"0.0": [92.08205, -35.83371, -136.28586],
						"0.1458": [92.08205, -35.83371, -136.28586],
						"0.6042": [93.59545, -10.3821, -145.55368],
						"0.6875": [93.59545, -5.1321, -143.05368],
						"0.7604": [93.59545, -10.3821, -145.55368],
						"2.5833": [93.59545, -10.3821, -145.55368],
						"2.7604": [96.72131, -11.17937, -144.31193],
						"2.9375": [106.67977, -6.05139, -183.21319],
						"3.0104": [107.70626, -0.53897, -200.90922],
						"3.1354": [107.70626, -0.53897, -200.90922],
						"3.2292": [109.17977, -11.05139, -198.21319],
						"3.5208": [109.17977, -11.05139, -198.21319],
						"3.625": [105.475, -20.286, -159.63327],
						"3.6771": [101.16083, -24.16887, -151.3889],
						"3.875": [92.08205, -35.83371, -136.28586]
					},
					"position": {
						"0.0": [7.77384, 0.2207, -11.50815],
						"0.1458": [7.77384, 0.2207, -11.50815],
						"0.375": [10.66125, -0.9, -1.54],
						"0.5": [9.92953, -1.51, 3.89],
						"0.6042": [6.98484, -2.02219, 8.41969],
						"0.6875": [6.66453, -2.23703, 8.41969],
						"0.7604": [6.98484, -2.02219, 8.41969],
						"2.5833": [6.98484, -2.02219, 8.41969],
						"2.7604": [10.69969, -0.05, 1.56],
						"2.9375": [9.55813, 1.9175, -5.30266],
						"3.0104": [9.79047, 2.88484, -5.3],
						"3.1354": [9.79047, 2.88484, -5.3],
						"3.2292": [9.49822, 2.81085, 0.1884],
						"3.5208": [9.49822, 2.81085, 0.1884],
						"3.625": [12.08169, 2.27858, -0.11355],
						"3.6771": [11.52266, 3.08529, -0.97438],
						"3.875": [7.77384, 0.2207, -11.50815]
					},
					"scale": {
						"0.0": [1, 1.5, 1],
						"0.1458": [1, 1.5, 1]
					}
				},
				"righthand": {
					"rotation": [99.93798, 14.81965, -179.61385],
					"position": [-6.65781, -0.01094, 1.80001],
					"scale": [1, 1.5, 1]
				},
				"righthand_pos": {
					"position": [0, 0, 0]
				},
				"camera": {
					"rotation": {
						"0.0": {
							"post": [0, 0, 0],
							"lerp_mode": "catmullrom"
						},
						"0.0938": {
							"post": [1.01953, 0.25, 0.25],
							"lerp_mode": "catmullrom"
						},
						"0.3438": {
							"post": [2.52, 0.75, -0.5],
							"lerp_mode": "catmullrom"
						},
						"0.6042": {
							"post": [2.77, 1, 0.5],
							"lerp_mode": "catmullrom"
						},
						"0.8229": {
							"post": [3.02, 0.75, -0.25],
							"lerp_mode": "catmullrom"
						},
						"0.8854": {
							"post": [3.27, 1, 0.25],
							"lerp_mode": "catmullrom"
						},
						"0.9375": {
							"post": [3.48, 1.25, 0.56],
							"lerp_mode": "catmullrom"
						},
						"1.0": {
							"post": [3.77, 1.5, -1.75],
							"lerp_mode": "catmullrom"
						},
						"1.0625": {
							"post": [4.06, 1.41, -0.35],
							"lerp_mode": "catmullrom"
						},
						"1.1458": {
							"post": [4.27, 1.25, -0.25],
							"lerp_mode": "catmullrom"
						},
						"1.2604": {
							"post": [4.27, 0.75, 0.5],
							"lerp_mode": "catmullrom"
						},
						"1.5104": {
							"post": [4.52, 1, -0.5],
							"lerp_mode": "catmullrom"
						},
						"1.9271": {
							"post": [4.77, 1.25, 0.25],
							"lerp_mode": "catmullrom"
						},
						"2.125": {
							"post": [4.77, 1.5, 0.75],
							"lerp_mode": "catmullrom"
						},
						"2.1979": {
							"post": [5.02, 1.5, 0.25],
							"lerp_mode": "catmullrom"
						},
						"2.2604": {
							"post": [5.18, 1.55, -0.44],
							"lerp_mode": "catmullrom"
						},
						"2.2917": {
							"post": [5.32, 1.6, 0.85],
							"lerp_mode": "catmullrom"
						},
						"2.3958": {
							"post": [5.19, 1.67, -0.6],
							"lerp_mode": "catmullrom"
						},
						"2.5": {
							"post": [4.93563, 1.8, 0.25],
							"lerp_mode": "catmullrom"
						},
						"2.6146": {
							"post": [4.24, 1.6, 0.8],
							"lerp_mode": "catmullrom"
						},
						"2.7396": {
							"post": [3.49, 1.6, -0.45],
							"lerp_mode": "catmullrom"
						},
						"2.9063": {
							"post": [2.09, 1.15, -0.24219],
							"lerp_mode": "catmullrom"
						},
						"3.0521": {
							"post": [2.34, 0.65, 0.51],
							"lerp_mode": "catmullrom"
						},
						"3.1458": {
							"post": [2.84, 0.9, -0.49],
							"lerp_mode": "catmullrom"
						},
						"3.2188": {
							"post": [2.56, 1.56, 0.53],
							"lerp_mode": "catmullrom"
						},
						"3.2604": {
							"post": [2.34, 1.9, -1.24],
							"lerp_mode": "catmullrom"
						},
						"3.3125": {
							"post": [1.84, 2.15, -0.24],
							"lerp_mode": "catmullrom"
						},
						"3.4167": {
							"post": [2.09, 1.4, 0.76],
							"lerp_mode": "catmullrom"
						},
						"3.5521": {
							"post": [1.59, 0.9, 0.26],
							"lerp_mode": "catmullrom"
						},
						"3.6979": {
							"post": [1.09, 0.9, 0.76],
							"lerp_mode": "catmullrom"
						},
						"3.8958": {
							"post": [0.25, 0.75, -0.5],
							"lerp_mode": "catmullrom"
						},
						"4.0729": {
							"post": [0, 0, 0.25],
							"lerp_mode": "catmullrom"
						},
						"4.1875": [0, 0, 0]
					}
				},
				"root": {
					"rotation": {
						"0.0": {
							"post": [0, 0, 0],
							"lerp_mode": "catmullrom"
						},
						"0.0729": {
							"post": [1.3907, -0.82881, 2.213],
							"lerp_mode": "catmullrom"
						},
						"0.2083": {
							"post": [2.03204, -0.65917, -0.46414],
							"lerp_mode": "catmullrom"
						},
						"0.3229": {
							"post": [-4.11377, 0.18824, -13.55772],
							"lerp_mode": "catmullrom"
						},
						"0.6042": [-41.29, 0.27, -26.42],
						"0.6979": [-43.57834, 1.93317, -22.00962],
						"0.8229": {
							"pre": [-43.62, 0.86, -22.57],
							"post": [-43.62, 0.86, -22.57],
							"lerp_mode": "catmullrom"
						},
						"0.875": {
							"post": [-42.80326, 0.84627, -19.22555],
							"lerp_mode": "catmullrom"
						},
						"0.9271": {
							"post": [-40.8887, 5.07712, -14.9898],
							"lerp_mode": "catmullrom"
						},
						"1.0417": {
							"post": [-43.58904, -1.30781, -23.39611],
							"lerp_mode": "catmullrom"
						},
						"1.1771": {
							"post": [-46.23652, 1.88489, -20.70291],
							"lerp_mode": "catmullrom"
						},
						"1.3542": {
							"post": [-43.59104, 3.10152, -18.21283],
							"lerp_mode": "catmullrom"
						},
						"1.5625": {
							"post": [-42.43878, 1.65616, -19.85048],
							"lerp_mode": "catmullrom"
						},
						"1.7604": {
							"post": [-42.68452, -2.43135, -24.82494],
							"lerp_mode": "catmullrom"
						},
						"1.9375": {
							"post": [-43.50058, -9.42226, -33.01886],
							"lerp_mode": "catmullrom"
						},
						"2.0313": {
							"post": [-43.11096, -9.31261, -32.40002],
							"lerp_mode": "catmullrom"
						},
						"2.1042": {
							"post": [-42.44797, -7.18257, -29.13381],
							"lerp_mode": "catmullrom"
						},
						"2.2188": {
							"post": [-43.20581, -7.81648, -30.88935],
							"lerp_mode": "catmullrom"
						},
						"2.2708": {
							"post": [-42.90722, -6.851, -29.51928],
							"lerp_mode": "catmullrom"
						},
						"2.3333": {
							"post": [-42.11429, -5.14697, -26.48815],
							"lerp_mode": "catmullrom"
						},
						"2.4167": {
							"post": [-40.69459, 0.52547, -18.20786],
							"lerp_mode": "catmullrom"
						},
						"2.4792": {
							"post": [-39.87422, -1.57918, -19.92237],
							"lerp_mode": "catmullrom"
						},
						"2.5313": {
							"post": [-39.85725, -3.33306, -20.5178],
							"lerp_mode": "catmullrom"
						},
						"2.7292": {
							"post": [-35.56, 4.33, -15.36],
							"lerp_mode": "catmullrom"
						},
						"2.8333": {
							"post": [-26.90476, 4.95419, -10.54962],
							"lerp_mode": "catmullrom"
						},
						"3.0104": {
							"post": [4.07475, 6.08986, 1.16133],
							"lerp_mode": "catmullrom"
						},
						"3.1042": {
							"post": [7.0282, 5.43311, 3.4963],
							"lerp_mode": "catmullrom"
						},
						"3.1771": {
							"post": [3.59, 5.92, 5.27],
							"lerp_mode": "catmullrom"
						},
						"3.2188": {
							"post": [1.38765, 6.34965, 5.17022],
							"lerp_mode": "catmullrom"
						},
						"3.2604": {
							"post": [-1.36769, 7.67016, -2.44489],
							"lerp_mode": "catmullrom"
						},
						"3.3333": {
							"post": [-3.91, 10.93, -2.92],
							"lerp_mode": "catmullrom"
						},
						"3.4375": {
							"post": [-6.22882, 15.09741, -2.77454],
							"lerp_mode": "catmullrom"
						},
						"3.5417": {
							"post": [-8.67404, 14.22868, -9.31305],
							"lerp_mode": "catmullrom"
						},
						"3.7083": {
							"post": [-3.98496, 8.6857, 1.23323],
							"lerp_mode": "catmullrom"
						},
						"3.8125": {
							"post": [-1.39591, 3.74168, 1.8302],
							"lerp_mode": "catmullrom"
						},
						"3.9063": {
							"post": [1.14313, 1.74673, -1.75163],
							"lerp_mode": "catmullrom"
						},
						"4.0313": [0, -0.5, 1.5],
						"4.1875": [0, 0, 0]
					},
					"position": {
						"0.0": {
							"post": [0, 0, 0],
							"lerp_mode": "catmullrom"
						},
						"0.0729": {
							"post": [0, -0.55469, 0],
							"lerp_mode": "catmullrom"
						},
						"0.2083": {
							"post": [0, -0.93359, 0],
							"lerp_mode": "catmullrom"
						},
						"0.3229": {
							"post": [0, 0.92578, -0.96484],
							"lerp_mode": "catmullrom"
						},
						"0.6042": [-2.28125, 6.24609, -3.35937],
						"0.6979": [-2.55078, 6.44922, -3.35937],
						"0.8229": {
							"pre": [-2.53, 6.28, -3.4],
							"post": [-2.53, 6.28, -3.4],
							"lerp_mode": "catmullrom"
						},
						"0.875": {
							"post": [-2.77266, 6.23313, -3.36],
							"lerp_mode": "catmullrom"
						},
						"0.9271": {
							"post": [-3.24141, 6.57688, -2.68812],
							"lerp_mode": "catmullrom"
						},
						"1.0": {
							"post": [-3.51781, 6.48844, -3.00187],
							"lerp_mode": "catmullrom"
						},
						"1.125": {
							"post": [-3.18594, 6.44031, -2.94578],
							"lerp_mode": "catmullrom"
						},
						"1.3125": {
							"post": [-3.02, 5.66297, -3.35766],
							"lerp_mode": "catmullrom"
						},
						"1.5208": {
							"post": [-2.79219, 5.67063, -3.50453],
							"lerp_mode": "catmullrom"
						},
						"1.7188": {
							"post": [-2.71953, 5.77531, -3.45],
							"lerp_mode": "catmullrom"
						},
						"1.9375": {
							"post": [-2.80547, 5.42766, -3.45],
							"lerp_mode": "catmullrom"
						},
						"2.0313": {
							"post": [-2.85625, 5.50578, -3.45],
							"lerp_mode": "catmullrom"
						},
						"2.1042": {
							"post": [-2.98453, 5.48609, -3.45],
							"lerp_mode": "catmullrom"
						},
						"2.1979": {
							"post": [-2.93, 5.37406, -3.45],
							"lerp_mode": "catmullrom"
						},
						"2.3125": {
							"post": [-3.22328, 5.35609, -3.45],
							"lerp_mode": "catmullrom"
						},
						"2.3646": {
							"post": [-3.63734, 5.56703, -3.05937],
							"lerp_mode": "catmullrom"
						},
						"2.5313": [-3.63734, 4.77406, -3.05937],
						"2.6563": [-3.63734, 3.75063, -2.58672],
						"3.0104": {
							"pre": [-1.47656, -0.21484, -0.57422],
							"post": [-1.47656, -0.21484, -0.57422],
							"lerp_mode": "catmullrom"
						},
						"3.1042": {
							"post": [-1.47656, -1.00781, -0.57422],
							"lerp_mode": "catmullrom"
						},
						"3.1771": {
							"post": [-1.48, -1.04, -0.37],
							"lerp_mode": "catmullrom"
						},
						"3.2188": {
							"post": [-1.47656, -1, 0.56719],
							"lerp_mode": "catmullrom"
						},
						"3.2604": {
							"post": [-1.48, -1, 1.14813],
							"lerp_mode": "catmullrom"
						},
						"3.3333": {
							"post": [-1.46, -0.62, 0.59],
							"lerp_mode": "catmullrom"
						},
						"3.4375": {
							"post": [-1.43312, -0.07031, 0.99891],
							"lerp_mode": "catmullrom"
						},
						"3.5729": {
							"post": [-1.23078, -0.04, 0.53922],
							"lerp_mode": "catmullrom"
						},
						"3.75": {
							"post": [-0.82031, 0, -0.57422],
							"lerp_mode": "catmullrom"
						},
						"3.9063": {
							"post": [-0.24609, -0.08984, 0],
							"lerp_mode": "catmullrom"
						},
						"4.0729": [-0.00781, 0, 0],
						"4.1875": [0, 0, 0]
					}
				},
				"mag_and_lefthand": {
					"rotation": {
						"0.875": [0, 0, 0],
						"0.9792": [4.75, 0, 0],
						"1.125": [26.90211, 3.88299, -63.31065],
						"1.4896": [26.90211, 3.88299, -63.31065],
						"1.8438": [4.40554, 1.77763, -21.93162],
						"1.9792": [-1.79456, -1.19505, 1.94838],
						"2.0208": [-2.21499, 0.66818, -0.02819],
						"2.0833": [1.95765, -2.11966, 0.7449],
						"2.2083": [-1.97332, -0.17361, 0.86666],
						"2.3438": [0, 0, 0]
					},
					"position": {
						"0.875": [0, 0, 0],
						"0.9792": [0, -6, 0.59766],
						"1.0417": [3.62308, -8.18706, 2.71002],
						"1.125": [2.54688, -13.10156, 7.49063],
						"1.4896": [2.54688, -13.10156, 7.49063],
						"1.8438": [1.45959, -5.41231, 0.54882],
						"1.9792": [-0.19141, -3.6875, 0.08438],
						"2.0208": [-0.09234, -3.41656, 0.08],
						"2.0833": [-0.29797, -3.31891, 0.08],
						"2.2083": [-0.13672, -2.84766, 0.08438],
						"2.3438": [0, 0, 0]
					}
				},
				"bullet": {
					"scale": {
						"0.0": [0, 0, 0],
						"1.3854": [0, 0, 0],
						"1.3958": [1, 1, 1]
					}
				},
				"bullet_in_mag": {
					"scale": {
						"0.0": [0, 0, 0],
						"1.4375": [0, 0, 0],
						"1.4479": [1, 1, 1]
					}
				},
				"mekansi": {
					"position": {
						"0.0": [0, 0, 4.45703],
						"3.1354": [0, 0, 4.45703],
						"3.2292": [0, 0, 4.45703],
						"3.5208": [0, 0, 5.98438],
						"3.6146": [0, 0, 0]
					}
				},
				"bolt": {
					"position": {
						"3.1354": [0, 0, 0],
						"3.2292": [0, 0, 5.98438],
						"3.5208": [0, 0, 5.98438],
						"3.6146": [0, 0, 0]
					}
				},
				"constraint": {
					"rotation": {
						"0.0": [0, 0, 0],
						"0.0417": [0.25, 0.25, 0.25],
						"4.0": [0.25, 0.25, 0.25],
						"4.1875": [0, 0, 0]
					},
					"position": {
						"0.0": [0, 0, 0],
						"0.0417": [0.25, 0.25, 0.25],
						"4.0": [0.25, 0.25, 0.25],
						"4.1875": [0, 0, 0]
					}
				},
				"uh": {
					"position": {
						"0.0": [0, 0, 6.05859],
						"3.5208": [0, 0, 6.06],
						"3.6146": [0, 0, 0]
					}
				}
			},
			"sound_effects": {
				"0.0313": {
					"effect": "daffas_arsenal:wawan2000/daffas_wawan2000_bujal1"
				},
				"0.0729": {
					"effect": "daffas_arsenal:wawan2000/daffas_wawan2000_oraiso"
				},
				"0.1563": {
					"effect": "daffas_arsenal:wawan2000/daffas_wawan2000_bujal3"
				},
				"0.6458": {
					"effect": "daffas_arsenal:wawan2000/daffas_wawan2000_magout2"
				},
				"0.8021": {
					"effect": "daffas_arsenal:wawan2000/daffas_wawan2000_magout1"
				},
				"1.125": {
					"effect": "daffas_arsenal:wawan2000/daffas_wawan2000_rataleo"
				},
				"1.4479": {
					"effect": "daffas_arsenal:wawan2000/daffas_wawan2000_bujal1"
				},
				"1.9792": {
					"effect": "daffas_arsenal:wawan2000/daffas_wawan2000_magin1"
				},
				"2.1771": {
					"effect": "daffas_arsenal:wawan2000/daffas_wawan2000_magin2"
				},
				"2.6979": {
					"effect": "daffas_arsenal:wawan2000/daffas_wawan2000_cook1"
				},
				"3.0313": {
					"effect": "daffas_arsenal:wawan2000/daffas_wawan2000_ratale"
				},
				"3.3125": {
					"effect": "daffas_arsenal:wawan2000/daffas_wawan2000_bujal4"
				},
				"3.4896": {
					"effect": "daffas_arsenal:wawan2000/daffas_wawan2000_cook2"
				}
			}
		},
		"reload_tactical": {
			"animation_length": 3.7708,
			"bones": {
				"lefthand": {
					"rotation": {
						"0.0": [92.08205, -35.83371, -136.28586],
						"0.1667": [92.08205, -35.83371, -136.28586],
						"0.625": [93.59545, -10.3821, -145.55368],
						"0.7083": [93.59545, -5.1321, -143.05368],
						"0.7813": [93.59545, -10.3821, -145.55368],
						"2.6042": [93.59545, -10.3821, -145.55368],
						"2.7604": [96.35, -11.09, -144.46],
						"2.9063": [92.08205, -35.83371, -136.28586]
					},
					"position": {
						"0.0": [7.77384, 0.2207, -11.50815],
						"0.1667": [7.77384, 0.2207, -11.50815],
						"0.3958": [10.66125, -0.9, -1.54],
						"0.5208": [9.92953, -1.51, 3.89],
						"0.625": [6.98484, -2.02219, 8.41969],
						"0.7083": [6.66453, -2.23703, 8.41969],
						"0.7813": [6.98484, -2.02219, 8.41969],
						"2.6042": [6.98484, -2.02219, 8.41969],
						"2.7604": [10.26, -0.28, 2.37],
						"2.9063": [7.77384, 0.2207, -11.50815]
					},
					"scale": {
						"0.0": [1, 1.5, 1],
						"0.1667": [1, 1.5, 1],
						"2.7604": [1, 1.5, 1]
					}
				},
				"righthand": {
					"rotation": {
						"0.0": [99.93798, 14.81965, -179.61385],
						"2.7604": [99.94, 14.82, -179.61]
					},
					"position": {
						"0.0": [-6.65781, -0.01094, 1.80001],
						"2.7604": [-6.66, -0.01, 1.8]
					},
					"scale": {
						"0.0": [1, 1.5, 1],
						"2.7604": [1, 1.5, 1]
					}
				},
				"righthand_pos": {
					"position": {
						"0.0": [0, 0, 0],
						"2.7604": [0, 0, 0]
					}
				},
				"camera": {
					"rotation": {
						"0.0": {
							"post": [0, 0, 0],
							"lerp_mode": "catmullrom"
						},
						"0.1146": {
							"post": [1.01953, 0.25, 0.25],
							"lerp_mode": "catmullrom"
						},
						"0.3646": {
							"post": [2.52, 0.75, -0.5],
							"lerp_mode": "catmullrom"
						},
						"0.625": {
							"post": [2.77, 1, 0.5],
							"lerp_mode": "catmullrom"
						},
						"0.8438": {
							"post": [3.02, 0.75, -0.25],
							"lerp_mode": "catmullrom"
						},
						"0.9063": {
							"post": [3.27, 1, 0.25],
							"lerp_mode": "catmullrom"
						},
						"0.9583": {
							"post": [3.48, 1.25, 0.56],
							"lerp_mode": "catmullrom"
						},
						"1.0208": {
							"post": [3.77, 1.5, -1.75],
							"lerp_mode": "catmullrom"
						},
						"1.0833": {
							"post": [4.06, 1.41, -0.35],
							"lerp_mode": "catmullrom"
						},
						"1.1667": {
							"post": [4.27, 1.25, -0.25],
							"lerp_mode": "catmullrom"
						},
						"1.2813": {
							"post": [4.27, 0.75, 0.5],
							"lerp_mode": "catmullrom"
						},
						"1.5313": {
							"post": [4.52, 1, -0.5],
							"lerp_mode": "catmullrom"
						},
						"1.9479": {
							"post": [4.77, 1.25, 0.25],
							"lerp_mode": "catmullrom"
						},
						"2.1458": {
							"post": [4.77, 1.5, 0.75],
							"lerp_mode": "catmullrom"
						},
						"2.2188": {
							"post": [5.02, 1.5, 0.25],
							"lerp_mode": "catmullrom"
						},
						"2.2813": {
							"post": [5.18, 1.55, -0.44],
							"lerp_mode": "catmullrom"
						},
						"2.3125": {
							"post": [5.32, 1.6, 0.85],
							"lerp_mode": "catmullrom"
						},
						"2.4167": {
							"post": [5.19, 1.67, -0.6],
							"lerp_mode": "catmullrom"
						},
						"2.5208": {
							"post": [4.93563, 1.8, 0.25],
							"lerp_mode": "catmullrom"
						},
						"2.7292": {
							"post": [2.99, 1.6, 0.8],
							"lerp_mode": "catmullrom"
						},
						"2.9375": {
							"post": [0.67, 0.29, -0.16],
							"lerp_mode": "catmullrom"
						},
						"3.1042": {
							"post": [1.25, 0, -0.5],
							"lerp_mode": "catmullrom"
						},
						"3.375": {
							"post": [0.15, 0, 0.6],
							"lerp_mode": "catmullrom"
						},
						"3.7083": [0, 0, 0]
					}
				},
				"root": {
					"rotation": {
						"0.0": {
							"post": [0, 0, 0],
							"lerp_mode": "catmullrom"
						},
						"0.0938": {
							"post": [1.3907, -0.82881, 2.213],
							"lerp_mode": "catmullrom"
						},
						"0.1667": {
							"post": [2.03204, -0.65917, -0.46414],
							"lerp_mode": "catmullrom"
						},
						"0.3438": {
							"post": [-4.11377, 0.18824, -13.55772],
							"lerp_mode": "catmullrom"
						},
						"0.625": [-41.29, 0.27, -26.42],
						"0.7188": [-43.57834, 1.93317, -22.00962],
						"0.8438": {
							"pre": [-43.62, 0.86, -22.57],
							"post": [-43.62, 0.86, -22.57],
							"lerp_mode": "catmullrom"
						},
						"0.8958": {
							"post": [-42.80326, 0.84627, -19.22555],
							"lerp_mode": "catmullrom"
						},
						"0.9479": {
							"post": [-40.8887, 5.07712, -14.9898],
							"lerp_mode": "catmullrom"
						},
						"1.0625": {
							"post": [-43.58904, -1.30781, -23.39611],
							"lerp_mode": "catmullrom"
						},
						"1.1979": {
							"post": [-46.23652, 1.88489, -20.70291],
							"lerp_mode": "catmullrom"
						},
						"1.375": {
							"post": [-43.59104, 3.10152, -18.21283],
							"lerp_mode": "catmullrom"
						},
						"1.5833": {
							"post": [-42.43878, 1.65616, -19.85048],
							"lerp_mode": "catmullrom"
						},
						"1.7813": {
							"post": [-42.68452, -2.43135, -24.82494],
							"lerp_mode": "catmullrom"
						},
						"1.9583": {
							"post": [-43.50058, -9.42226, -33.01886],
							"lerp_mode": "catmullrom"
						},
						"2.0521": {
							"post": [-43.11096, -9.31261, -32.40002],
							"lerp_mode": "catmullrom"
						},
						"2.125": {
							"post": [-42.44797, -7.18257, -29.13381],
							"lerp_mode": "catmullrom"
						},
						"2.2396": {
							"post": [-43.20581, -7.81648, -30.88935],
							"lerp_mode": "catmullrom"
						},
						"2.2917": {
							"post": [-42.90722, -6.851, -29.51928],
							"lerp_mode": "catmullrom"
						},
						"2.3542": {
							"post": [-42.11429, -5.14697, -26.48815],
							"lerp_mode": "catmullrom"
						},
						"2.4375": {
							"post": [-40.69459, 0.52547, -18.20786],
							"lerp_mode": "catmullrom"
						},
						"2.5521": {
							"post": [-39.85725, -3.33306, -20.5178],
							"lerp_mode": "catmullrom"
						},
						"2.7188": {
							"post": [-29.97, 4.68, -14.9],
							"lerp_mode": "catmullrom"
						},
						"2.9583": {
							"post": [1.5, -3.75, -5.5],
							"lerp_mode": "catmullrom"
						},
						"3.125": {
							"post": [4, -2.5, 2],
							"lerp_mode": "catmullrom"
						},
						"3.2813": {
							"post": [0, 0, 0],
							"lerp_mode": "catmullrom"
						},
						"3.4792": {
							"post": [-1, 0.5, 1.25],
							"lerp_mode": "catmullrom"
						},
						"3.7083": [0, 0, 0]
					},
					"position": {
						"0.0": {
							"post": [0, 0, 0],
							"lerp_mode": "catmullrom"
						},
						"0.0938": {
							"post": [0, -0.55469, 0],
							"lerp_mode": "catmullrom"
						},
						"0.1667": {
							"post": [0, -0.93359, 0],
							"lerp_mode": "catmullrom"
						},
						"0.3438": {
							"post": [0, 0.92578, -0.96484],
							"lerp_mode": "catmullrom"
						},
						"0.625": [-2.28125, 6.24609, -3.35937],
						"0.7188": [-2.55078, 6.44922, -3.35937],
						"0.8438": {
							"pre": [-2.53, 6.28, -3.4],
							"post": [-2.53, 6.28, -3.4],
							"lerp_mode": "catmullrom"
						},
						"0.8958": {
							"post": [-2.77266, 6.23313, -3.36],
							"lerp_mode": "catmullrom"
						},
						"0.9479": {
							"post": [-3.24141, 6.57688, -2.68812],
							"lerp_mode": "catmullrom"
						},
						"1.0208": {
							"post": [-3.51781, 6.48844, -3.00187],
							"lerp_mode": "catmullrom"
						},
						"1.1458": {
							"post": [-3.18594, 6.44031, -2.94578],
							"lerp_mode": "catmullrom"
						},
						"1.3333": {
							"post": [-3.02, 5.66297, -3.35766],
							"lerp_mode": "catmullrom"
						},
						"1.5417": {
							"post": [-2.79219, 5.67063, -3.50453],
							"lerp_mode": "catmullrom"
						},
						"1.7396": {
							"post": [-2.71953, 5.77531, -3.45],
							"lerp_mode": "catmullrom"
						},
						"1.9583": {
							"post": [-2.80547, 5.42766, -3.45],
							"lerp_mode": "catmullrom"
						},
						"2.0521": {
							"post": [-2.85625, 5.50578, -3.45],
							"lerp_mode": "catmullrom"
						},
						"2.125": {
							"post": [-2.98453, 5.48609, -3.45],
							"lerp_mode": "catmullrom"
						},
						"2.2188": {
							"post": [-2.93, 5.37406, -3.45],
							"lerp_mode": "catmullrom"
						},
						"2.3333": {
							"post": [-3.22328, 5.35609, -3.45],
							"lerp_mode": "catmullrom"
						},
						"2.3854": {
							"post": [-3.63734, 5.56703, -3.05937],
							"lerp_mode": "catmullrom"
						},
						"2.5521": [-3.63734, 4.77406, -3.05937],
						"2.7188": [-3.23, 1.95, -2.18],
						"2.9583": {
							"pre": [0, -0.75, 0],
							"post": [0, -0.75, 0],
							"lerp_mode": "catmullrom"
						},
						"3.125": {
							"post": [0, -1.81641, 0],
							"lerp_mode": "catmullrom"
						},
						"3.375": {
							"post": [0, 0, 0],
							"lerp_mode": "catmullrom"
						},
						"3.7083": [0, 0, 0]
					}
				},
				"mag_and_lefthand": {
					"rotation": {
						"0.8958": [0, 0, 0],
						"1.0625": [4.75, 0, 0],
						"1.2813": [26.90211, 3.88299, -63.31065],
						"1.5104": [26.90211, 3.88299, -63.31065],
						"1.8646": [4.40554, 1.77763, -21.93162],
						"2.0": [-1.79456, -1.19505, 1.94838],
						"2.0417": [-2.21499, 0.66818, -0.02819],
						"2.1042": [1.95765, -2.11966, 0.7449],
						"2.2292": [-1.97332, -0.17361, 0.86666],
						"2.3646": [0, 0, 0],
						"2.7604": [0, 0, 0]
					},
					"position": {
						"0.8958": [0, 0, 0],
						"1.0625": [0, -6, 0.59766],
						"1.1458": [3.62308, -8.18706, 2.71002],
						"1.2813": [2.54688, -13.10156, 7.49063],
						"1.5104": [2.54688, -13.10156, 7.49063],
						"1.8646": [1.45959, -5.41231, 0.54882],
						"2.0": [-0.19141, -3.6875, 0.08438],
						"2.0417": [-0.09234, -3.41656, 0.08],
						"2.1042": [-0.29797, -3.31891, 0.08],
						"2.2292": [-0.13672, -2.84766, 0.08438],
						"2.3646": [0, 0, 0],
						"2.7604": [0, 0, 0]
					}
				},
				"bullet": {
					"scale": {
						"0.0": [0, 0, 0],
						"1.4063": [0, 0, 0],
						"1.4167": [1, 1, 1],
						"2.7604": [1, 1, 1]
					}
				},
				"mekansi": {
					"position": [0, 0, 0]
				},
				"bolt": {
					"position": [0, 0, 0]
				},
				"constraint": {
					"rotation": {
						"0.0": [0, 0, 0],
						"0.0729": [0.25, 0.25, 0.25],
						"3.5208": [0.25, 0.25, 0.25],
						"3.7083": [0, 0, 0]
					},
					"position": {
						"0.0": [0, 0, 0],
						"0.0729": [0.25, 0.25, 0.25],
						"3.5208": [0.25, 0.25, 0.25],
						"3.7083": [0, 0, 0]
					}
				}
			},
			"sound_effects": {
				"0.0": {
					"effect": "daffas_arsenal:wawan2000/daffas_wawan2000_bujal1"
				},
				"0.0729": {
					"effect": "daffas_arsenal:wawan2000/daffas_wawan2000_oraiso"
				},
				"0.1771": {
					"effect": "daffas_arsenal:wawan2000/daffas_wawan2000_bujal3"
				},
				"0.6667": {
					"effect": "daffas_arsenal:wawan2000/daffas_wawan2000_magout2"
				},
				"0.8229": {
					"effect": "daffas_arsenal:wawan2000/daffas_wawan2000_magout1"
				},
				"1.1458": {
					"effect": "daffas_arsenal:wawan2000/daffas_wawan2000_rataleo"
				},
				"1.4688": {
					"effect": "daffas_arsenal:wawan2000/daffas_wawan2000_bujal1"
				},
				"2.0": {
					"effect": "daffas_arsenal:wawan2000/daffas_wawan2000_magin1"
				},
				"2.1979": {
					"effect": "daffas_arsenal:wawan2000/daffas_wawan2000_magin2"
				},
				"2.6458": {
					"effect": "daffas_arsenal:wawan2000/daffas_wawan2000_ratale"
				},
				"2.6771": {
					"effect": "daffas_arsenal:wawan2000/daffas_wawan2000_endah"
				},
				"2.7188": {
					"effect": "daffas_arsenal:wawan2000/daffas_wawan2000_bujal4"
				}
			}
		},
		"shoot_1": {
			"animation_length": 1.3958,
			"bones": {
				"camera": {
					"rotation": {
						"0.0": {
							"post": [0, 0, 0],
							"lerp_mode": "catmullrom"
						},
						"0.0104": {
							"post": [-0.9, 0.51, 0.825],
							"lerp_mode": "catmullrom"
						},
						"0.0208": {
							"post": [0.99, 1.26, 1.845],
							"lerp_mode": "catmullrom"
						},
						"0.0313": {
							"post": [0.62579, 0.45, 2.4],
							"lerp_mode": "catmullrom"
						},
						"0.0521": {
							"post": [-0.02, -0.23, 1.12],
							"lerp_mode": "catmullrom"
						},
						"0.1042": {
							"post": [-0.28, 0.3, -0.4],
							"lerp_mode": "catmullrom"
						},
						"0.1771": {
							"post": [-0.28, 0.05, 0.35],
							"lerp_mode": "catmullrom"
						},
						"0.2188": {
							"post": [0, 0, 0],
							"lerp_mode": "catmullrom"
						},
						"0.3125": {
							"post": [0.25, -0.1, -0.25],
							"lerp_mode": "catmullrom"
						},
						"0.4688": [0, 0, 0]
					}
				},
				"root": {
					"rotation": {
						"0.0": {
							"post": [0, 0, 0],
							"lerp_mode": "catmullrom"
						},
						"0.0417": {
							"post": [-1.8, 1.575, 0],
							"lerp_mode": "catmullrom"
						},
						"0.1042": {
							"post": [-2.475, 0.825, 0],
							"lerp_mode": "catmullrom"
						},
						"0.1771": {
							"post": [-1.2, -0.375, 0],
							"lerp_mode": "catmullrom"
						},
						"0.2708": {
							"post": [1.95, -0.3, 0],
							"lerp_mode": "catmullrom"
						},
						"0.3854": {
							"post": [1.08608, -0.51701, -0.85189],
							"lerp_mode": "catmullrom"
						},
						"0.5313": {
							"post": [-0.1875, -0.1875, 0.9375],
							"lerp_mode": "catmullrom"
						},
						"0.75": {
							"post": [0.05813, 0.05813, -0.05812],
							"lerp_mode": "catmullrom"
						},
						"1.0938": [0, 0, 0]
					},
					"position": {
						"0.0": {
							"post": [0, 0, 0],
							"lerp_mode": "catmullrom"
						},
						"0.0104": {
							"post": [0, 0, 2],
							"lerp_mode": "catmullrom"
						},
						"0.0417": {
							"post": [0, 0.10891, 3.75],
							"lerp_mode": "catmullrom"
						},
						"0.1667": {
							"post": [0, 0.16484, -0.16016],
							"lerp_mode": "catmullrom"
						},
						"0.2917": {
							"post": [0, 0.04922, 0.5],
							"lerp_mode": "catmullrom"
						},
						"0.4375": {
							"post": [0, -0.39062, 0.14063],
							"lerp_mode": "catmullrom"
						},
						"0.6042": {
							"post": [-0.01, -0.16609, 0.06],
							"lerp_mode": "catmullrom"
						},
						"0.875": {
							"post": [-0.02734, -0.02734, 0],
							"lerp_mode": "catmullrom"
						},
						"1.2813": [0, 0, 0]
					}
				},
				"lefthand": {
					"rotation": {
						"0.0": {
							"post": [0, 0, 0],
							"lerp_mode": "catmullrom"
						},
						"0.0313": {
							"post": [0, -12.5, 0],
							"lerp_mode": "catmullrom"
						},
						"0.25": [0, 0, 0]
					},
					"position": {
						"0.0": {
							"post": [0, 0, 0],
							"lerp_mode": "catmullrom"
						},
						"0.0313": {
							"post": [0, 0, 0],
							"lerp_mode": "catmullrom"
						},
						"0.25": [0, 0, 0]
					}
				},
				"bullet": {
					"rotation": {
						"0.0729": [0, 0, 0],
						"0.0833": [-9.25, 0, 0],
						"0.1042": [0, 0, 0],
						"0.1354": [0, 0, 0],
						"0.1458": [0, 0, 0]
					},
					"position": {
						"0.0104": [0, -0.24219, 0],
						"0.0313": [0, 0, 0],
						"0.0729": [0, 0, 0],
						"0.0833": [0, 0.21938, -0.61],
						"0.1042": [0, 0.44922, -1.83984],
						"0.1354": [0, 0.44922, -1.83984],
						"0.1458": [0, 0, 0]
					}
				},
				"bullet_in_mag": {
					"rotation": {
						"0.0729": [0, 0, 0],
						"0.0833": [-9.25, 0, 0],
						"0.1042": [0, 0, 0],
						"0.1354": [0, 0, 0],
						"0.1458": [0, 0, 0]
					},
					"position": {
						"0.0104": [0, -0.24219, 0],
						"0.0313": [0, 0, 0],
						"0.0729": [0, 0, 0],
						"0.0833": [0, 0.21938, -0.61],
						"0.1042": [0, 0.44922, -1.83984],
						"0.1354": [0, 0.44922, -1.83984],
						"0.1458": [0, 0, 0]
					}
				},
				"mekansi": {
					"position": {
						"0.0": [0, 0, 0],
						"0.0313": [0, 0, 4.33984],
						"0.0729": [0, 0, 4.33984],
						"0.1354": [0, 0, 0]
					}
				},
				"constraint": {
					"rotation": {
						"0.0": [0, 0, 0],
						"0.0104": [0.1, 0.25, 0.05],
						"0.3125": [0.1, 0.25, 0.05],
						"0.5": [0, 0, 0]
					},
					"position": {
						"0.0": [0, 0, 0],
						"0.0104": [0.25, 0.1, 0.5],
						"0.3125": [0.25, 0.1, 0.5],
						"0.5": [0, 0, 0]
					}
				},
				"uh": {
					"position": {
						"0.0": [0, 0, 0],
						"0.0521": [0, 0, 6],
						"0.1667": [0, 0, 0]
					}
				},
				"smoke_5": {
					"position": {
						"0.0938": [0, 0, 0],
						"0.1146": [0, 0, 0],
						"0.1458": [0, 0, 0],
						"0.1563": [0, 0, 0]
					},
					"scale": {
						"0.0938": [1, 1, 1],
						"0.1146": {
							"pre": [1, 1, 1],
							"post": [400, 400, 400]
						},
						"0.1458": [450, 450, 450],
						"0.1563": {
							"pre": [450, 450, 450],
							"post": [1, 1, 1]
						}
					}
				},
				"smoke_1": {
					"position": {
						"0.0": [0, 0, 0],
						"0.0208": [0, 0, 0],
						"0.0417": [0, 0, 0],
						"0.0521": [0, 0, 0]
					},
					"scale": {
						"0.0": [1, 1, 1],
						"0.0208": {
							"pre": [1, 1, 1],
							"post": [400, 400, 400]
						},
						"0.0417": [800, 800, 800],
						"0.0521": {
							"pre": [800, 800, 800],
							"post": [1, 1, 1]
						}
					}
				},
				"smoke_2": {
					"position": {
						"0.0208": [0, 0, 0],
						"0.0417": [0, 0, 0],
						"0.0625": [0, 0, 0],
						"0.0729": [0, 0, 0]
					},
					"scale": {
						"0.0208": [1, 1, 1],
						"0.0417": {
							"pre": [1, 1, 1],
							"post": [400, 400, 400]
						},
						"0.0625": [800, 800, 800],
						"0.0729": {
							"pre": [800, 800, 800],
							"post": [1, 1, 1]
						}
					}
				},
				"smoke_3": {
					"position": {
						"0.0417": [0, 0, 0],
						"0.0625": [0, 0, 0],
						"0.0833": [0, 0, 0],
						"0.0938": [0, 0, 0]
					},
					"scale": {
						"0.0417": [1, 1, 1],
						"0.0625": {
							"pre": [1, 1, 1],
							"post": [400, 400, 400]
						},
						"0.0833": [600, 600, 600],
						"0.0938": {
							"pre": [600, 600, 600],
							"post": [1, 1, 1]
						}
					}
				},
				"smoke_4": {
					"position": {
						"0.0625": [0, 0, 0],
						"0.0833": [0, 0, 0],
						"0.1146": [0, 0, 0],
						"0.125": [0, 0, 0]
					},
					"scale": {
						"0.0625": [1, 1, 1],
						"0.0833": {
							"pre": [1, 1, 1],
							"post": [400, 400, 400]
						},
						"0.1146": [450, 450, 450],
						"0.125": {
							"pre": [450, 450, 450],
							"post": [1, 1, 1]
						}
					}
				},
				"smoke_6": {
					"position": {
						"0.125": [0, 0, 0],
						"0.1458": [0, 0, 0],
						"0.1771": [0, 0, 0],
						"0.1875": [0, 0, 0]
					},
					"scale": {
						"0.125": [1, 1, 1],
						"0.1458": {
							"pre": [1, 1, 1],
							"post": [400, 400, 400]
						},
						"0.1771": [450, 450, 450],
						"0.1875": {
							"pre": [450, 450, 450],
							"post": [1, 1, 1]
						}
					}
				},
				"smoke_7": {
					"position": {
						"0.1563": [0, 0, 0],
						"0.1771": [0, 0, 0],
						"0.2083": [0, 0, 0],
						"0.2188": [0, 0, 0]
					},
					"scale": {
						"0.1563": [1, 1, 1],
						"0.1771": {
							"pre": [1, 1, 1],
							"post": [400, 400, 400]
						},
						"0.2083": [450, 450, 450],
						"0.2188": {
							"pre": [450, 450, 450],
							"post": [1, 1, 1]
						}
					}
				}
			}
		},
		"shoot_2": {
			"animation_length": 1.3958,
			"bones": {
				"camera": {
					"rotation": {
						"0.0": {
							"post": [0, 0, 0],
							"lerp_mode": "catmullrom"
						},
						"0.0104": {
							"post": [-0.525, -0.615, 0.825],
							"lerp_mode": "catmullrom"
						},
						"0.0208": {
							"post": [1.215, 0.255, 1.845],
							"lerp_mode": "catmullrom"
						},
						"0.0313": {
							"post": [0.62579, 0.45, 2.4],
							"lerp_mode": "catmullrom"
						},
						"0.0521": {
							"post": [0.97, -0.43, 1.12],
							"lerp_mode": "catmullrom"
						},
						"0.1042": {
							"post": [-0.28, 0.3, -0.4],
							"lerp_mode": "catmullrom"
						},
						"0.1771": {
							"post": [-0.28, 0.05, 0.35],
							"lerp_mode": "catmullrom"
						},
						"0.2188": {
							"post": [0, 0, 0],
							"lerp_mode": "catmullrom"
						},
						"0.3125": {
							"post": [0.25, -0.1, -0.25],
							"lerp_mode": "catmullrom"
						},
						"0.4688": [0, 0, 0]
					}
				},
				"root": {
					"rotation": {
						"0.0": {
							"post": [0, 0, 0],
							"lerp_mode": "catmullrom"
						},
						"0.0417": {
							"post": [-1.8, -1.575, 0],
							"lerp_mode": "catmullrom"
						},
						"0.1042": {
							"post": [-2.475, -0.825, 0],
							"lerp_mode": "catmullrom"
						},
						"0.1771": {
							"post": [-1.2, 0.375, 0],
							"lerp_mode": "catmullrom"
						},
						"0.2708": {
							"post": [1.95, 0.3, 0],
							"lerp_mode": "catmullrom"
						},
						"0.3854": {
							"post": [1.08608, 0.51701, 0.85189],
							"lerp_mode": "catmullrom"
						},
						"0.5313": {
							"post": [-0.1875, 0.1875, -0.9375],
							"lerp_mode": "catmullrom"
						},
						"0.75": {
							"post": [0.05813, -0.05812, 0.05813],
							"lerp_mode": "catmullrom"
						},
						"1.0938": [0, 0, 0]
					},
					"position": {
						"0.0": {
							"post": [0, 0, 0],
							"lerp_mode": "catmullrom"
						},
						"0.0104": {
							"post": [0, 0, 2],
							"lerp_mode": "catmullrom"
						},
						"0.0417": {
							"post": [0, 0.10891, 3.75],
							"lerp_mode": "catmullrom"
						},
						"0.1667": {
							"post": [0, 0.16484, -0.16016],
							"lerp_mode": "catmullrom"
						},
						"0.2917": {
							"post": [0, 0.04922, 0.5],
							"lerp_mode": "catmullrom"
						},
						"0.4375": {
							"post": [0, -0.39062, 0.14063],
							"lerp_mode": "catmullrom"
						},
						"0.6042": {
							"post": [-0.01, -0.16609, 0.06],
							"lerp_mode": "catmullrom"
						},
						"0.875": {
							"post": [-0.02734, -0.02734, 0],
							"lerp_mode": "catmullrom"
						},
						"1.2813": [0, 0, 0]
					}
				},
				"lefthand": {
					"rotation": {
						"0.0": {
							"post": [0, 0, 0],
							"lerp_mode": "catmullrom"
						},
						"0.0313": {
							"post": [0, -12.5, 0],
							"lerp_mode": "catmullrom"
						},
						"0.25": [0, 0, 0]
					},
					"position": {
						"0.0": {
							"post": [0, 0, 0],
							"lerp_mode": "catmullrom"
						},
						"0.0313": {
							"post": [0, 0, 0],
							"lerp_mode": "catmullrom"
						},
						"0.25": [0, 0, 0]
					}
				},
				"bullet": {
					"rotation": {
						"0.0729": [0, 0, 0],
						"0.0833": [-9.25, 0, 0],
						"0.1042": [0, 0, 0],
						"0.1354": [0, 0, 0],
						"0.1458": [0, 0, 0]
					},
					"position": {
						"0.0104": [0, -0.24219, 0],
						"0.0313": [0, 0, 0],
						"0.0729": [0, 0, 0],
						"0.0833": [0, 0.21938, -0.61],
						"0.1042": [0, 0.44922, -1.83984],
						"0.1354": [0, 0.44922, -1.83984],
						"0.1458": [0, 0, 0]
					}
				},
				"bullet_in_mag": {
					"rotation": {
						"0.0729": [0, 0, 0],
						"0.0833": [-9.25, 0, 0],
						"0.1042": [0, 0, 0],
						"0.1354": [0, 0, 0],
						"0.1458": [0, 0, 0]
					},
					"position": {
						"0.0104": [0, -0.24219, 0],
						"0.0313": [0, 0, 0],
						"0.0729": [0, 0, 0],
						"0.0833": [0, 0.21938, -0.61],
						"0.1042": [0, 0.44922, -1.83984],
						"0.1354": [0, 0.44922, -1.83984],
						"0.1458": [0, 0, 0]
					}
				},
				"mekansi": {
					"position": {
						"0.0": [0, 0, 0],
						"0.0313": [0, 0, 4.33984],
						"0.0729": [0, 0, 4.33984],
						"0.1354": [0, 0, 0]
					}
				},
				"constraint": {
					"rotation": {
						"0.0": [0, 0, 0],
						"0.0104": [0.1, 0.25, 0.05],
						"0.3125": [0.1, 0.25, 0.05],
						"0.5": [0, 0, 0]
					},
					"position": {
						"0.0": [0, 0, 0],
						"0.0104": [0.25, 0.1, 0.5],
						"0.3125": [0.25, 0.1, 0.5],
						"0.5": [0, 0, 0]
					}
				},
				"uh": {
					"position": {
						"0.0": [0, 0, 0],
						"0.0521": [0, 0, 6],
						"0.1667": [0, 0, 0]
					}
				},
				"smoke_5": {
					"position": {
						"0.0938": [0, 0, 0],
						"0.1146": [0, 0, 0],
						"0.1458": [0, 0, 0],
						"0.1563": [0, 0, 0]
					},
					"scale": {
						"0.0938": [1, 1, 1],
						"0.1146": {
							"pre": [1, 1, 1],
							"post": [400, 400, 400]
						},
						"0.1458": [450, 450, 450],
						"0.1563": {
							"pre": [450, 450, 450],
							"post": [1, 1, 1]
						}
					}
				},
				"smoke_1": {
					"position": {
						"0.0": [0, 0, 0],
						"0.0208": [0, 0, 0],
						"0.0417": [0, 0, 0],
						"0.0521": [0, 0, 0]
					},
					"scale": {
						"0.0": [1, 1, 1],
						"0.0208": {
							"pre": [1, 1, 1],
							"post": [400, 400, 400]
						},
						"0.0417": [800, 800, 800],
						"0.0521": {
							"pre": [800, 800, 800],
							"post": [1, 1, 1]
						}
					}
				},
				"smoke_2": {
					"position": {
						"0.0208": [0, 0, 0],
						"0.0417": [0, 0, 0],
						"0.0625": [0, 0, 0],
						"0.0729": [0, 0, 0]
					},
					"scale": {
						"0.0208": [1, 1, 1],
						"0.0417": {
							"pre": [1, 1, 1],
							"post": [400, 400, 400]
						},
						"0.0625": [800, 800, 800],
						"0.0729": {
							"pre": [800, 800, 800],
							"post": [1, 1, 1]
						}
					}
				},
				"smoke_3": {
					"position": {
						"0.0417": [0, 0, 0],
						"0.0625": [0, 0, 0],
						"0.0833": [0, 0, 0],
						"0.0938": [0, 0, 0]
					},
					"scale": {
						"0.0417": [1, 1, 1],
						"0.0625": {
							"pre": [1, 1, 1],
							"post": [400, 400, 400]
						},
						"0.0833": [600, 600, 600],
						"0.0938": {
							"pre": [600, 600, 600],
							"post": [1, 1, 1]
						}
					}
				},
				"smoke_4": {
					"position": {
						"0.0625": [0, 0, 0],
						"0.0833": [0, 0, 0],
						"0.1146": [0, 0, 0],
						"0.125": [0, 0, 0]
					},
					"scale": {
						"0.0625": [1, 1, 1],
						"0.0833": {
							"pre": [1, 1, 1],
							"post": [400, 400, 400]
						},
						"0.1146": [450, 450, 450],
						"0.125": {
							"pre": [450, 450, 450],
							"post": [1, 1, 1]
						}
					}
				},
				"smoke_6": {
					"position": {
						"0.125": [0, 0, 0],
						"0.1458": [0, 0, 0],
						"0.1771": [0, 0, 0],
						"0.1875": [0, 0, 0]
					},
					"scale": {
						"0.125": [1, 1, 1],
						"0.1458": {
							"pre": [1, 1, 1],
							"post": [400, 400, 400]
						},
						"0.1771": [450, 450, 450],
						"0.1875": {
							"pre": [450, 450, 450],
							"post": [1, 1, 1]
						}
					}
				},
				"smoke_7": {
					"position": {
						"0.1563": [0, 0, 0],
						"0.1771": [0, 0, 0],
						"0.2083": [0, 0, 0],
						"0.2188": [0, 0, 0]
					},
					"scale": {
						"0.1563": [1, 1, 1],
						"0.1771": {
							"pre": [1, 1, 1],
							"post": [400, 400, 400]
						},
						"0.2083": [450, 450, 450],
						"0.2188": {
							"pre": [450, 450, 450],
							"post": [1, 1, 1]
						}
					}
				}
			}
		},
		"shoot_5": {
			"animation_length": 1.3958,
			"bones": {
				"camera": {
					"rotation": {
						"0.0": {
							"post": [0, 0, 0],
							"lerp_mode": "catmullrom"
						},
						"0.0104": {
							"post": [-0.525, -0.615, 0.825],
							"lerp_mode": "catmullrom"
						},
						"0.0208": {
							"post": [1.215, 0.255, 1.845],
							"lerp_mode": "catmullrom"
						},
						"0.0313": {
							"post": [0.62579, 0.45, 2.4],
							"lerp_mode": "catmullrom"
						},
						"0.0521": {
							"post": [0.97, -0.43, 1.12],
							"lerp_mode": "catmullrom"
						},
						"0.1042": {
							"post": [-0.28, 0.3, -0.4],
							"lerp_mode": "catmullrom"
						},
						"0.1771": {
							"post": [-0.28, 0.05, 0.35],
							"lerp_mode": "catmullrom"
						},
						"0.2188": {
							"post": [0, 0, 0],
							"lerp_mode": "catmullrom"
						},
						"0.3125": {
							"post": [0.25, -0.1, -0.25],
							"lerp_mode": "catmullrom"
						},
						"0.4688": [0, 0, 0]
					}
				},
				"root": {
					"rotation": {
						"0.0": {
							"post": [0, 0, 0],
							"lerp_mode": "catmullrom"
						},
						"0.0417": {
							"post": [-3.6, -3.15, 0],
							"lerp_mode": "catmullrom"
						},
						"0.1042": {
							"post": [-4.95, -1.65, 0],
							"lerp_mode": "catmullrom"
						},
						"0.1771": {
							"post": [-2.4, 0.75, 0],
							"lerp_mode": "catmullrom"
						},
						"0.2708": {
							"post": [1.95, 0.3, 0],
							"lerp_mode": "catmullrom"
						},
						"0.3854": {
							"post": [1.08608, 0.51701, 0.85189],
							"lerp_mode": "catmullrom"
						},
						"0.5313": {
							"post": [-0.1875, 0.1875, -0.9375],
							"lerp_mode": "catmullrom"
						},
						"0.75": {
							"post": [0.05813, -0.05812, 0.05813],
							"lerp_mode": "catmullrom"
						},
						"1.0938": [0, 0, 0]
					},
					"position": {
						"0.0": {
							"post": [0, 0, 0],
							"lerp_mode": "catmullrom"
						},
						"0.0104": {
							"post": [0, 0, 2],
							"lerp_mode": "catmullrom"
						},
						"0.0417": {
							"post": [0, 0.10891, 3.75],
							"lerp_mode": "catmullrom"
						},
						"0.1667": {
							"post": [0, 0.16484, -0.16016],
							"lerp_mode": "catmullrom"
						},
						"0.2917": {
							"post": [0, 0.04922, 0.5],
							"lerp_mode": "catmullrom"
						},
						"0.4375": {
							"post": [0, -0.39062, 0.14063],
							"lerp_mode": "catmullrom"
						},
						"0.6042": {
							"post": [0.01, -0.16609, 0.06],
							"lerp_mode": "catmullrom"
						},
						"0.875": {
							"post": [0.02734, -0.02734, 0],
							"lerp_mode": "catmullrom"
						},
						"1.2813": [0, 0, 0]
					}
				},
				"lefthand": {
					"rotation": {
						"0.0": {
							"post": [0, 0, 0],
							"lerp_mode": "catmullrom"
						},
						"0.0313": {
							"post": [0, -12.5, 0],
							"lerp_mode": "catmullrom"
						},
						"0.25": [0, 0, 0]
					},
					"position": {
						"0.0": {
							"post": [0, 0, 0],
							"lerp_mode": "catmullrom"
						},
						"0.0313": {
							"post": [0, 0, 0],
							"lerp_mode": "catmullrom"
						},
						"0.25": [0, 0, 0]
					}
				},
				"bullet": {
					"rotation": {
						"0.0729": [0, 0, 0],
						"0.0833": [-9.25, 0, 0],
						"0.1042": [0, 0, 0],
						"0.1354": [0, 0, 0],
						"0.1458": [0, 0, 0]
					},
					"position": {
						"0.0104": [0, -0.24219, 0],
						"0.0313": [0, 0, 0],
						"0.0729": [0, 0, 0],
						"0.0833": [0, 0.21938, -0.61],
						"0.1042": [0, 0.44922, -1.83984],
						"0.1354": [0, 0.44922, -1.83984],
						"0.1458": [0, 0, 0]
					}
				},
				"bullet_in_mag": {
					"rotation": {
						"0.0729": [0, 0, 0],
						"0.0833": [-9.25, 0, 0],
						"0.1042": [0, 0, 0],
						"0.1354": [0, 0, 0],
						"0.1458": [0, 0, 0]
					},
					"position": {
						"0.0104": [0, -0.24219, 0],
						"0.0313": [0, 0, 0],
						"0.0729": [0, 0, 0],
						"0.0833": [0, 0.21938, -0.61],
						"0.1042": [0, 0.44922, -1.83984],
						"0.1354": [0, 0.44922, -1.83984],
						"0.1458": [0, 0, 0]
					}
				},
				"mekansi": {
					"position": {
						"0.0": [0, 0, 0],
						"0.0313": [0, 0, 4.33984],
						"0.0729": [0, 0, 4.33984],
						"0.1354": [0, 0, 0]
					}
				},
				"constraint": {
					"rotation": {
						"0.0": [0, 0, 0],
						"0.0104": [0.1, 0.25, 0.05],
						"0.3125": [0.1, 0.25, 0.05],
						"0.5": [0, 0, 0]
					},
					"position": {
						"0.0": [0, 0, 0],
						"0.0104": [0.25, 0.1, 0.5],
						"0.3125": [0.25, 0.1, 0.5],
						"0.5": [0, 0, 0]
					}
				},
				"uh": {
					"position": {
						"0.0": [0, 0, 0],
						"0.0521": [0, 0, 6],
						"0.1667": [0, 0, 0]
					}
				},
				"smoke_5": {
					"position": {
						"0.0938": [0, 0, 0],
						"0.1146": [0, 0, 0],
						"0.1458": [0, 0, 0],
						"0.1563": [0, 0, 0]
					},
					"scale": {
						"0.0938": [1, 1, 1],
						"0.1146": {
							"pre": [1, 1, 1],
							"post": [400, 400, 400]
						},
						"0.1458": [450, 450, 450],
						"0.1563": {
							"pre": [450, 450, 450],
							"post": [1, 1, 1]
						}
					}
				},
				"smoke_1": {
					"position": {
						"0.0": [0, 0, 0],
						"0.0208": [0, 0, 0],
						"0.0417": [0, 0, 0],
						"0.0521": [0, 0, 0]
					},
					"scale": {
						"0.0": [1, 1, 1],
						"0.0208": {
							"pre": [1, 1, 1],
							"post": [400, 400, 400]
						},
						"0.0417": [800, 800, 800],
						"0.0521": {
							"pre": [800, 800, 800],
							"post": [1, 1, 1]
						}
					}
				},
				"smoke_2": {
					"position": {
						"0.0208": [0, 0, 0],
						"0.0417": [0, 0, 0],
						"0.0625": [0, 0, 0],
						"0.0729": [0, 0, 0]
					},
					"scale": {
						"0.0208": [1, 1, 1],
						"0.0417": {
							"pre": [1, 1, 1],
							"post": [400, 400, 400]
						},
						"0.0625": [800, 800, 800],
						"0.0729": {
							"pre": [800, 800, 800],
							"post": [1, 1, 1]
						}
					}
				},
				"smoke_3": {
					"position": {
						"0.0417": [0, 0, 0],
						"0.0625": [0, 0, 0],
						"0.0833": [0, 0, 0],
						"0.0938": [0, 0, 0]
					},
					"scale": {
						"0.0417": [1, 1, 1],
						"0.0625": {
							"pre": [1, 1, 1],
							"post": [400, 400, 400]
						},
						"0.0833": [600, 600, 600],
						"0.0938": {
							"pre": [600, 600, 600],
							"post": [1, 1, 1]
						}
					}
				},
				"smoke_4": {
					"position": {
						"0.0625": [0, 0, 0],
						"0.0833": [0, 0, 0],
						"0.1146": [0, 0, 0],
						"0.125": [0, 0, 0]
					},
					"scale": {
						"0.0625": [1, 1, 1],
						"0.0833": {
							"pre": [1, 1, 1],
							"post": [400, 400, 400]
						},
						"0.1146": [450, 450, 450],
						"0.125": {
							"pre": [450, 450, 450],
							"post": [1, 1, 1]
						}
					}
				},
				"smoke_6": {
					"position": {
						"0.125": [0, 0, 0],
						"0.1458": [0, 0, 0],
						"0.1771": [0, 0, 0],
						"0.1875": [0, 0, 0]
					},
					"scale": {
						"0.125": [1, 1, 1],
						"0.1458": {
							"pre": [1, 1, 1],
							"post": [400, 400, 400]
						},
						"0.1771": [450, 450, 450],
						"0.1875": {
							"pre": [450, 450, 450],
							"post": [1, 1, 1]
						}
					}
				},
				"smoke_7": {
					"position": {
						"0.1563": [0, 0, 0],
						"0.1771": [0, 0, 0],
						"0.2083": [0, 0, 0],
						"0.2188": [0, 0, 0]
					},
					"scale": {
						"0.1563": [1, 1, 1],
						"0.1771": {
							"pre": [1, 1, 1],
							"post": [400, 400, 400]
						},
						"0.2083": [450, 450, 450],
						"0.2188": {
							"pre": [450, 450, 450],
							"post": [1, 1, 1]
						}
					}
				}
			}
		},
		"shoot_4": {
			"animation_length": 0.6667,
			"bones": {
				"camera": {
					"rotation": {
						"0.0": {
							"post": [0, 0, 0],
							"lerp_mode": "catmullrom"
						},
						"0.0104": {
							"post": [-1.35, 0.765, 1.2375],
							"lerp_mode": "catmullrom"
						},
						"0.0313": {
							"post": [1.485, 1.89, 2.7675],
							"lerp_mode": "catmullrom"
						},
						"0.0521": {
							"post": [0.93869, 0.675, 3.6],
							"lerp_mode": "catmullrom"
						},
						"0.0729": {
							"post": [-0.03, -0.345, 1.68],
							"lerp_mode": "catmullrom"
						},
						"0.125": {
							"post": [-0.28, 0.3, -0.4],
							"lerp_mode": "catmullrom"
						},
						"0.1771": {
							"post": [-0.28, 0.05, 0.35],
							"lerp_mode": "catmullrom"
						},
						"0.2188": {
							"post": [0, 0, 0],
							"lerp_mode": "catmullrom"
						},
						"0.3125": {
							"post": [0.25, -0.1, -0.25],
							"lerp_mode": "catmullrom"
						},
						"0.4688": [0, 0, 0]
					}
				},
				"root": {
					"rotation": {
						"0.0": {
							"post": [0, 0, 0],
							"lerp_mode": "catmullrom"
						},
						"0.0729": {
							"post": [2.4905, -0.21782, 4.99527],
							"lerp_mode": "catmullrom"
						},
						"0.1354": {
							"post": [-1.47031, 0.6, -2.6],
							"lerp_mode": "catmullrom"
						},
						"0.2292": {
							"post": [-0.97, 0.1, -1.35],
							"lerp_mode": "catmullrom"
						},
						"0.3438": {
							"post": [1, 0, 2.5],
							"lerp_mode": "catmullrom"
						},
						"0.5": {
							"post": [0.5, 0, -1],
							"lerp_mode": "catmullrom"
						},
						"0.6667": [0, 0, 0]
					},
					"position": {
						"0.0": {
							"post": [0, 0, 0],
							"lerp_mode": "catmullrom"
						},
						"0.0313": {
							"post": [0, -1, 2],
							"lerp_mode": "catmullrom"
						},
						"0.1771": {
							"post": [0, 0.10891, 3.75],
							"lerp_mode": "catmullrom"
						},
						"0.3438": {
							"post": [0, -0.03516, 1.83984],
							"lerp_mode": "catmullrom"
						},
						"0.5": {
							"post": [0, -0.05078, 0],
							"lerp_mode": "catmullrom"
						},
						"0.6667": [0, 0, 0]
					}
				},
				"lefthand": {
					"rotation": {
						"0.0": {
							"post": [0, 0, 0],
							"lerp_mode": "catmullrom"
						},
						"0.0313": {
							"post": [0, -12.5, 0],
							"lerp_mode": "catmullrom"
						},
						"0.25": [0, 0, 0]
					},
					"position": {
						"0.0": {
							"post": [0, 0, 0],
							"lerp_mode": "catmullrom"
						},
						"0.0313": {
							"post": [0, 0, 0],
							"lerp_mode": "catmullrom"
						},
						"0.25": [0, 0, 0]
					}
				},
				"bullet": {
					"rotation": {
						"0.0729": [0, 0, 0],
						"0.0833": [-9.25, 0, 0],
						"0.1042": [0, 0, 0],
						"0.1354": [0, 0, 0],
						"0.1458": [0, 0, 0]
					},
					"position": {
						"0.0104": [0, -0.24219, 0],
						"0.0313": [0, 0, 0],
						"0.0729": [0, 0, 0],
						"0.0833": [0, 0.21938, -0.61],
						"0.1042": [0, 0.44922, -1.83984],
						"0.1354": [0, 0.44922, -1.83984],
						"0.1458": [0, 0, 0]
					}
				},
				"bullet_in_mag": {
					"rotation": {
						"0.0729": [0, 0, 0],
						"0.0833": [-9.25, 0, 0],
						"0.1042": [0, 0, 0],
						"0.1354": [0, 0, 0],
						"0.1458": [0, 0, 0]
					},
					"position": {
						"0.0104": [0, -0.24219, 0],
						"0.0313": [0, 0, 0],
						"0.0729": [0, 0, 0],
						"0.0833": [0, 0.21938, -0.61],
						"0.1042": [0, 0.44922, -1.83984],
						"0.1354": [0, 0.44922, -1.83984],
						"0.1458": [0, 0, 0]
					}
				},
				"mekansi": {
					"position": {
						"0.0": [0, 0, 0],
						"0.0313": [0, 0, 4.33984],
						"0.0729": [0, 0, 4.33984],
						"0.1354": [0, 0, 0]
					}
				},
				"constraint": {
					"rotation": {
						"0.0": [0, 0, 0],
						"0.0104": [0.1, 0.25, 0.05],
						"0.3125": [0.1, 0.25, 0.05],
						"0.5": [0, 0, 0]
					},
					"position": {
						"0.0": [0, 0, 0],
						"0.0104": [0.25, 0.1, 0.5],
						"0.3125": [0.25, 0.1, 0.5],
						"0.5": [0, 0, 0]
					}
				},
				"uh": {
					"position": {
						"0.0": [0, 0, 0],
						"0.0521": [0, 0, 6],
						"0.1667": [0, 0, 0]
					}
				},
				"smoke_5": {
					"position": {
						"0.0938": [0, 0, 0],
						"0.1146": [0, 0, 0],
						"0.1458": [0, 0, 0],
						"0.1563": [0, 0, 0]
					},
					"scale": {
						"0.0938": [1, 1, 1],
						"0.1146": {
							"pre": [1, 1, 1],
							"post": [400, 400, 400]
						},
						"0.1458": [450, 450, 450],
						"0.1563": {
							"pre": [450, 450, 450],
							"post": [1, 1, 1]
						}
					}
				},
				"smoke_1": {
					"position": {
						"0.0": [0, 0, 0],
						"0.0208": [0, 0, 0],
						"0.0417": [0, 0, 0],
						"0.0521": [0, 0, 0]
					},
					"scale": {
						"0.0": [1, 1, 1],
						"0.0208": {
							"pre": [1, 1, 1],
							"post": [400, 400, 400]
						},
						"0.0417": [800, 800, 800],
						"0.0521": {
							"pre": [800, 800, 800],
							"post": [1, 1, 1]
						}
					}
				},
				"smoke_2": {
					"position": {
						"0.0208": [0, 0, 0],
						"0.0417": [0, 0, 0],
						"0.0625": [0, 0, 0],
						"0.0729": [0, 0, 0]
					},
					"scale": {
						"0.0208": [1, 1, 1],
						"0.0417": {
							"pre": [1, 1, 1],
							"post": [400, 400, 400]
						},
						"0.0625": [800, 800, 800],
						"0.0729": {
							"pre": [800, 800, 800],
							"post": [1, 1, 1]
						}
					}
				},
				"smoke_3": {
					"position": {
						"0.0417": [0, 0, 0],
						"0.0625": [0, 0, 0],
						"0.0833": [0, 0, 0],
						"0.0938": [0, 0, 0]
					},
					"scale": {
						"0.0417": [1, 1, 1],
						"0.0625": {
							"pre": [1, 1, 1],
							"post": [400, 400, 400]
						},
						"0.0833": [600, 600, 600],
						"0.0938": {
							"pre": [600, 600, 600],
							"post": [1, 1, 1]
						}
					}
				},
				"smoke_4": {
					"position": {
						"0.0625": [0, 0, 0],
						"0.0833": [0, 0, 0],
						"0.1146": [0, 0, 0],
						"0.125": [0, 0, 0]
					},
					"scale": {
						"0.0625": [1, 1, 1],
						"0.0833": {
							"pre": [1, 1, 1],
							"post": [400, 400, 400]
						},
						"0.1146": [450, 450, 450],
						"0.125": {
							"pre": [450, 450, 450],
							"post": [1, 1, 1]
						}
					}
				},
				"smoke_6": {
					"position": {
						"0.125": [0, 0, 0],
						"0.1458": [0, 0, 0],
						"0.1771": [0, 0, 0],
						"0.1875": [0, 0, 0]
					},
					"scale": {
						"0.125": [1, 1, 1],
						"0.1458": {
							"pre": [1, 1, 1],
							"post": [400, 400, 400]
						},
						"0.1771": [450, 450, 450],
						"0.1875": {
							"pre": [450, 450, 450],
							"post": [1, 1, 1]
						}
					}
				},
				"smoke_7": {
					"position": {
						"0.1563": [0, 0, 0],
						"0.1771": [0, 0, 0],
						"0.2083": [0, 0, 0],
						"0.2188": [0, 0, 0]
					},
					"scale": {
						"0.1563": [1, 1, 1],
						"0.1771": {
							"pre": [1, 1, 1],
							"post": [400, 400, 400]
						},
						"0.2083": [450, 450, 450],
						"0.2188": {
							"pre": [450, 450, 450],
							"post": [1, 1, 1]
						}
					}
				}
			}
		},
		"shoot_3": {
			"animation_length": 0.6667,
			"bones": {
				"camera": {
					"rotation": {
						"0.0": {
							"post": [0, 0, 0],
							"lerp_mode": "catmullrom"
						},
						"0.0104": {
							"post": [-0.7875, -0.9225, 1.2375],
							"lerp_mode": "catmullrom"
						},
						"0.0313": {
							"post": [1.8225, 0.3825, 2.7675],
							"lerp_mode": "catmullrom"
						},
						"0.0521": {
							"post": [0.93869, 0.675, 3.6],
							"lerp_mode": "catmullrom"
						},
						"0.0729": {
							"post": [1.455, -0.645, 1.68],
							"lerp_mode": "catmullrom"
						},
						"0.125": {
							"post": [-0.28, 0.3, -0.4],
							"lerp_mode": "catmullrom"
						},
						"0.1771": {
							"post": [-0.28, 0.05, 0.35],
							"lerp_mode": "catmullrom"
						},
						"0.2188": {
							"post": [0, 0, 0],
							"lerp_mode": "catmullrom"
						},
						"0.3125": {
							"post": [0.25, -0.1, -0.25],
							"lerp_mode": "catmullrom"
						},
						"0.4688": [0, 0, 0]
					}
				},
				"root": {
					"rotation": {
						"0.0": {
							"post": [0, 0, 0],
							"lerp_mode": "catmullrom"
						},
						"0.0729": {
							"post": [2.4905, -0.21782, 4.99527],
							"lerp_mode": "catmullrom"
						},
						"0.1354": {
							"post": [-2.22031, -0.85, 2.6],
							"lerp_mode": "catmullrom"
						},
						"0.2292": {
							"post": [-0.97, -0.1, 1.35],
							"lerp_mode": "catmullrom"
						},
						"0.3438": {
							"post": [1, 0, -2.5],
							"lerp_mode": "catmullrom"
						},
						"0.5": {
							"post": [0.5, 0, 1],
							"lerp_mode": "catmullrom"
						},
						"0.6667": [0, 0, 0]
					},
					"position": {
						"0.0": {
							"post": [0, 0, 0],
							"lerp_mode": "catmullrom"
						},
						"0.0313": {
							"post": [-0.4, -1, 2],
							"lerp_mode": "catmullrom"
						},
						"0.1771": {
							"post": [-0.52812, 0.10891, 3.75],
							"lerp_mode": "catmullrom"
						},
						"0.3438": {
							"post": [0, -0.03516, 1.83984],
							"lerp_mode": "catmullrom"
						},
						"0.5": {
							"post": [0, -0.05078, 0],
							"lerp_mode": "catmullrom"
						},
						"0.6667": [0, 0, 0]
					}
				},
				"lefthand": {
					"rotation": {
						"0.0": {
							"post": [0, 0, 0],
							"lerp_mode": "catmullrom"
						},
						"0.0313": {
							"post": [0, -12.5, 0],
							"lerp_mode": "catmullrom"
						},
						"0.25": [0, 0, 0]
					},
					"position": {
						"0.0": {
							"post": [0, 0, 0],
							"lerp_mode": "catmullrom"
						},
						"0.0313": {
							"post": [0, 0, 0],
							"lerp_mode": "catmullrom"
						},
						"0.25": [0, 0, 0]
					}
				},
				"bullet": {
					"rotation": {
						"0.0729": [0, 0, 0],
						"0.0833": [-9.25, 0, 0],
						"0.1042": [0, 0, 0],
						"0.1354": [0, 0, 0],
						"0.1458": [0, 0, 0]
					},
					"position": {
						"0.0104": [0, -0.24219, 0],
						"0.0313": [0, 0, 0],
						"0.0729": [0, 0, 0],
						"0.0833": [0, 0.21938, -0.61],
						"0.1042": [0, 0.44922, -1.83984],
						"0.1354": [0, 0.44922, -1.83984],
						"0.1458": [0, 0, 0]
					}
				},
				"bullet_in_mag": {
					"rotation": {
						"0.0729": [0, 0, 0],
						"0.0833": [-9.25, 0, 0],
						"0.1042": [0, 0, 0],
						"0.1354": [0, 0, 0],
						"0.1458": [0, 0, 0]
					},
					"position": {
						"0.0104": [0, -0.24219, 0],
						"0.0313": [0, 0, 0],
						"0.0729": [0, 0, 0],
						"0.0833": [0, 0.21938, -0.61],
						"0.1042": [0, 0.44922, -1.83984],
						"0.1354": [0, 0.44922, -1.83984],
						"0.1458": [0, 0, 0]
					}
				},
				"mekansi": {
					"position": {
						"0.0": [0, 0, 0],
						"0.0313": [0, 0, 4.33984],
						"0.0729": [0, 0, 4.33984],
						"0.1354": [0, 0, 0]
					}
				},
				"constraint": {
					"rotation": {
						"0.0": [0, 0, 0],
						"0.0104": [0.1, 0.25, 0.05],
						"0.3125": [0.1, 0.25, 0.05],
						"0.5": [0, 0, 0]
					},
					"position": {
						"0.0": [0, 0, 0],
						"0.0104": [0.25, 0.1, 0.5],
						"0.3125": [0.25, 0.1, 0.5],
						"0.5": [0, 0, 0]
					}
				},
				"uh": {
					"position": {
						"0.0": [0, 0, 0],
						"0.0521": [0, 0, 6],
						"0.1667": [0, 0, 0]
					}
				},
				"smoke_1": {
					"position": {
						"0.0": [0, 0, 0],
						"0.0208": [0, 0, 0],
						"0.0417": [0, 0, 0],
						"0.0521": [0, 0, 0]
					},
					"scale": {
						"0.0": [1, 1, 1],
						"0.0208": {
							"pre": [1, 1, 1],
							"post": [400, 400, 400]
						},
						"0.0417": [800, 800, 800],
						"0.0521": {
							"pre": [800, 800, 800],
							"post": [1, 1, 1]
						}
					}
				},
				"smoke_2": {
					"position": {
						"0.0208": [0, 0, 0],
						"0.0417": [0, 0, 0],
						"0.0625": [0, 0, 0],
						"0.0729": [0, 0, 0]
					},
					"scale": {
						"0.0208": [1, 1, 1],
						"0.0417": {
							"pre": [1, 1, 1],
							"post": [400, 400, 400]
						},
						"0.0625": [800, 800, 800],
						"0.0729": {
							"pre": [800, 800, 800],
							"post": [1, 1, 1]
						}
					}
				},
				"smoke_3": {
					"position": {
						"0.0417": [0, 0, 0],
						"0.0625": [0, 0, 0],
						"0.0833": [0, 0, 0],
						"0.0938": [0, 0, 0]
					},
					"scale": {
						"0.0417": [1, 1, 1],
						"0.0625": {
							"pre": [1, 1, 1],
							"post": [400, 400, 400]
						},
						"0.0833": [600, 600, 600],
						"0.0938": {
							"pre": [600, 600, 600],
							"post": [1, 1, 1]
						}
					}
				},
				"smoke_4": {
					"position": {
						"0.0625": [0, 0, 0],
						"0.0833": [0, 0, 0],
						"0.1146": [0, 0, 0],
						"0.125": [0, 0, 0]
					},
					"scale": {
						"0.0625": [1, 1, 1],
						"0.0833": {
							"pre": [1, 1, 1],
							"post": [400, 400, 400]
						},
						"0.1146": [450, 450, 450],
						"0.125": {
							"pre": [450, 450, 450],
							"post": [1, 1, 1]
						}
					}
				},
				"smoke_5": {
					"position": {
						"0.0938": [0, 0, 0],
						"0.1146": [0, 0, 0],
						"0.1458": [0, 0, 0],
						"0.1563": [0, 0, 0]
					},
					"scale": {
						"0.0938": [1, 1, 1],
						"0.1146": {
							"pre": [1, 1, 1],
							"post": [400, 400, 400]
						},
						"0.1458": [450, 450, 450],
						"0.1563": {
							"pre": [450, 450, 450],
							"post": [1, 1, 1]
						}
					}
				},
				"smoke_6": {
					"position": {
						"0.125": [0, 0, 0],
						"0.1458": [0, 0, 0],
						"0.1771": [0, 0, 0],
						"0.1875": [0, 0, 0]
					},
					"scale": {
						"0.125": [1, 1, 1],
						"0.1458": {
							"pre": [1, 1, 1],
							"post": [400, 400, 400]
						},
						"0.1771": [450, 450, 450],
						"0.1875": {
							"pre": [450, 450, 450],
							"post": [1, 1, 1]
						}
					}
				},
				"smoke_7": {
					"position": {
						"0.1563": [0, 0, 0],
						"0.1771": [0, 0, 0],
						"0.2083": [0, 0, 0],
						"0.2188": [0, 0, 0]
					},
					"scale": {
						"0.1563": [1, 1, 1],
						"0.1771": {
							"pre": [1, 1, 1],
							"post": [400, 400, 400]
						},
						"0.2083": [450, 450, 450],
						"0.2188": {
							"pre": [450, 450, 450],
							"post": [1, 1, 1]
						}
					}
				}
			}
		},
		"shoot_last": {
			"animation_length": 0.6771,
			"bones": {
				"camera": {
					"rotation": {
						"0.0": {
							"post": [0, 0, 0],
							"lerp_mode": "catmullrom"
						},
						"0.0104": {
							"post": [-0.7875, 0.9225, -1.2375],
							"lerp_mode": "catmullrom"
						},
						"0.0313": {
							"post": [1.8225, -0.3825, -2.7675],
							"lerp_mode": "catmullrom"
						},
						"0.0521": {
							"post": [0.93869, -0.675, -3.6],
							"lerp_mode": "catmullrom"
						},
						"0.0729": {
							"post": [1.455, 0.645, -1.68],
							"lerp_mode": "catmullrom"
						},
						"0.125": {
							"post": [-0.28, -0.3, 0.4],
							"lerp_mode": "catmullrom"
						},
						"0.1771": {
							"post": [-0.28, -0.05, -0.35],
							"lerp_mode": "catmullrom"
						},
						"0.2188": {
							"post": [0, 0, 0],
							"lerp_mode": "catmullrom"
						},
						"0.3125": {
							"post": [0.25, 0.1, 0.25],
							"lerp_mode": "catmullrom"
						},
						"0.4688": [0, 0, 0]
					}
				},
				"root": {
					"rotation": {
						"0.0": {
							"post": [0, 0, 0],
							"lerp_mode": "catmullrom"
						},
						"0.0729": {
							"post": [2.4905, -0.21782, 4.99527],
							"lerp_mode": "catmullrom"
						},
						"0.1354": {
							"post": [-2.22031, -0.85, 2.6],
							"lerp_mode": "catmullrom"
						},
						"0.2188": {
							"post": [-0.97, -0.1, 1.35],
							"lerp_mode": "catmullrom"
						},
						"0.3333": {
							"post": [1, 0, -2.5],
							"lerp_mode": "catmullrom"
						},
						"0.4896": {
							"post": [0.5, 0, 1],
							"lerp_mode": "catmullrom"
						},
						"0.6771": [0, 0, 0]
					},
					"position": {
						"0.0": {
							"post": [0, 0, 0],
							"lerp_mode": "catmullrom"
						},
						"0.0313": {
							"post": [-0.4, -1, 2],
							"lerp_mode": "catmullrom"
						},
						"0.1667": {
							"post": [-0.52812, 0.10891, 3.75],
							"lerp_mode": "catmullrom"
						},
						"0.3333": {
							"post": [0, -0.03516, 1.83984],
							"lerp_mode": "catmullrom"
						},
						"0.4896": {
							"post": [0, -0.05078, 0],
							"lerp_mode": "catmullrom"
						},
						"0.6771": [0, 0, 0]
					}
				},
				"lefthand": {
					"rotation": {
						"0.0": {
							"post": [0, 0, 0],
							"lerp_mode": "catmullrom"
						},
						"0.0313": {
							"post": [0, -12.5, 0],
							"lerp_mode": "catmullrom"
						},
						"0.25": [0, 0, 0]
					},
					"position": {
						"0.0": {
							"post": [0, 0, 0],
							"lerp_mode": "catmullrom"
						},
						"0.0313": {
							"post": [0, 0, 0],
							"lerp_mode": "catmullrom"
						},
						"0.25": [0, 0, 0]
					}
				},
				"constraint": {
					"rotation": {
						"0.0": [0, 0, 0],
						"0.0104": [0.1, 0.25, 0.05],
						"0.3125": [0.1, 0.25, 0.05],
						"0.5": [0, 0, 0]
					},
					"position": {
						"0.0": [0, 0, 0],
						"0.0104": [0.25, 0.1, 0.5],
						"0.3125": [0.25, 0.1, 0.5],
						"0.5": [0, 0, 0]
					}
				},
				"smoke_1": {
					"position": {
						"0.0": [0, 0, 0],
						"0.0208": [0, 0, 0],
						"0.0417": [0, 0, 0],
						"0.0521": [0, 0, 0]
					},
					"scale": {
						"0.0": [1, 1, 1],
						"0.0208": {
							"pre": [1, 1, 1],
							"post": [400, 400, 400]
						},
						"0.0417": [800, 800, 800],
						"0.0521": {
							"pre": [800, 800, 800],
							"post": [1, 1, 1]
						}
					}
				},
				"smoke_2": {
					"position": {
						"0.0208": [0, 0, 0],
						"0.0417": [0, 0, 0],
						"0.0625": [0, 0, 0],
						"0.0729": [0, 0, 0]
					},
					"scale": {
						"0.0208": [1, 1, 1],
						"0.0417": {
							"pre": [1, 1, 1],
							"post": [400, 400, 400]
						},
						"0.0625": [800, 800, 800],
						"0.0729": {
							"pre": [800, 800, 800],
							"post": [1, 1, 1]
						}
					}
				},
				"smoke_3": {
					"position": {
						"0.0417": [0, 0, 0],
						"0.0625": [0, 0, 0],
						"0.0833": [0, 0, 0],
						"0.0938": [0, 0, 0]
					},
					"scale": {
						"0.0417": [1, 1, 1],
						"0.0625": {
							"pre": [1, 1, 1],
							"post": [400, 400, 400]
						},
						"0.0833": [600, 600, 600],
						"0.0938": {
							"pre": [600, 600, 600],
							"post": [1, 1, 1]
						}
					}
				},
				"smoke_4": {
					"position": {
						"0.0625": [0, 0, 0],
						"0.0833": [0, 0, 0],
						"0.1146": [0, 0, 0],
						"0.125": [0, 0, 0]
					},
					"scale": {
						"0.0625": [1, 1, 1],
						"0.0833": {
							"pre": [1, 1, 1],
							"post": [400, 400, 400]
						},
						"0.1146": [450, 450, 450],
						"0.125": {
							"pre": [450, 450, 450],
							"post": [1, 1, 1]
						}
					}
				},
				"smoke_5": {
					"position": {
						"0.0938": [0, 0, 0],
						"0.1146": [0, 0, 0],
						"0.1458": [0, 0, 0],
						"0.1563": [0, 0, 0]
					},
					"scale": {
						"0.0938": [1, 1, 1],
						"0.1146": {
							"pre": [1, 1, 1],
							"post": [400, 400, 400]
						},
						"0.1458": [450, 450, 450],
						"0.1563": {
							"pre": [450, 450, 450],
							"post": [1, 1, 1]
						}
					}
				},
				"smoke_6": {
					"position": {
						"0.125": [0, 0, 0],
						"0.1458": [0, 0, 0],
						"0.1771": [0, 0, 0],
						"0.1875": [0, 0, 0]
					},
					"scale": {
						"0.125": [1, 1, 1],
						"0.1458": {
							"pre": [1, 1, 1],
							"post": [400, 400, 400]
						},
						"0.1771": [450, 450, 450],
						"0.1875": {
							"pre": [450, 450, 450],
							"post": [1, 1, 1]
						}
					}
				},
				"smoke_7": {
					"position": {
						"0.1563": [0, 0, 0],
						"0.1771": [0, 0, 0],
						"0.2083": [0, 0, 0],
						"0.2188": [0, 0, 0]
					},
					"scale": {
						"0.1563": [1, 1, 1],
						"0.1771": {
							"pre": [1, 1, 1],
							"post": [400, 400, 400]
						},
						"0.2083": [450, 450, 450],
						"0.2188": {
							"pre": [450, 450, 450],
							"post": [1, 1, 1]
						}
					}
				},
				"uh": {
					"position": {
						"0.0": [0, 0, 0],
						"0.0521": [0, 0, 6],
						"0.1667": [0, 0, 0]
					}
				}
			}
		},
		"shoot_cam_shake": {
			"animation_length": 0.4688,
			"bones": {
				"camera": {
					"rotation": {
						"0.0": {
							"post": [0, 0, 0],
							"lerp_mode": "catmullrom"
						},
						"0.0313": {
							"post": [0.41719, 0.3, 1.6],
							"lerp_mode": "catmullrom"
						},
						"0.1042": {
							"post": [-0.28, 0.3, -0.4],
							"lerp_mode": "catmullrom"
						},
						"0.1771": {
							"post": [-0.28, 0.05, 0.35],
							"lerp_mode": "catmullrom"
						},
						"0.2188": {
							"post": [0, 0, 0],
							"lerp_mode": "catmullrom"
						},
						"0.3125": {
							"post": [0.25, -0.1, -0.25],
							"lerp_mode": "catmullrom"
						},
						"0.4688": [0, 0, 0]
					}
				}
			}
		},
		"melee_stock": {
			"animation_length": 1.1042,
			"bones": {
				"camera": {
					"rotation": {
						"0.0": {
							"post": [0, 0, 0],
							"lerp_mode": "catmullrom"
						},
						"0.1042": {
							"post": [0, 2.5, -1],
							"lerp_mode": "catmullrom"
						},
						"0.2708": {
							"post": [0.15, 1.75, 1.5],
							"lerp_mode": "catmullrom"
						},
						"0.3646": {
							"post": [0.57, -4.62, 2.05],
							"lerp_mode": "catmullrom"
						},
						"0.4479": {
							"post": [1.3, -3.025, -1.5],
							"lerp_mode": "catmullrom"
						},
						"0.6354": {
							"post": [2.55, -4.345, -0.225],
							"lerp_mode": "catmullrom"
						},
						"0.8333": {
							"post": [1.225, -0.65, 0.925],
							"lerp_mode": "catmullrom"
						},
						"1.1042": [0, 0, 0]
					}
				},
				"root": {
					"rotation": {
						"0.0": {
							"post": [0, 0, 0],
							"lerp_mode": "catmullrom"
						},
						"0.1146": {
							"post": [0, -15, 12.5],
							"lerp_mode": "catmullrom"
						},
						"0.2188": {
							"post": [0, -52.5, 12.5],
							"lerp_mode": "catmullrom"
						},
						"0.2813": [-78.73363, -61.0709, 97.73779],
						"0.3542": [-141.23363, -41.0709, 170.23779],
						"0.4792": {
							"pre": [-109.8, -63.43, 130.51],
							"post": [-109.8, -63.43, 130.51],
							"lerp_mode": "catmullrom"
						},
						"0.5938": {
							"post": [-67.19767, -79.49393, 78.90777],
							"lerp_mode": "catmullrom"
						},
						"0.7813": [-7.82, -28.82, 16.04],
						"0.8542": [-1.38, -3.03, 0.77],
						"0.9271": [0, 2.5, -2.5],
						"1.1042": [0, 0, 0]
					},
					"position": {
						"0.0": {
							"post": [0, 0, 0],
							"lerp_mode": "catmullrom"
						},
						"0.1146": {
							"post": [-4, -0.75, 3],
							"lerp_mode": "catmullrom"
						},
						"0.2188": {
							"post": [-2, 2.25, -1],
							"lerp_mode": "catmullrom"
						},
						"0.2813": [2.88438, 2.25, -2.17969],
						"0.3542": [8.88438, 0.25, -2.17969],
						"0.4792": {
							"pre": [6.89, -3.61, -2.32],
							"post": [6.89, -3.61, -2.32],
							"lerp_mode": "catmullrom"
						},
						"0.8542": [-0.19, -0.51, -0.1],
						"0.9271": [-0.48047, -0.35547, 0],
						"1.1042": [0, 0, 0]
					}
				},
				"righthand": {
					"rotation": {
						"0.0": [0, 0, 0],
						"0.2708": [0, -57.5, 0],
						"0.3646": [0, -85, 0],
						"0.6354": [0, -57.5, 0],
						"0.8333": [0, 0, 0]
					}
				}
			}
		}
	}
}