{
	"format_version": "1.12.0",
	"minecraft:geometry": [
		{
			"description": {
				"identifier": "geometry.unknown",
				"texture_width": 128,
				"texture_height": 128,
				"visible_bounds_width": 3,
				"visible_bounds_height": 1.5,
				"visible_bounds_offset": [0, 0.25, 0]
			},
			"bones": [
				{
					"name": "oem_stock_tactical",
					"pivot": [-0.3927, 1.36594, 8.88923],
					"cubes": [
						{
							"origin": [0.69854, -1.04625, 5.77449],
							"size": [0.25885, 1.82965, 0.78245],
							"inflate": 0.002,
							"uv": {
								"north": {"uv": [22.5, 25.25], "uv_size": [0.25, 1.75]},
								"east": {"uv": [20.5, 0.5], "uv_size": [0.75, 1.75]},
								"west": {"uv": [12.75, 20.5], "uv_size": [0.75, 1.75]},
								"up": {"uv": [28.75, 28.5], "uv_size": [0.25, 0.75]},
								"down": {"uv": [0, 29.75], "uv_size": [0.25, -0.75]}
							}
						},
						{
							"origin": [0.56764, 0.00096, -3.38851],
							"size": [0.25885, 0.52065, 9.16005],
							"inflate": 0.002,
							"uv": {
								"north": {"uv": [29.5, 11.25], "uv_size": [0.25, 0.5]},
								"east": {"uv": [11.25, 14.5], "uv_size": [8.75, 0.5]},
								"west": {"uv": [11.25, 15.25], "uv_size": [8.75, 0.5]},
								"up": {"uv": [5.75, 17.5], "uv_size": [0.25, 8.75]},
								"down": {"uv": [6.25, 26.25], "uv_size": [0.25, -8.75]}
							}
						},
						{
							"origin": [-0.82649, 0.00096, -3.38851],
							"size": [0.25885, 0.52065, 9.16005],
							"inflate": 0.002,
							"uv": {
								"north": {"uv": [29.5, 14.25], "uv_size": [0.25, 0.5]},
								"east": {"uv": [15.25, 13], "uv_size": [8.75, 0.5]},
								"west": {"uv": [15.25, 13.75], "uv_size": [8.75, 0.5]},
								"up": {"uv": [9.25, 19], "uv_size": [0.25, 8.75]},
								"down": {"uv": [9.75, 27.75], "uv_size": [0.25, -8.75]}
							}
						},
						{
							"origin": [-0.69588, -1.04625, 5.77449],
							"size": [1.39175, 1.82965, 0.25885],
							"inflate": 0.002,
							"uv": {
								"north": {"uv": [0, 18], "uv_size": [1.25, 1.75]},
								"south": {"uv": [18, 10.25], "uv_size": [1.25, 1.75]},
								"up": {"uv": [26.75, 5.25], "uv_size": [1.25, 0.25]},
								"down": {"uv": [10.25, 27], "uv_size": [1.25, -0.25]}
							}
						},
						{
							"origin": [0.69707, -1.04772, 6.55842],
							"size": [0.2618, 0.2618, 0.58497],
							"pivot": [0.82797, -1.04772, 6.55842],
							"rotation": [26.6, 0, 0],
							"uv": {
								"east": {"uv": [29.25, 25.5], "uv_size": [0.5, 0.25]},
								"west": {"uv": [29.25, 28.5], "uv_size": [0.5, 0.25]},
								"down": {"uv": [29.25, 29.5], "uv_size": [0.25, -0.5]}
							}
						},
						{
							"origin": [0.69707, -0.38707, 6.08187],
							"size": [0.2618, 1.17196, 0.47655],
							"pivot": [0, 0.78489, 6.55842],
							"rotation": [26.55, 0, 0],
							"uv": {
								"east": {"uv": [14.25, 24], "uv_size": [0.5, 1]},
								"south": {"uv": [17.75, 27.5], "uv_size": [0.25, 1]},
								"west": {"uv": [18.25, 24.25], "uv_size": [0.5, 1]}
							}
						},
						{
							"origin": [0.69854, -0.78445, 6.55989],
							"size": [0.25885, 0.52065, 0.52065],
							"inflate": 0.002,
							"uv": {
								"east": {"uv": [22.5, 27.25], "uv_size": [0.5, 0.5]},
								"south": {"uv": [29.25, 24.75], "uv_size": [0.25, 0.5]},
								"west": {"uv": [2.75, 27.5], "uv_size": [0.5, 0.5]}
							}
						},
						{
							"origin": [-0.95739, -1.04625, 5.77449],
							"size": [0.25885, 1.82965, 0.78245],
							"inflate": 0.002,
							"uv": {
								"north": {"uv": [23, 25.25], "uv_size": [0.25, 1.75]},
								"east": {"uv": [13.75, 20.5], "uv_size": [0.75, 1.75]},
								"west": {"uv": [14.75, 20.5], "uv_size": [0.75, 1.75]},
								"up": {"uv": [0.5, 29], "uv_size": [0.25, 0.75]},
								"down": {"uv": [1, 29.75], "uv_size": [0.25, -0.75]}
							}
						},
						{
							"origin": [-0.95887, -0.38707, 6.08187],
							"size": [0.2618, 1.17196, 0.47655],
							"pivot": [0, 0.78489, 6.55842],
							"rotation": [26.55, 0, 0],
							"uv": {
								"east": {"uv": [21, 24.25], "uv_size": [0.5, 1]},
								"south": {"uv": [27.5, 24.5], "uv_size": [0.25, 1]},
								"west": {"uv": [21.75, 24.25], "uv_size": [0.5, 1]}
							}
						},
						{
							"origin": [-0.95739, -0.78445, 6.55989],
							"size": [0.25885, 0.52065, 0.52065],
							"inflate": 0.002,
							"uv": {
								"east": {"uv": [27.5, 12.25], "uv_size": [0.5, 0.5]},
								"south": {"uv": [29.5, 3.75], "uv_size": [0.25, 0.5]},
								"west": {"uv": [24, 27.5], "uv_size": [0.5, 0.5]}
							}
						},
						{
							"origin": [-0.95887, -1.04772, 6.55842],
							"size": [0.2618, 0.2618, 0.58497],
							"pivot": [-0.82797, -1.04772, 6.55842],
							"rotation": [26.6, 0, 0],
							"uv": {
								"east": {"uv": [29.5, 0.5], "uv_size": [0.5, 0.25]},
								"west": {"uv": [29.5, 2.5], "uv_size": [0.5, 0.25]},
								"down": {"uv": [29.5, 3.5], "uv_size": [0.25, -0.5]}
							}
						},
						{
							"origin": [-1.0472, -0.45866, 6.5846],
							"size": [2.0944, 0.2618, 0.2618],
							"pivot": [0, -0.32776, 6.7155],
							"rotation": [-45, 0, 0],
							"uv": {
								"north": {"uv": [24.25, 13.5], "uv_size": [2, 0.25]},
								"east": {"uv": [30.5, 4], "uv_size": [0.25, 0.25]},
								"south": {"uv": [24.25, 14], "uv_size": [2, 0.25]},
								"west": {"uv": [30.5, 4.5], "uv_size": [0.25, 0.25]},
								"up": {"uv": [24.25, 23.25], "uv_size": [2, 0.25]},
								"down": {"uv": [24.5, 5.5], "uv_size": [2, -0.25]}
							}
						}
					]
				},
				{
					"name": "dubay3",
					"parent": "oem_stock_tactical",
					"pivot": [0, -0.31579, 9.09116],
					"rotation": [-95, 0, 0],
					"cubes": [
						{
							"origin": [0.39168, 1.13303, 5.33439],
							"size": [0.26385, 0.2618, 1.0472],
							"pivot": [-0.30334, 3.53378, 4.74962],
							"rotation": [-12.5, 0, 0],
							"uv": {
								"east": {"uv": [79, 28.75], "uv_size": [1, 0.25]},
								"west": {"uv": [79, 48], "uv_size": [1, 0.25]},
								"up": {"uv": [79, 48.5], "uv_size": [0.25, 1]},
								"down": {"uv": [79, 50.75], "uv_size": [0.25, -1]}
							}
						},
						{
							"origin": [-0.4694, 1.20144, 5.15677],
							"size": [0.93879, 0.2618, 0.2618],
							"pivot": [0.4694, 3.60218, 4.4411],
							"rotation": [-12.5, 0, 0],
							"uv": {
								"north": {"uv": [62.25, 51.25], "uv_size": [1, 0.25]},
								"south": {"uv": [79.25, 42], "uv_size": [1, 0.25]},
								"up": {"uv": [79.25, 42.5], "uv_size": [1, 0.25]},
								"down": {"uv": [79.25, 43.25], "uv_size": [1, -0.25]}
							}
						},
						{
							"origin": [-0.14844, 1.16375, 4.86608],
							"size": [0.2618, 0.25883, 0.2618],
							"pivot": [-0.6545, 3.56212, 4.62182],
							"rotation": [-17.40744, -43.65747, 12.2127],
							"uv": {
								"east": {"uv": [82.25, 50.5], "uv_size": [0.25, 0.25]},
								"west": {"uv": [82.25, 51], "uv_size": [0.25, 0.25]},
								"up": {"uv": [82.25, 51.5], "uv_size": [0.25, 0.25]},
								"down": {"uv": [79.75, 54.5], "uv_size": [0.25, -0.25]}
							}
						},
						{
							"origin": [-0.11336, 1.16375, 4.86608],
							"size": [0.2618, 0.25883, 0.2618],
							"pivot": [0.6545, 3.56212, 4.62182],
							"rotation": [-17.40744, 43.65747, -12.2127],
							"uv": {
								"east": {"uv": [82.5, 51], "uv_size": [-0.25, 0.25]},
								"west": {"uv": [82.5, 50.5], "uv_size": [-0.25, 0.25]},
								"up": {"uv": [82.5, 51.5], "uv_size": [-0.25, 0.25]},
								"down": {"uv": [80, 54.5], "uv_size": [-0.25, -0.25]}
							}
						},
						{
							"origin": [0.3927, 0.83672, 5.82331],
							"size": [0.2618, 0.2618, 1.0472],
							"uv": {
								"east": {"uv": [79, 51], "uv_size": [1, 0.25]},
								"west": {"uv": [79.25, 24.5], "uv_size": [1, 0.25]},
								"up": {"uv": [56.5, 51.25], "uv_size": [0.25, 1]},
								"down": {"uv": [59.75, 52.25], "uv_size": [0.25, -1]}
							}
						},
						{
							"origin": [0.39168, 0.98658, 6.30858],
							"size": [0.26385, 0.2618, 1.309],
							"pivot": [-0.30334, 3.47711, 7.27372],
							"rotation": [12.5, 0, 0],
							"uv": {
								"east": {"uv": [78.5, 34.75], "uv_size": [1.25, 0.25]},
								"west": {"uv": [78.5, 35.25], "uv_size": [1.25, 0.25]},
								"up": {"uv": [59.25, 50.5], "uv_size": [0.25, 1.25]},
								"down": {"uv": [66.75, 51.75], "uv_size": [0.25, -1.25]}
							}
						},
						{
							"origin": [0.3927, 1.11384, 8.0918],
							"size": [0.2618, 0.2618, 0.6545],
							"uv": {
								"east": {"uv": [73, 53.25], "uv_size": [0.5, 0.25]},
								"west": {"uv": [81.25, 45.25], "uv_size": [0.5, 0.25]},
								"up": {"uv": [73.75, 53.25], "uv_size": [0.25, 0.5]},
								"down": {"uv": [81.25, 46.25], "uv_size": [0.25, -0.5]}
							}
						},
						{
							"origin": [0.39168, 1.99329, 10.2695],
							"size": [0.26385, 0.2618, 0.79005],
							"pivot": [-0.30334, 3.65403, 8.44632],
							"rotation": [-45, 0, 0],
							"uv": {
								"east": {"uv": [80.75, 25.5], "uv_size": [0.75, 0.25]},
								"west": {"uv": [80.75, 26], "uv_size": [0.75, 0.25]},
								"up": {"uv": [54.75, 52.75], "uv_size": [0.25, 0.75]},
								"down": {"uv": [55.25, 53.5], "uv_size": [0.25, -0.75]}
							}
						},
						{
							"origin": [0.3927, -1.00102, 9.14308],
							"size": [0.2618, 1.8326, 0.2618],
							"pivot": [-0.30437, 3.06032, 9.09423],
							"rotation": [-2.5, 0, 0],
							"uv": {
								"north": {"uv": [68.75, 48.75], "uv_size": [0.25, 1.75]},
								"east": {"uv": [69.25, 48.75], "uv_size": [0.25, 1.75]},
								"south": {"uv": [71, 49], "uv_size": [0.25, 1.75]},
								"west": {"uv": [71.5, 49], "uv_size": [0.25, 1.75]}
							}
						},
						{
							"origin": [1.19977, -1.17509, 9.06898],
							"size": [0.06545, 0.2618, 0.2618],
							"pivot": [0.6545, 1.36594, 8.88923],
							"rotation": [-2.41492, 0.64686, 14.98637],
							"uv": {
								"north": {"uv": [82.25, 52], "uv_size": [0.25, 0.25]},
								"south": {"uv": [80.25, 54.25], "uv_size": [0.25, 0.25]},
								"west": {"uv": [82.25, 53], "uv_size": [0.25, 0.25]}
							}
						},
						{
							"origin": [-0.21802, -1.17509, 9.06898],
							"size": [0.06545, 0.2618, 0.2618],
							"pivot": [0.3927, 1.36594, 8.88923],
							"rotation": [-2.41492, -0.64686, -14.98637],
							"uv": {
								"north": {"uv": [82, 54.25], "uv_size": [0.25, 0.25]},
								"east": {"uv": [82.5, 24], "uv_size": [0.25, 0.25]},
								"south": {"uv": [53.5, 54.5], "uv_size": [0.25, 0.25]}
							}
						},
						{
							"origin": [-0.65552, 1.13303, 5.33439],
							"size": [0.26385, 0.2618, 1.0472],
							"pivot": [0.30539, 3.53378, 4.74962],
							"rotation": [-12.5, 0, 0],
							"uv": {
								"east": {"uv": [79.25, 45.5], "uv_size": [1, 0.25]},
								"west": {"uv": [53.5, 51.5], "uv_size": [1, 0.25]},
								"up": {"uv": [70.25, 51.25], "uv_size": [0.25, 1]},
								"down": {"uv": [73, 52.25], "uv_size": [0.25, -1]}
							}
						},
						{
							"origin": [-0.65552, 0.98658, 6.30858],
							"size": [0.26385, 0.2618, 1.309],
							"pivot": [0.30539, 3.47711, 7.27372],
							"rotation": [12.5, 0, 0],
							"uv": {
								"east": {"uv": [78.5, 37.5], "uv_size": [1.25, 0.25]},
								"west": {"uv": [78.5, 38], "uv_size": [1.25, 0.25]},
								"up": {"uv": [67.25, 50.5], "uv_size": [0.25, 1.25]},
								"down": {"uv": [67.75, 51.75], "uv_size": [0.25, -1.25]}
							}
						},
						{
							"origin": [-0.6545, 0.83672, 5.82331],
							"size": [0.2618, 0.2618, 1.0472],
							"uv": {
								"east": {"uv": [79.25, 44.5], "uv_size": [1, 0.25]},
								"west": {"uv": [79.25, 45], "uv_size": [1, 0.25]},
								"up": {"uv": [60.25, 51.25], "uv_size": [0.25, 1]},
								"down": {"uv": [66.25, 52.25], "uv_size": [0.25, -1]}
							}
						},
						{
							"origin": [-0.6545, 1.11384, 8.0918],
							"size": [0.2618, 0.2618, 0.6545],
							"uv": {
								"east": {"uv": [74.25, 53.25], "uv_size": [0.5, 0.25]},
								"west": {"uv": [81.25, 46.5], "uv_size": [0.5, 0.25]},
								"up": {"uv": [81.25, 48], "uv_size": [0.25, 0.5]},
								"down": {"uv": [76.25, 53.75], "uv_size": [0.25, -0.5]}
							}
						},
						{
							"origin": [-0.65552, 1.99329, 10.2695],
							"size": [0.26385, 0.2618, 0.79005],
							"pivot": [0.30539, 3.65403, 8.44632],
							"rotation": [-45, 0, 0],
							"uv": {
								"east": {"uv": [61.25, 52.75], "uv_size": [0.75, 0.25]},
								"west": {"uv": [80.75, 34.75], "uv_size": [0.75, 0.25]},
								"up": {"uv": [69.75, 52.75], "uv_size": [0.25, 0.75]},
								"down": {"uv": [80.75, 49.75], "uv_size": [0.25, -0.75]}
							}
						},
						{
							"origin": [-0.6545, -1.00102, 9.14308],
							"size": [0.2618, 1.8326, 0.2618],
							"pivot": [0.30437, 3.06032, 9.09423],
							"rotation": [-2.5, 0, 0],
							"uv": {
								"north": {"uv": [72, 49], "uv_size": [0.25, 1.75]},
								"east": {"uv": [77, 47.75], "uv_size": [0.25, 1.75]},
								"south": {"uv": [77.25, 34.75], "uv_size": [0.25, 1.75]},
								"west": {"uv": [66.25, 49.25], "uv_size": [0.25, 1.75]}
							}
						},
						{
							"origin": [0.45713, -2.29656, 9.06898],
							"size": [0.13295, 1.30287, 0.2618],
							"pivot": [-0.30334, 1.36594, 8.88923],
							"rotation": [-2.5, 0, 0],
							"uv": {
								"north": {"uv": [68.25, 50.5], "uv_size": [0.25, 1.25]},
								"east": {"uv": [78.5, 47], "uv_size": [0.25, 1.25]},
								"south": {"uv": [78.5, 48.5], "uv_size": [0.25, 1.25]},
								"west": {"uv": [78.5, 50], "uv_size": [0.25, 1.25]}
							}
						},
						{
							"origin": [-0.59007, -2.29656, 9.06898],
							"size": [0.13295, 1.30287, 0.2618],
							"pivot": [0.30334, 1.36594, 8.88923],
							"rotation": [-2.5, 0, 0],
							"uv": {
								"north": {"uv": [52, 50.75], "uv_size": [0.25, 1.25]},
								"east": {"uv": [52.5, 50.75], "uv_size": [0.25, 1.25]},
								"south": {"uv": [55.5, 50.75], "uv_size": [0.25, 1.25]},
								"west": {"uv": [56, 50.75], "uv_size": [0.25, 1.25]}
							}
						},
						{
							"origin": [-1.26522, -1.17509, 9.06898],
							"size": [0.06545, 0.2618, 0.2618],
							"pivot": [-0.6545, 1.36594, 8.88923],
							"rotation": [-2.41492, -0.64686, -14.98637],
							"uv": {
								"north": {"uv": [55.5, 54.5], "uv_size": [0.25, 0.25]},
								"east": {"uv": [82.5, 27.5], "uv_size": [0.25, 0.25]},
								"south": {"uv": [56, 54.5], "uv_size": [0.25, 0.25]}
							}
						},
						{
							"origin": [0.15257, -1.17509, 9.06898],
							"size": [0.06545, 0.2618, 0.2618],
							"pivot": [-0.3927, 1.36594, 8.88923],
							"rotation": [-2.41492, 0.64686, 14.98637],
							"uv": {
								"north": {"uv": [54.5, 54.5], "uv_size": [0.25, 0.25]},
								"south": {"uv": [55, 54.5], "uv_size": [0.25, 0.25]},
								"west": {"uv": [82.5, 27], "uv_size": [0.25, 0.25]}
							}
						},
						{
							"origin": [-0.58905, -2.25356, 8.4483],
							"size": [0.1309, 0.68068, 0.2618],
							"pivot": [0, 0.07002, 8.70163],
							"rotation": [17.5, 0, 0],
							"uv": {
								"east": {"uv": [58.25, 53], "uv_size": [0.25, 0.75]},
								"south": {"uv": [81, 30.5], "uv_size": [0.25, 0.75]},
								"west": {"uv": [58.75, 53], "uv_size": [0.25, 0.75]}
							}
						},
						{
							"origin": [0.45815, -3.03896, 8.1865],
							"size": [0.1309, 0.7854, 0.5236],
							"pivot": [0, 0.07002, 8.70163],
							"rotation": [17.5, 0, 0],
							"uv": {
								"north": {"uv": [77, 44.25], "uv_size": [0.25, 0.75]},
								"east": {"uv": [77.25, 29.75], "uv_size": [0.5, 0.75]},
								"south": {"uv": [81, 26.5], "uv_size": [0.25, 0.75]},
								"west": {"uv": [77.25, 40.5], "uv_size": [0.5, 0.75]},
								"down": {"uv": [81.5, 30.5], "uv_size": [0.25, -0.5]}
							}
						},
						{
							"origin": [-0.58905, -3.03896, 8.1865],
							"size": [0.1309, 0.7854, 0.5236],
							"pivot": [0, 0.07002, 8.70163],
							"rotation": [17.5, 0, 0],
							"uv": {
								"north": {"uv": [77.25, 44.25], "uv_size": [-0.25, 0.75]},
								"east": {"uv": [77.75, 40.5], "uv_size": [-0.5, 0.75]},
								"south": {"uv": [81.25, 26.5], "uv_size": [-0.25, 0.75]},
								"west": {"uv": [77.75, 29.75], "uv_size": [-0.5, 0.75]},
								"down": {"uv": [81.75, 30.5], "uv_size": [-0.25, -0.5]}
							}
						},
						{
							"origin": [0.45815, -2.25356, 8.4483],
							"size": [0.1309, 0.68068, 0.2618],
							"pivot": [0, 0.07002, 8.70163],
							"rotation": [17.5, 0, 0],
							"uv": {
								"east": {"uv": [81, 27.5], "uv_size": [0.25, 0.75]},
								"south": {"uv": [56.75, 53], "uv_size": [0.25, 0.75]},
								"west": {"uv": [57.25, 53], "uv_size": [0.25, 0.75]}
							}
						}
					]
				}
			]
		}
	]
}