{
	"format_version": "1.12.0",
	"minecraft:geometry": [
		{
			"description": {
				"identifier": "geometry.unknown",
				"texture_width": 128,
				"texture_height": 128,
				"visible_bounds_width": 117,
				"visible_bounds_height": 66,
				"visible_bounds_offset": [0, 31, 0]
			},
			"bones": [
				{
					"name": "root",
					"pivot": [0, 8, -1]
				},
				{
					"name": "mag_and_lefthand",
					"parent": "root",
					"pivot": [0, 7.5, -3]
				},
				{
					"name": "lefthand",
					"parent": "mag_and_lefthand",
					"pivot": [-6, 19, 0]
				},
				{
					"name": "lefthand_pos",
					"parent": "lefthand",
					"pivot": [0, 8, 0],
					"cubes": [
						{
							"origin": [-7, 8, -2],
							"size": [3, 12, 4],
							"uv": {
								"north": {"uv": [4, 4], "uv_size": [3, 12]},
								"east": {"uv": [0, 4], "uv_size": [4, 12]},
								"south": {"uv": [11, 4], "uv_size": [3, 12]},
								"west": {"uv": [7, 4], "uv_size": [4, 12]},
								"up": {"uv": [4, 0], "uv_size": [3, 4]},
								"down": {"uv": [7, 4], "uv_size": [3, -4]}
							}
						},
						{
							"origin": [-7, 8, -2],
							"size": [3, 12, 4],
							"inflate": 0.2,
							"uv": {
								"north": {"uv": [18, 4], "uv_size": [3, 12]},
								"east": {"uv": [14, 4], "uv_size": [4, 12]},
								"south": {"uv": [25, 4], "uv_size": [3, 12]},
								"west": {"uv": [21, 4], "uv_size": [4, 12]},
								"up": {"uv": [18, 0], "uv_size": [3, 4]},
								"down": {"uv": [21, 4], "uv_size": [3, -4]}
							}
						}
					]
				},
				{
					"name": "mag_and_bullet",
					"parent": "mag_and_lefthand",
					"pivot": [0, 7.3, -0.75],
					"cubes": [
						{
							"origin": [-0.2, 7, -0.95],
							"size": [0.4, 0.6, 0.4],
							"uv": {
								"north": {"uv": [8, 62], "uv_size": [8, 12]},
								"east": {"uv": [0, 62], "uv_size": [8, 12]},
								"south": {"uv": [24, 62], "uv_size": [8, 12]},
								"west": {"uv": [16, 62], "uv_size": [8, 12]},
								"up": {"uv": [8, 54], "uv_size": [8, 8]},
								"down": {"uv": [16, 62], "uv_size": [8, -8]}
							}
						}
					]
				},
				{
					"name": "gun_and_righthand",
					"parent": "root",
					"pivot": [0, 10, 3]
				},
				{
					"name": "righthand",
					"parent": "gun_and_righthand",
					"pivot": [6, 19, 0]
				},
				{
					"name": "righthand_pos",
					"parent": "righthand",
					"pivot": [0, 8, 0],
					"cubes": [
						{
							"origin": [4, 8, -2],
							"size": [3, 12, 4],
							"uv": {
								"north": {"uv": [4, 20], "uv_size": [3, 12]},
								"east": {"uv": [0, 20], "uv_size": [4, 12]},
								"south": {"uv": [11, 20], "uv_size": [3, 12]},
								"west": {"uv": [7, 20], "uv_size": [4, 12]},
								"up": {"uv": [4, 16], "uv_size": [3, 4]},
								"down": {"uv": [7, 20], "uv_size": [3, -4]}
							}
						},
						{
							"origin": [4, 8, -2],
							"size": [3, 12, 4],
							"inflate": 0.2,
							"uv": {
								"north": {"uv": [18, 20], "uv_size": [3, 12]},
								"east": {"uv": [14, 20], "uv_size": [4, 12]},
								"south": {"uv": [25, 20], "uv_size": [3, 12]},
								"west": {"uv": [21, 20], "uv_size": [4, 12]},
								"up": {"uv": [18, 16], "uv_size": [3, 4]},
								"down": {"uv": [21, 20], "uv_size": [3, -4]}
							}
						}
					]
				},
				{
					"name": "p221zldl",
					"parent": "gun_and_righthand",
					"pivot": [0, 7, 3]
				},
				{
					"name": "splasha",
					"parent": "p221zldl",
					"pivot": [0, 4.9, 2.1]
				},
				{
					"name": "splash1",
					"parent": "splasha",
					"pivot": [0, 7.09, -12.3],
					"cubes": [
						{
							"origin": [-0.15, 6.94, -12.3],
							"size": [0.3, 0.3, 0],
							"uv": {
								"south": {"uv": [55, 0], "uv_size": [8, 8]}
							}
						}
					]
				},
				{
					"name": "splash2",
					"parent": "splasha",
					"pivot": [0, 7.09, -9],
					"cubes": [
						{
							"origin": [-0.15, 6.94, -9],
							"size": [0.3, 0.3, 0],
							"uv": {
								"south": {"uv": [55, 0], "uv_size": [8, 8]}
							}
						}
					]
				},
				{
					"name": "splash7",
					"parent": "splasha",
					"pivot": [0, 7.09, -13],
					"cubes": [
						{
							"origin": [-0.15, 6.94, -13],
							"size": [0.3, 0.3, 0],
							"uv": {
								"south": {"uv": [55, 0], "uv_size": [8, 8]}
							}
						}
					]
				},
				{
					"name": "splash8",
					"parent": "splasha",
					"pivot": [0, 7.09, -9],
					"cubes": [
						{
							"origin": [-0.15, 6.94, -9],
							"size": [0.3, 0.3, 0],
							"uv": {
								"south": {"uv": [55, 0], "uv_size": [8, 8]}
							}
						}
					]
				},
				{
					"name": "splash9",
					"parent": "splasha",
					"pivot": [0, 7.09, -7],
					"cubes": [
						{
							"origin": [-0.15, 6.94, -7],
							"size": [0.3, 0.3, 0],
							"uv": {
								"south": {"uv": [55, 0], "uv_size": [8, 8]}
							}
						}
					]
				},
				{
					"name": "splash3",
					"parent": "splasha",
					"pivot": [0, 7.09, -6],
					"cubes": [
						{
							"origin": [-0.15, 6.94, -6],
							"size": [0.3, 0.3, 0],
							"uv": {
								"south": {"uv": [55, 0], "uv_size": [8, 8]}
							}
						}
					]
				},
				{
					"name": "splash4",
					"parent": "splasha",
					"pivot": [0, 7.09, -2.1],
					"cubes": [
						{
							"origin": [-0.15, 6.94, -2.1],
							"size": [0.3, 0.3, 0],
							"uv": {
								"south": {"uv": [55, 0], "uv_size": [8, 8]}
							}
						}
					]
				},
				{
					"name": "splash5",
					"parent": "splasha",
					"pivot": [0, 7.69, -13.8],
					"cubes": [
						{
							"origin": [-0.15, 7.54, -13.8],
							"size": [0.3, 0.3, 0],
							"uv": {
								"south": {"uv": [55, 0], "uv_size": [8, 8]}
							}
						}
					]
				},
				{
					"name": "splash6",
					"parent": "splasha",
					"pivot": [0, 7.69, -13.8],
					"cubes": [
						{
							"origin": [-0.15, 7.54, -13.8],
							"size": [0.3, 0.3, 0],
							"uv": {
								"south": {"uv": [55, 0], "uv_size": [8, 8]}
							}
						}
					]
				},
				{
					"name": "barrel",
					"parent": "p221zldl",
					"pivot": [0, 7.07125, -0.6],
					"cubes": [
						{
							"origin": [-0.8993, 4.9007, -13.7993],
							"size": [1.7986, 1.7986, 0.8986],
							"inflate": 0.001,
							"uv": {
								"north": {"uv": [101, 69], "uv_size": [6, 6]},
								"south": {"uv": [110, 69], "uv_size": [6, 6]},
								"up": {"uv": [101, 66], "uv_size": [6, 3]},
								"down": {"uv": [107, 69], "uv_size": [6, -3]}
							}
						},
						{
							"origin": [-0.9007, 4.8993, -13.8007],
							"size": [1.8014, 0.9014, 0.9014],
							"inflate": -0.001,
							"pivot": [0, 7.07279, -13.2],
							"rotation": [0, 0, -45],
							"uv": {
								"north": {"uv": [101, 105], "uv_size": [6, 3]},
								"south": {"uv": [110, 105], "uv_size": [6, 3]},
								"down": {"uv": [107, 105], "uv_size": [6, -3]}
							}
						},
						{
							"origin": [0.37279, 6.17279, -13.8],
							"size": [1.8, 1.8, 0.9],
							"uv": {
								"north": {"uv": [101, 87], "uv_size": [6, 6]},
								"east": {"uv": [98, 87], "uv_size": [3, 6]},
								"south": {"uv": [110, 87], "uv_size": [6, 6]},
								"west": {"uv": [107, 87], "uv_size": [3, 6]}
							}
						},
						{
							"origin": [-0.8993, 7.44628, -13.7993],
							"size": [1.7986, 1.7986, 0.8986],
							"inflate": 0.001,
							"uv": {
								"north": {"uv": [101, 78], "uv_size": [6, 6]},
								"south": {"uv": [110, 78], "uv_size": [6, 6]},
								"up": {"uv": [101, 75], "uv_size": [6, 3]},
								"down": {"uv": [107, 78], "uv_size": [6, -3]}
							}
						},
						{
							"origin": [-0.9007, 8.34488, -13.8007],
							"size": [1.8014, 0.9014, 0.9014],
							"inflate": -0.001,
							"pivot": [0, 7.07279, -13.2],
							"rotation": [0, 0, 45],
							"uv": {
								"north": {"uv": [3, 106], "uv_size": [6, 3]},
								"south": {"uv": [12, 106], "uv_size": [6, 3]},
								"up": {"uv": [3, 103], "uv_size": [6, 3]}
							}
						},
						{
							"origin": [-0.9007, 8.34488, -13.8007],
							"size": [1.8014, 0.9014, 0.9014],
							"inflate": -0.001,
							"pivot": [0, 7.07279, -13.2],
							"rotation": [0, 0, -45],
							"uv": {
								"north": {"uv": [9, 106], "uv_size": [-6, 3]},
								"south": {"uv": [18, 106], "uv_size": [-6, 3]},
								"up": {"uv": [9, 103], "uv_size": [-6, 3]}
							}
						},
						{
							"origin": [-2.17279, 6.17279, -13.8],
							"size": [1.8, 1.8, 0.9],
							"uv": {
								"north": {"uv": [107, 87], "uv_size": [-6, 6]},
								"east": {"uv": [110, 87], "uv_size": [-3, 6]},
								"south": {"uv": [116, 87], "uv_size": [-6, 6]},
								"west": {"uv": [101, 87], "uv_size": [-3, 6]}
							}
						},
						{
							"origin": [-0.9007, 4.8993, -13.8007],
							"size": [1.8014, 0.9014, 0.9014],
							"inflate": -0.001,
							"pivot": [0, 7.07279, -13.2],
							"rotation": [0, 0, 45],
							"uv": {
								"north": {"uv": [107, 105], "uv_size": [-6, 3]},
								"south": {"uv": [116, 105], "uv_size": [-6, 3]},
								"down": {"uv": [113, 105], "uv_size": [-6, -3]}
							}
						},
						{
							"origin": [-0.6, 6.47279, -13.5],
							"size": [1.2, 1.2, 0.6],
							"uv": {
								"north": {"uv": [110, 48], "uv_size": [4, 4]},
								"east": {"uv": [108, 48], "uv_size": [2, 4]},
								"south": {"uv": [116, 48], "uv_size": [4, 4]},
								"west": {"uv": [114, 48], "uv_size": [2, 4]},
								"up": {"uv": [110, 46], "uv_size": [4, 2]},
								"down": {"uv": [114, 48], "uv_size": [4, -2]}
							}
						},
						{
							"origin": [1.21066, 6.32279, -1.2],
							"size": [0.6, 1.5, 0.9],
							"uv": {
								"north": {"uv": [89, 106], "uv_size": [2, 5]},
								"south": {"uv": [94, 106], "uv_size": [2, 5]},
								"west": {"uv": [91, 106], "uv_size": [3, 5]}
							}
						},
						{
							"origin": [1.31743, 6.06743, -1.1993],
							"size": [0.5986, 1.4986, 0.8986],
							"inflate": 0.001,
							"pivot": [-0.25606, 6.81673, -0.6],
							"rotation": [0, 0, -45],
							"uv": {
								"north": {"uv": [111, 3], "uv_size": [2, 5]},
								"south": {"uv": [116, 3], "uv_size": [2, 5]},
								"west": {"uv": [113, 3], "uv_size": [3, 5]}
							}
						},
						{
							"origin": [1.31743, 6.57956, -1.1993],
							"size": [0.5986, 1.4986, 0.8986],
							"inflate": 0.001,
							"pivot": [-0.25606, 7.32886, -0.6],
							"rotation": [0, 0, 45],
							"uv": {
								"north": {"uv": [111, 11], "uv_size": [2, 5]},
								"south": {"uv": [116, 11], "uv_size": [2, 5]},
								"west": {"uv": [113, 11], "uv_size": [3, 5]}
							}
						},
						{
							"origin": [-0.75, 8.28345, -1.2],
							"size": [1.5, 0.6, 0.9],
							"uv": {
								"north": {"uv": [57, 106], "uv_size": [5, 2]},
								"east": {"uv": [54, 106], "uv_size": [3, 2]},
								"south": {"uv": [65, 106], "uv_size": [5, 2]},
								"west": {"uv": [62, 106], "uv_size": [3, 2]},
								"up": {"uv": [57, 103], "uv_size": [5, 3]},
								"down": {"uv": [62, 106], "uv_size": [5, -3]}
							}
						},
						{
							"origin": [-0.75, 5.26213, -1.2],
							"size": [1.5, 0.6, 0.9],
							"uv": {
								"north": {"uv": [73, 106], "uv_size": [5, 2]},
								"east": {"uv": [70, 106], "uv_size": [3, 2]},
								"south": {"uv": [81, 106], "uv_size": [5, 2]},
								"west": {"uv": [78, 106], "uv_size": [3, 2]},
								"up": {"uv": [73, 103], "uv_size": [5, 3]},
								"down": {"uv": [78, 106], "uv_size": [5, -3]}
							}
						},
						{
							"origin": [-1.91603, 6.57956, -1.1993],
							"size": [0.5986, 1.4986, 0.8986],
							"inflate": 0.001,
							"pivot": [0.25607, 7.32886, -0.6],
							"rotation": [0, 0, -45],
							"uv": {
								"north": {"uv": [111, 19], "uv_size": [2, 5]},
								"east": {"uv": [108, 19], "uv_size": [3, 5]},
								"south": {"uv": [116, 19], "uv_size": [2, 5]}
							}
						},
						{
							"origin": [-1.91603, 6.06743, -1.1993],
							"size": [0.5986, 1.4986, 0.8986],
							"inflate": 0.001,
							"pivot": [0.25607, 6.81673, -0.6],
							"rotation": [0, 0, 45],
							"uv": {
								"north": {"uv": [111, 27], "uv_size": [2, 5]},
								"east": {"uv": [108, 27], "uv_size": [3, 5]},
								"south": {"uv": [116, 27], "uv_size": [2, 5]}
							}
						},
						{
							"origin": [-1.81066, 6.32279, -1.2],
							"size": [0.6, 1.5, 0.9],
							"uv": {
								"north": {"uv": [111, 35], "uv_size": [2, 5]},
								"east": {"uv": [108, 35], "uv_size": [3, 5]},
								"south": {"uv": [116, 35], "uv_size": [2, 5]}
							}
						},
						{
							"origin": [-1.3486, 5.72419, -1.1986],
							"size": [2.6972, 2.6972, 0.8972],
							"inflate": 0.002,
							"uv": {
								"north": {"uv": [101, 57], "uv_size": [9, 9]},
								"south": {"uv": [113, 57], "uv_size": [9, 9]}
							}
						}
					]
				},
				{
					"name": "barrel_left",
					"parent": "barrel",
					"pivot": [0, 4.9, -8.7]
				},
				{
					"name": "barrel8",
					"parent": "barrel_left",
					"pivot": [1.52288, 6.44199, -12.85526],
					"rotation": [0, 0, 22.5],
					"cubes": [
						{
							"origin": [1.81232, 6.43199, -12.76],
							"size": [0.02, 0.02, 14.12],
							"inflate": 0.2,
							"uv": {
								"east": {"uv": [0, 102], "uv_size": [48, 1]},
								"south": {"uv": [97, 102], "uv_size": [1, 1]},
								"west": {"uv": [49, 102], "uv_size": [48, 1]},
								"up": {"uv": [48, 54], "uv_size": [1, 48]},
								"down": {"uv": [49, 102], "uv_size": [1, -48]}
							}
						},
						{
							"origin": [1.334, 6.43199, 0.42421],
							"size": [0.02, 0.02, 0.92],
							"inflate": 0.2,
							"pivot": [1.344, 6.44199, 0.88421],
							"rotation": [0, 5, 0],
							"uv": {
								"north": {"uv": [58, 112], "uv_size": [1, 1]},
								"east": {"uv": [54, 112], "uv_size": [4, 1]},
								"west": {"uv": [59, 112], "uv_size": [4, 1]},
								"up": {"uv": [58, 108], "uv_size": [1, 4]},
								"down": {"uv": [59, 112], "uv_size": [1, -4]}
							}
						},
						{
							"origin": [1.39232, 6.43199, 1.34],
							"size": [0.02, 0.02, 0.02],
							"inflate": 0.2,
							"uv": {
								"north": {"uv": [109, 53], "uv_size": [1, 1]},
								"south": {"uv": [111, 53], "uv_size": [1, 1]},
								"up": {"uv": [109, 52], "uv_size": [1, 1]},
								"down": {"uv": [110, 53], "uv_size": [1, -1]}
							}
						}
					]
				},
				{
					"name": "barrel1",
					"parent": "barrel_left",
					"pivot": [1.64835, 7.07279, -12.85526],
					"cubes": [
						{
							"origin": [1.93779, 7.06279, -12.76],
							"size": [0.02, 0.02, 14.12],
							"inflate": 0.2,
							"uv": {
								"east": {"uv": [0, 102], "uv_size": [48, 1]},
								"south": {"uv": [97, 102], "uv_size": [1, 1]},
								"west": {"uv": [49, 102], "uv_size": [48, 1]},
								"up": {"uv": [48, 54], "uv_size": [1, 48]},
								"down": {"uv": [49, 102], "uv_size": [1, -48]}
							}
						},
						{
							"origin": [1.45947, 7.06279, 0.42421],
							"size": [0.02, 0.02, 0.92],
							"inflate": 0.2,
							"pivot": [1.46947, 7.07279, 0.88421],
							"rotation": [0, 5, 0],
							"uv": {
								"north": {"uv": [58, 112], "uv_size": [1, 1]},
								"east": {"uv": [54, 112], "uv_size": [4, 1]},
								"west": {"uv": [59, 112], "uv_size": [4, 1]},
								"up": {"uv": [58, 108], "uv_size": [1, 4]},
								"down": {"uv": [59, 112], "uv_size": [1, -4]}
							}
						},
						{
							"origin": [1.51779, 7.06279, 1.34],
							"size": [0.02, 0.02, 0.02],
							"inflate": 0.2,
							"uv": {
								"north": {"uv": [109, 53], "uv_size": [1, 1]},
								"south": {"uv": [111, 53], "uv_size": [1, 1]},
								"up": {"uv": [109, 52], "uv_size": [1, 1]},
								"down": {"uv": [110, 53], "uv_size": [1, -1]}
							}
						}
					]
				},
				{
					"name": "barrel4",
					"parent": "barrel_left",
					"pivot": [1.16557, 5.90723, -12.85526],
					"rotation": [0, 0, 45],
					"cubes": [
						{
							"origin": [1.45501, 5.89723, -12.76],
							"size": [0.02, 0.02, 14.12],
							"inflate": 0.2,
							"uv": {
								"east": {"uv": [0, 102], "uv_size": [48, 1]},
								"south": {"uv": [97, 102], "uv_size": [1, 1]},
								"west": {"uv": [49, 102], "uv_size": [48, 1]},
								"up": {"uv": [48, 54], "uv_size": [1, 48]},
								"down": {"uv": [49, 102], "uv_size": [1, -48]}
							}
						},
						{
							"origin": [0.97669, 5.89723, 0.42421],
							"size": [0.02, 0.02, 0.92],
							"inflate": 0.2,
							"pivot": [0.98669, 5.90723, 0.88421],
							"rotation": [0, 5, 0],
							"uv": {
								"north": {"uv": [58, 112], "uv_size": [1, 1]},
								"east": {"uv": [54, 112], "uv_size": [4, 1]},
								"west": {"uv": [59, 112], "uv_size": [4, 1]},
								"up": {"uv": [58, 108], "uv_size": [1, 4]},
								"down": {"uv": [59, 112], "uv_size": [1, -4]}
							}
						},
						{
							"origin": [1.03501, 5.89723, 1.34],
							"size": [0.02, 0.02, 0.02],
							"inflate": 0.2,
							"uv": {
								"north": {"uv": [109, 53], "uv_size": [1, 1]},
								"south": {"uv": [111, 53], "uv_size": [1, 1]},
								"up": {"uv": [109, 52], "uv_size": [1, 1]},
								"down": {"uv": [110, 53], "uv_size": [1, -1]}
							}
						}
					]
				},
				{
					"name": "barrel5",
					"parent": "barrel_left",
					"pivot": [1.16555, 8.23835, -12.85526],
					"rotation": [0, 0, -45],
					"cubes": [
						{
							"origin": [1.45499, 8.22835, -12.76],
							"size": [0.02, 0.02, 14.12],
							"inflate": 0.2,
							"uv": {
								"east": {"uv": [0, 102], "uv_size": [48, 1]},
								"south": {"uv": [97, 102], "uv_size": [1, 1]},
								"west": {"uv": [49, 102], "uv_size": [48, 1]},
								"up": {"uv": [48, 54], "uv_size": [1, 48]},
								"down": {"uv": [49, 102], "uv_size": [1, -48]}
							}
						},
						{
							"origin": [0.97667, 8.22835, 0.42421],
							"size": [0.02, 0.02, 0.92],
							"inflate": 0.2,
							"pivot": [0.98667, 8.23835, 0.88421],
							"rotation": [0, 5, 0],
							"uv": {
								"north": {"uv": [58, 112], "uv_size": [1, 1]},
								"east": {"uv": [54, 112], "uv_size": [4, 1]},
								"west": {"uv": [59, 112], "uv_size": [4, 1]},
								"up": {"uv": [58, 108], "uv_size": [1, 4]},
								"down": {"uv": [59, 112], "uv_size": [1, -4]}
							}
						},
						{
							"origin": [1.03499, 8.22835, 1.34],
							"size": [0.02, 0.02, 0.02],
							"inflate": 0.2,
							"uv": {
								"north": {"uv": [109, 53], "uv_size": [1, 1]},
								"south": {"uv": [111, 53], "uv_size": [1, 1]},
								"down": {"uv": [110, 53], "uv_size": [1, -1]}
							}
						}
					]
				},
				{
					"name": "barrel6",
					"parent": "barrel_left",
					"pivot": [0.63079, 8.59566, -12.85526],
					"rotation": [0, 0, -67.5],
					"cubes": [
						{
							"origin": [0.92023, 8.58566, -12.76],
							"size": [0.02, 0.02, 14.12],
							"inflate": 0.2,
							"uv": {
								"east": {"uv": [0, 102], "uv_size": [48, 1]},
								"south": {"uv": [97, 102], "uv_size": [1, 1]},
								"west": {"uv": [49, 102], "uv_size": [48, 1]},
								"up": {"uv": [48, 54], "uv_size": [1, 48]},
								"down": {"uv": [49, 102], "uv_size": [1, -48]}
							}
						},
						{
							"origin": [0.44191, 8.58566, 0.42421],
							"size": [0.02, 0.02, 0.92],
							"inflate": 0.2,
							"pivot": [0.45191, 8.59566, 0.88421],
							"rotation": [0, 5, 0],
							"uv": {
								"north": {"uv": [58, 112], "uv_size": [1, 1]},
								"east": {"uv": [54, 112], "uv_size": [4, 1]},
								"west": {"uv": [59, 112], "uv_size": [4, 1]},
								"up": {"uv": [58, 108], "uv_size": [1, 4]},
								"down": {"uv": [59, 112], "uv_size": [1, -4]}
							}
						},
						{
							"origin": [0.50023, 8.58566, 1.34],
							"size": [0.02, 0.02, 0.02],
							"inflate": 0.2,
							"uv": {
								"north": {"uv": [109, 53], "uv_size": [1, 1]},
								"south": {"uv": [111, 53], "uv_size": [1, 1]},
								"up": {"uv": [109, 52], "uv_size": [1, 1]},
								"down": {"uv": [110, 53], "uv_size": [1, -1]}
							}
						}
					]
				},
				{
					"name": "barrel7",
					"parent": "barrel_left",
					"pivot": [1.52288, 7.70359, -12.85526],
					"rotation": [0, 0, -22.5],
					"cubes": [
						{
							"origin": [1.81231, 7.69359, -12.76],
							"size": [0.02, 0.02, 14.12],
							"inflate": 0.2,
							"uv": {
								"east": {"uv": [0, 102], "uv_size": [48, 1]},
								"south": {"uv": [97, 102], "uv_size": [1, 1]},
								"west": {"uv": [49, 102], "uv_size": [48, 1]},
								"up": {"uv": [48, 54], "uv_size": [1, 48]},
								"down": {"uv": [49, 102], "uv_size": [1, -48]}
							}
						},
						{
							"origin": [1.33399, 7.69359, 0.42421],
							"size": [0.02, 0.02, 0.92],
							"inflate": 0.2,
							"pivot": [1.34399, 7.70359, 0.88421],
							"rotation": [0, 5, 0],
							"uv": {
								"north": {"uv": [58, 112], "uv_size": [1, 1]},
								"east": {"uv": [54, 112], "uv_size": [4, 1]},
								"up": {"uv": [58, 108], "uv_size": [1, 4]},
								"down": {"uv": [59, 112], "uv_size": [1, -4]}
							}
						},
						{
							"origin": [1.39231, 7.69359, 1.34],
							"size": [0.02, 0.02, 0.02],
							"inflate": 0.2,
							"uv": {
								"north": {"uv": [109, 53], "uv_size": [1, 1]},
								"south": {"uv": [111, 53], "uv_size": [1, 1]},
								"up": {"uv": [109, 52], "uv_size": [1, 1]},
								"down": {"uv": [110, 53], "uv_size": [1, -1]}
							}
						}
					]
				},
				{
					"name": "barrel9",
					"parent": "barrel_left",
					"pivot": [0.63081, 5.54991, -12.85526],
					"rotation": [0, 0, 67.5],
					"cubes": [
						{
							"origin": [0.92025, 5.53991, -12.76],
							"size": [0.02, 0.02, 14.12],
							"inflate": 0.2,
							"uv": {
								"east": {"uv": [0, 102], "uv_size": [48, 1]},
								"south": {"uv": [97, 102], "uv_size": [1, 1]},
								"west": {"uv": [49, 102], "uv_size": [48, 1]},
								"up": {"uv": [48, 54], "uv_size": [1, 48]},
								"down": {"uv": [49, 102], "uv_size": [1, -48]}
							}
						},
						{
							"origin": [0.44193, 5.53991, 0.42421],
							"size": [0.02, 0.02, 0.92],
							"inflate": 0.2,
							"pivot": [0.45193, 5.54991, 0.88421],
							"rotation": [0, 5, 0],
							"uv": {
								"north": {"uv": [58, 112], "uv_size": [1, 1]},
								"east": {"uv": [54, 112], "uv_size": [4, 1]},
								"west": {"uv": [59, 112], "uv_size": [4, 1]},
								"up": {"uv": [58, 108], "uv_size": [1, 4]},
								"down": {"uv": [59, 112], "uv_size": [1, -4]}
							}
						},
						{
							"origin": [0.50025, 5.53991, 1.34],
							"size": [0.02, 0.02, 0.02],
							"inflate": 0.2,
							"uv": {
								"north": {"uv": [109, 53], "uv_size": [1, 1]},
								"south": {"uv": [111, 53], "uv_size": [1, 1]},
								"up": {"uv": [109, 52], "uv_size": [1, 1]},
								"down": {"uv": [110, 53], "uv_size": [1, -1]}
							}
						}
					]
				},
				{
					"name": "barrel_right",
					"parent": "barrel",
					"pivot": [0, 4.9, -8.7]
				},
				{
					"name": "barrel10",
					"parent": "barrel_right",
					"pivot": [-1.52288, 6.44199, -12.85526],
					"rotation": [0, 0, -22.5],
					"cubes": [
						{
							"origin": [-1.83232, 6.43199, -12.76],
							"size": [0.02, 0.02, 14.12],
							"inflate": 0.2,
							"uv": {
								"east": {"uv": [97, 102], "uv_size": [-48, 1]},
								"south": {"uv": [98, 102], "uv_size": [-1, 1]},
								"west": {"uv": [48, 102], "uv_size": [-48, 1]},
								"up": {"uv": [49, 54], "uv_size": [-1, 48]},
								"down": {"uv": [50, 102], "uv_size": [-1, -48]}
							}
						},
						{
							"origin": [-1.354, 6.43199, 0.42421],
							"size": [0.02, 0.02, 0.92],
							"inflate": 0.2,
							"pivot": [-1.344, 6.44199, 0.88421],
							"rotation": [0, -5, 0],
							"uv": {
								"north": {"uv": [59, 112], "uv_size": [-1, 1]},
								"east": {"uv": [63, 112], "uv_size": [-4, 1]},
								"west": {"uv": [58, 112], "uv_size": [-4, 1]},
								"up": {"uv": [59, 108], "uv_size": [-1, 4]},
								"down": {"uv": [60, 112], "uv_size": [-1, -4]}
							}
						},
						{
							"origin": [-1.41232, 6.43199, 1.34],
							"size": [0.02, 0.02, 0.02],
							"inflate": 0.2,
							"uv": {
								"north": {"uv": [110, 53], "uv_size": [-1, 1]},
								"south": {"uv": [112, 53], "uv_size": [-1, 1]},
								"up": {"uv": [110, 52], "uv_size": [-1, 1]},
								"down": {"uv": [111, 53], "uv_size": [-1, -1]}
							}
						}
					]
				},
				{
					"name": "barrel11",
					"parent": "barrel_right",
					"pivot": [-1.64835, 7.07279, -12.85526],
					"cubes": [
						{
							"origin": [-1.95779, 7.06279, -12.76],
							"size": [0.02, 0.02, 14.12],
							"inflate": 0.2,
							"uv": {
								"east": {"uv": [97, 102], "uv_size": [-48, 1]},
								"south": {"uv": [98, 102], "uv_size": [-1, 1]},
								"west": {"uv": [48, 102], "uv_size": [-48, 1]},
								"up": {"uv": [49, 54], "uv_size": [-1, 48]},
								"down": {"uv": [50, 102], "uv_size": [-1, -48]}
							}
						},
						{
							"origin": [-1.47947, 7.06279, 0.42421],
							"size": [0.02, 0.02, 0.92],
							"inflate": 0.2,
							"pivot": [-1.46947, 7.07279, 0.88421],
							"rotation": [0, -5, 0],
							"uv": {
								"north": {"uv": [59, 112], "uv_size": [-1, 1]},
								"east": {"uv": [63, 112], "uv_size": [-4, 1]},
								"west": {"uv": [58, 112], "uv_size": [-4, 1]},
								"up": {"uv": [59, 108], "uv_size": [-1, 4]},
								"down": {"uv": [60, 112], "uv_size": [-1, -4]}
							}
						},
						{
							"origin": [-1.53779, 7.06279, 1.34],
							"size": [0.02, 0.02, 0.02],
							"inflate": 0.2,
							"uv": {
								"north": {"uv": [110, 53], "uv_size": [-1, 1]},
								"south": {"uv": [112, 53], "uv_size": [-1, 1]},
								"up": {"uv": [110, 52], "uv_size": [-1, 1]},
								"down": {"uv": [111, 53], "uv_size": [-1, -1]}
							}
						}
					]
				},
				{
					"name": "barrel12",
					"parent": "barrel_right",
					"pivot": [-1.16557, 5.90723, -12.85526],
					"rotation": [0, 0, -45],
					"cubes": [
						{
							"origin": [-1.47501, 5.89723, -12.76],
							"size": [0.02, 0.02, 14.12],
							"inflate": 0.2,
							"uv": {
								"east": {"uv": [97, 102], "uv_size": [-48, 1]},
								"south": {"uv": [98, 102], "uv_size": [-1, 1]},
								"west": {"uv": [48, 102], "uv_size": [-48, 1]},
								"up": {"uv": [49, 54], "uv_size": [-1, 48]},
								"down": {"uv": [50, 102], "uv_size": [-1, -48]}
							}
						},
						{
							"origin": [-0.99669, 5.89723, 0.42421],
							"size": [0.02, 0.02, 0.92],
							"inflate": 0.2,
							"pivot": [-0.98669, 5.90723, 0.88421],
							"rotation": [0, -5, 0],
							"uv": {
								"north": {"uv": [59, 112], "uv_size": [-1, 1]},
								"east": {"uv": [63, 112], "uv_size": [-4, 1]},
								"west": {"uv": [58, 112], "uv_size": [-4, 1]},
								"up": {"uv": [59, 108], "uv_size": [-1, 4]},
								"down": {"uv": [60, 112], "uv_size": [-1, -4]}
							}
						},
						{
							"origin": [-1.05501, 5.89723, 1.34],
							"size": [0.02, 0.02, 0.02],
							"inflate": 0.2,
							"uv": {
								"north": {"uv": [110, 53], "uv_size": [-1, 1]},
								"south": {"uv": [112, 53], "uv_size": [-1, 1]},
								"up": {"uv": [110, 52], "uv_size": [-1, 1]},
								"down": {"uv": [111, 53], "uv_size": [-1, -1]}
							}
						}
					]
				},
				{
					"name": "barrel13",
					"parent": "barrel_right",
					"pivot": [-1.16555, 8.23835, -12.85526],
					"rotation": [0, 0, 45],
					"cubes": [
						{
							"origin": [-1.47499, 8.22835, -12.76],
							"size": [0.02, 0.02, 14.12],
							"inflate": 0.2,
							"uv": {
								"east": {"uv": [97, 102], "uv_size": [-48, 1]},
								"south": {"uv": [98, 102], "uv_size": [-1, 1]},
								"west": {"uv": [48, 102], "uv_size": [-48, 1]},
								"up": {"uv": [49, 54], "uv_size": [-1, 48]},
								"down": {"uv": [50, 102], "uv_size": [-1, -48]}
							}
						},
						{
							"origin": [-0.99667, 8.22835, 0.42421],
							"size": [0.02, 0.02, 0.92],
							"inflate": 0.2,
							"pivot": [-0.98667, 8.23835, 0.88421],
							"rotation": [0, -5, 0],
							"uv": {
								"north": {"uv": [59, 112], "uv_size": [-1, 1]},
								"east": {"uv": [63, 112], "uv_size": [-4, 1]},
								"west": {"uv": [58, 112], "uv_size": [-4, 1]},
								"up": {"uv": [59, 108], "uv_size": [-1, 4]},
								"down": {"uv": [60, 112], "uv_size": [-1, -4]}
							}
						},
						{
							"origin": [-1.05499, 8.22835, 1.34],
							"size": [0.02, 0.02, 0.02],
							"inflate": 0.2,
							"uv": {
								"north": {"uv": [110, 53], "uv_size": [-1, 1]},
								"south": {"uv": [112, 53], "uv_size": [-1, 1]},
								"up": {"uv": [110, 52], "uv_size": [-1, 1]},
								"down": {"uv": [111, 53], "uv_size": [-1, -1]}
							}
						}
					]
				},
				{
					"name": "barrel14",
					"parent": "barrel_right",
					"pivot": [-0.63079, 8.59566, -12.85526],
					"rotation": [0, 0, 67.5],
					"cubes": [
						{
							"origin": [-0.94023, 8.58566, -12.76],
							"size": [0.02, 0.02, 14.12],
							"inflate": 0.2,
							"uv": {
								"east": {"uv": [97, 102], "uv_size": [-48, 1]},
								"south": {"uv": [98, 102], "uv_size": [-1, 1]},
								"west": {"uv": [48, 102], "uv_size": [-48, 1]},
								"up": {"uv": [49, 54], "uv_size": [-1, 48]},
								"down": {"uv": [50, 102], "uv_size": [-1, -48]}
							}
						},
						{
							"origin": [-0.4619, 8.58566, 0.42421],
							"size": [0.02, 0.02, 0.92],
							"inflate": 0.2,
							"pivot": [-0.4519, 8.59566, 0.88421],
							"rotation": [0, -5, 0],
							"uv": {
								"north": {"uv": [59, 112], "uv_size": [-1, 1]},
								"east": {"uv": [63, 112], "uv_size": [-4, 1]},
								"west": {"uv": [58, 112], "uv_size": [-4, 1]},
								"up": {"uv": [59, 108], "uv_size": [-1, 4]},
								"down": {"uv": [60, 112], "uv_size": [-1, -4]}
							}
						},
						{
							"origin": [-0.52023, 8.58566, 1.34],
							"size": [0.02, 0.02, 0.02],
							"inflate": 0.2,
							"uv": {
								"north": {"uv": [110, 53], "uv_size": [-1, 1]},
								"south": {"uv": [112, 53], "uv_size": [-1, 1]},
								"up": {"uv": [110, 52], "uv_size": [-1, 1]},
								"down": {"uv": [111, 53], "uv_size": [-1, -1]}
							}
						}
					]
				},
				{
					"name": "barrel15",
					"parent": "barrel_right",
					"pivot": [-1.52287, 7.70359, -12.85526],
					"rotation": [0, 0, 22.5],
					"cubes": [
						{
							"origin": [-1.83231, 7.69359, -12.76],
							"size": [0.02, 0.02, 14.12],
							"inflate": 0.2,
							"uv": {
								"east": {"uv": [97, 102], "uv_size": [-48, 1]},
								"south": {"uv": [98, 102], "uv_size": [-1, 1]},
								"west": {"uv": [48, 102], "uv_size": [-48, 1]},
								"up": {"uv": [49, 54], "uv_size": [-1, 48]},
								"down": {"uv": [50, 102], "uv_size": [-1, -48]}
							}
						},
						{
							"origin": [-1.35399, 7.69359, 0.42421],
							"size": [0.02, 0.02, 0.92],
							"inflate": 0.2,
							"pivot": [-1.34399, 7.70359, 0.88421],
							"rotation": [0, -5, 0],
							"uv": {
								"north": {"uv": [59, 112], "uv_size": [-1, 1]},
								"east": {"uv": [63, 112], "uv_size": [-4, 1]},
								"west": {"uv": [58, 112], "uv_size": [-4, 1]},
								"up": {"uv": [59, 108], "uv_size": [-1, 4]},
								"down": {"uv": [60, 112], "uv_size": [-1, -4]}
							}
						},
						{
							"origin": [-1.41231, 7.69359, 1.34],
							"size": [0.02, 0.02, 0.02],
							"inflate": 0.2,
							"uv": {
								"north": {"uv": [110, 53], "uv_size": [-1, 1]},
								"south": {"uv": [112, 53], "uv_size": [-1, 1]},
								"up": {"uv": [110, 52], "uv_size": [-1, 1]},
								"down": {"uv": [111, 53], "uv_size": [-1, -1]}
							}
						}
					]
				},
				{
					"name": "barrel16",
					"parent": "barrel_right",
					"pivot": [-0.63081, 5.54991, -12.85526],
					"rotation": [0, 0, -67.5],
					"cubes": [
						{
							"origin": [-0.94025, 5.53991, -12.76],
							"size": [0.02, 0.02, 14.12],
							"inflate": 0.2,
							"uv": {
								"east": {"uv": [97, 102], "uv_size": [-48, 1]},
								"south": {"uv": [98, 102], "uv_size": [-1, 1]},
								"west": {"uv": [48, 102], "uv_size": [-48, 1]},
								"up": {"uv": [49, 54], "uv_size": [-1, 48]},
								"down": {"uv": [50, 102], "uv_size": [-1, -48]}
							}
						},
						{
							"origin": [-0.46193, 5.53991, 0.42421],
							"size": [0.02, 0.02, 0.92],
							"inflate": 0.2,
							"pivot": [-0.45193, 5.54991, 0.88421],
							"rotation": [0, -5, 0],
							"uv": {
								"north": {"uv": [59, 112], "uv_size": [-1, 1]},
								"east": {"uv": [63, 112], "uv_size": [-4, 1]},
								"west": {"uv": [58, 112], "uv_size": [-4, 1]},
								"up": {"uv": [59, 108], "uv_size": [-1, 4]},
								"down": {"uv": [60, 112], "uv_size": [-1, -4]}
							}
						},
						{
							"origin": [-0.52025, 5.53991, 1.34],
							"size": [0.02, 0.02, 0.02],
							"inflate": 0.2,
							"uv": {
								"north": {"uv": [110, 53], "uv_size": [-1, 1]},
								"south": {"uv": [112, 53], "uv_size": [-1, 1]},
								"up": {"uv": [110, 52], "uv_size": [-1, 1]},
								"down": {"uv": [111, 53], "uv_size": [-1, -1]}
							}
						}
					]
				},
				{
					"name": "barrel2",
					"parent": "barrel",
					"pivot": [-0.00001, 8.72113, -12.85526],
					"rotation": [0, 0, -90],
					"cubes": [
						{
							"origin": [0.28943, 8.71113, -12.76],
							"size": [0.02, 0.02, 14.12],
							"inflate": 0.2,
							"uv": {
								"east": {"uv": [0, 102], "uv_size": [48, 1]},
								"south": {"uv": [97, 102], "uv_size": [1, 1]},
								"west": {"uv": [49, 102], "uv_size": [48, 1]},
								"up": {"uv": [48, 54], "uv_size": [1, 48]},
								"down": {"uv": [49, 102], "uv_size": [1, -48]}
							}
						},
						{
							"origin": [-0.18889, 8.71113, 0.42421],
							"size": [0.02, 0.02, 0.92],
							"inflate": 0.2,
							"pivot": [-0.17889, 8.72113, 0.88421],
							"rotation": [0, 5, 0],
							"uv": {
								"north": {"uv": [58, 112], "uv_size": [1, 1]},
								"east": {"uv": [54, 112], "uv_size": [4, 1]},
								"west": {"uv": [59, 112], "uv_size": [4, 1]},
								"up": {"uv": [58, 108], "uv_size": [1, 4]},
								"down": {"uv": [59, 112], "uv_size": [1, -4]}
							}
						},
						{
							"origin": [-0.13057, 8.71113, 1.34],
							"size": [0.02, 0.02, 0.02],
							"inflate": 0.2,
							"uv": {
								"north": {"uv": [109, 53], "uv_size": [1, 1]},
								"south": {"uv": [111, 53], "uv_size": [1, 1]},
								"up": {"uv": [109, 52], "uv_size": [1, 1]},
								"down": {"uv": [110, 53], "uv_size": [1, -1]}
							}
						}
					]
				},
				{
					"name": "barrel3",
					"parent": "barrel",
					"pivot": [0.00001, 5.42443, -12.85526],
					"rotation": [0, 0, 90],
					"cubes": [
						{
							"origin": [0.28945, 5.41443, -12.76],
							"size": [0.02, 0.02, 14.12],
							"inflate": 0.2,
							"uv": {
								"east": {"uv": [0, 102], "uv_size": [48, 1]},
								"south": {"uv": [97, 102], "uv_size": [1, 1]},
								"west": {"uv": [49, 102], "uv_size": [48, 1]},
								"up": {"uv": [48, 54], "uv_size": [1, 48]},
								"down": {"uv": [49, 102], "uv_size": [1, -48]}
							}
						},
						{
							"origin": [-0.18887, 5.41443, 0.42421],
							"size": [0.02, 0.02, 0.92],
							"inflate": 0.2,
							"pivot": [-0.17887, 5.42443, 0.88421],
							"rotation": [0, 5, 0],
							"uv": {
								"north": {"uv": [58, 112], "uv_size": [1, 1]},
								"east": {"uv": [54, 112], "uv_size": [4, 1]},
								"west": {"uv": [59, 112], "uv_size": [4, 1]},
								"up": {"uv": [58, 108], "uv_size": [1, 4]},
								"down": {"uv": [59, 112], "uv_size": [1, -4]}
							}
						},
						{
							"origin": [-0.13055, 5.41443, 1.34],
							"size": [0.02, 0.02, 0.02],
							"inflate": 0.2,
							"uv": {
								"north": {"uv": [109, 53], "uv_size": [1, 1]},
								"south": {"uv": [111, 53], "uv_size": [1, 1]},
								"up": {"uv": [109, 52], "uv_size": [1, 1]},
								"down": {"uv": [110, 53], "uv_size": [1, -1]}
							}
						}
					]
				},
				{
					"name": "thewat",
					"parent": "p221zldl",
					"pivot": [0, 4.9, -8.7]
				},
				{
					"name": "cook",
					"parent": "thewat",
					"pivot": [2.475, 7.06515, -11.26208],
					"rotation": [0, 0, 90]
				},
				{
					"name": "sight",
					"parent": "thewat",
					"pivot": [0.34528, 9.39015, 0.58792]
				},
				{
					"name": "main",
					"parent": "p221zldl",
					"pivot": [-0.22279, 6.92279, 3.6],
					"cubes": [
						{
							"origin": [-0.01, 7.06279, -13.66],
							"size": [0.02, 0.02, 15.62],
							"inflate": 0.2,
							"uv": {
								"north": {"uv": [53, 3], "uv_size": [1, 1]},
								"east": {"uv": [0, 53], "uv_size": [53, 1]},
								"west": {"uv": [54, 53], "uv_size": [53, 1]},
								"up": {"uv": [53, 0], "uv_size": [1, 53]},
								"down": {"uv": [54, 53], "uv_size": [1, -53]}
							}
						},
						{
							"origin": [-0.01, 7.14978, 2.15],
							"size": [0.02, 0.02, 1.22],
							"inflate": 0.2,
							"pivot": [0, 7.15978, 2.16],
							"rotation": [45, 0, 0],
							"uv": {
								"east": {"uv": [108, 45], "uv_size": [5, 1]},
								"south": {"uv": [119, 45], "uv_size": [1, 1]},
								"west": {"uv": [114, 45], "uv_size": [5, 1]},
								"up": {"uv": [113, 40], "uv_size": [1, 5]},
								"down": {"uv": [114, 45], "uv_size": [1, -5]}
							}
						},
						{
							"origin": [-0.01, 6.34367, 3.21066],
							"size": [0.02, 0.02, 0.62],
							"inflate": 0.2,
							"pivot": [0, 6.35367, 3.22066],
							"rotation": [45, 0, 0],
							"uv": {
								"north": {"uv": [79, 111], "uv_size": [1, 1]},
								"east": {"uv": [76, 111], "uv_size": [3, 1]},
								"west": {"uv": [80, 111], "uv_size": [3, 1]},
								"up": {"uv": [79, 108], "uv_size": [1, 3]},
								"down": {"uv": [80, 111], "uv_size": [1, -3]}
							}
						},
						{
							"origin": [-0.01, 6.28919, 3.25912],
							"size": [0.02, 0.92, 0.02],
							"inflate": 0.2,
							"pivot": [0, 7.49919, 2.66912],
							"rotation": [45, 0, 0],
							"uv": {
								"north": {"uv": [97, 109], "uv_size": [1, 4]},
								"east": {"uv": [96, 109], "uv_size": [1, 4]},
								"south": {"uv": [99, 109], "uv_size": [1, 4]},
								"west": {"uv": [98, 109], "uv_size": [1, 4]},
								"down": {"uv": [98, 109], "uv_size": [1, -1]}
							}
						}
					]
				},
				{
					"name": "constraint",
					"parent": "p221zldl",
					"pivot": [-0.0075, 7.462, 0.2355]
				},
				{
					"name": "positioning2",
					"parent": "p221zldl",
					"pivot": [0, 4.9, 2.1]
				},
				{
					"name": "scope_pos",
					"parent": "positioning2",
					"pivot": [0, 7.375, 4.8]
				},
				{
					"name": "muzzle_pos",
					"parent": "positioning2",
					"pivot": [0, 8.62, -14.2875]
				},
				{
					"name": "grip_pos",
					"parent": "positioning2",
					"pivot": [0, 6.25, 1.7775]
				},
				{
					"name": "laser_pos",
					"parent": "positioning2",
					"pivot": [0, 7.37313, 1.6575]
				},
				{
					"name": "muzzle_flash",
					"parent": "positioning2",
					"pivot": [0, 7.1125, -15.4875]
				},
				{
					"name": "stock_pos",
					"parent": "positioning2",
					"pivot": [0, 6.7, 6.42]
				},
				{
					"name": "shell",
					"parent": "positioning2",
					"pivot": [-1.2975, 7.8625, -2.1525]
				},
				{
					"name": "camera",
					"pivot": [5.21875, 14.0125, 8.5125]
				},
				{
					"name": "view",
					"pivot": [0, 0, 0]
				},
				{
					"name": "iron_view",
					"parent": "view",
					"pivot": [3.2188, 11.0125, 0.5125],
					"rotation": [2.5, 2.5, 0]
				},
				{
					"name": "idle_view",
					"parent": "view",
					"pivot": [5.2188, 14.0125, 8.5125]
				},
				{
					"name": "refit_view",
					"parent": "view",
					"pivot": [24.325, 6.575, -9.5],
					"rotation": [0, 90, 0]
				},
				{
					"name": "refit_extended_mag_view",
					"parent": "view",
					"pivot": [16.775, 2.55, -27.625],
					"rotation": [0, 90, 0]
				},
				{
					"name": "refit_muzzle_view",
					"parent": "view",
					"pivot": [17.55, 6.55, -28.125],
					"rotation": [0, 90, 0]
				},
				{
					"name": "refit_stock_view",
					"parent": "view",
					"pivot": [16.675, 7.5, -2.225],
					"rotation": [0, 90, 0]
				},
				{
					"name": "refit_laser_view",
					"parent": "view",
					"pivot": [17.925, 5.45, -45.875],
					"rotation": [0, 90, 0]
				},
				{
					"name": "refit_grip_view",
					"parent": "view",
					"pivot": [21.925, -1.025, -41.875],
					"rotation": [0, 90, 0]
				},
				{
					"name": "refit_scope_view",
					"parent": "view",
					"pivot": [18.925, 16.3, -33.875],
					"rotation": [0, 120, 0]
				},
				{
					"name": "positioning",
					"pivot": [0, 0, -8]
				},
				{
					"name": "thirdperson_hand",
					"parent": "positioning",
					"pivot": [0, 7.275, 2.525]
				},
				{
					"name": "ground",
					"parent": "positioning",
					"pivot": [0, -3.625, -5.9]
				},
				{
					"name": "fixed",
					"parent": "positioning",
					"pivot": [0, 6.525, -5.4],
					"rotation": [0, 90, 0]
				}
			]
		}
	]
}