{
	"format_version": "1.12.0",
	"minecraft:geometry": [
		{
			"description": {
				"identifier": "geometry.unknown",
				"texture_width": 256,
				"texture_height": 256,
				"visible_bounds_width": 2,
				"visible_bounds_height": 1.5,
				"visible_bounds_offset": [0, 0.25, 0]
			},
			"bones": [
				{
					"name": "positioning",
					"pivot": [-4.08375, -12.0825, -15.15375]
				},
				{
					"name": "ground",
					"parent": "positioning",
					"pivot": [0, 0, 0]
				},
				{
					"name": "fixed",
					"parent": "positioning",
					"pivot": [0, 6, 0]
				},
				{
					"name": "thirdperson_hand",
					"parent": "positioning",
					"pivot": [0, 2, 0]
				},
				{
					"name": "bone",
					"pivot": [1.00335, 1.35176, 1.92668]
				},
				{
					"name": "buled",
					"parent": "bone",
					"pivot": [-0.7659, 0.33662, 1.92668],
					"cubes": [
						{
							"origin": [-2.98748, -0.31584, -0.65802],
							"size": [1.40778, 1.24295, 3.80012],
							"pivot": [-0.51172, 2.9062, 0.63281],
							"rotation": [0, -22.5, 0],
							"uv": {
								"north": {"uv": [71, 40], "uv_size": [1.5, 1.5]},
								"south": {"uv": [71, 52], "uv_size": [1.5, 1.5]},
								"down": {"uv": [35, 62.5], "uv_size": [1.5, -4.5]}
							}
						},
						{
							"origin": [-2.98748, 1.83989, -0.65802],
							"size": [1.40778, 1.24295, 3.80012],
							"pivot": [-0.51172, 2.9062, 0.63281],
							"rotation": [0, -22.5, 0],
							"uv": {
								"north": {"uv": [71, 54], "uv_size": [1.5, 1.5]},
								"south": {"uv": [71, 62], "uv_size": [1.5, 1.5]},
								"up": {"uv": [58.5, 7], "uv_size": [1.5, 4.5]}
							}
						},
						{
							"origin": [-0.23151, -0.12731, -0.65977],
							"size": [1.24295, 1.40778, 3.80012],
							"pivot": [-0.51172, 2.9062, 0.63281],
							"rotation": [-16.32495, -15.69986, 47.26579],
							"uv": {
								"north": {"uv": [63.5, 71], "uv_size": [1.5, 1.5]},
								"south": {"uv": [12, 71.5], "uv_size": [1.5, 1.5]},
								"west": {"uv": [57, 22], "uv_size": [4.5, 1.5]}
							}
						},
						{
							"origin": [-2.38494, 2.3785, -0.65977],
							"size": [1.24295, 1.40778, 3.80012],
							"pivot": [-0.51172, 2.9062, 0.63281],
							"rotation": [16.32495, -15.69986, -47.26579],
							"uv": {
								"north": {"uv": [71.5, 19.5], "uv_size": [1.5, 1.5]},
								"south": {"uv": [35, 71.5], "uv_size": [1.5, 1.5]},
								"west": {"uv": [59.5, 27], "uv_size": [4.5, 1.5]}
							}
						},
						{
							"origin": [-1.8272, 0.67961, -0.65802],
							"size": [1.24294, 1.40778, 3.80012],
							"pivot": [-0.51172, 2.9062, 0.63281],
							"rotation": [0, -22.5, 0],
							"uv": {
								"north": {"uv": [56, 71.5], "uv_size": [1.5, 1.5]},
								"south": {"uv": [72, 6.5], "uv_size": [1.5, 1.5]},
								"west": {"uv": [59.5, 39], "uv_size": [4.5, 1.5]}
							}
						},
						{
							"origin": [-2.95184, 0.67961, -0.65628],
							"size": [1.3365, 1.40778, 3.35462],
							"pivot": [-0.51172, 2.9062, 0.63281],
							"rotation": [0, -22.5, 0],
							"uv": {
								"north": {"uv": [72, 8.5], "uv_size": [1.5, 1.5]},
								"east": {"uv": [62, 14.5], "uv_size": [4, 1.5]},
								"south": {"uv": [72, 29], "uv_size": [1.5, 1.5]},
								"west": {"uv": [62, 21.5], "uv_size": [4, 1.5]}
							}
						},
						{
							"origin": [-2.98748, -0.31584, 3.35148],
							"size": [1.40778, 1.24295, 0.23611],
							"pivot": [-0.51172, 2.9062, 0.63281],
							"rotation": [0, -22.5, 0],
							"uv": {
								"north": {"uv": [5.5, 73], "uv_size": [1.5, 1.5]},
								"south": {"uv": [73, 11.5], "uv_size": [1.5, 1.5]},
								"up": {"uv": [80, 36], "uv_size": [1.5, 0.5]},
								"down": {"uv": [80, 37.5], "uv_size": [1.5, -0.5]}
							}
						},
						{
							"origin": [-2.98748, 1.83989, 3.35148],
							"size": [1.40778, 1.24295, 0.23611],
							"pivot": [-0.51172, 2.9062, 0.63281],
							"rotation": [0, -22.5, 0],
							"uv": {
								"north": {"uv": [3.5, 73], "uv_size": [1.5, 1.5]},
								"south": {"uv": [73, 3.5], "uv_size": [1.5, 1.5]},
								"up": {"uv": [79.5, 77], "uv_size": [1.5, 0.5]},
								"down": {"uv": [80, 35.5], "uv_size": [1.5, -0.5]}
							}
						},
						{
							"origin": [-0.23151, -0.12731, 3.34973],
							"size": [1.24295, 1.40778, 0.23611],
							"pivot": [-0.51172, 2.9062, 0.63281],
							"rotation": [-16.32495, -15.69986, 47.26579],
							"uv": {
								"north": {"uv": [72.5, 64], "uv_size": [1.5, 1.5]},
								"east": {"uv": [80, 27], "uv_size": [0.5, 1.5]},
								"south": {"uv": [65.5, 72.5], "uv_size": [1.5, 1.5]},
								"west": {"uv": [80, 29], "uv_size": [0.5, 1.5]}
							}
						},
						{
							"origin": [-2.38494, 2.3785, 3.34973],
							"size": [1.24295, 1.40778, 0.23611],
							"pivot": [-0.51172, 2.9062, 0.63281],
							"rotation": [16.32495, -15.69986, -47.26579],
							"uv": {
								"north": {"uv": [72.5, 48.5], "uv_size": [1.5, 1.5]},
								"east": {"uv": [80, 19], "uv_size": [0.5, 1.5]},
								"south": {"uv": [72.5, 60], "uv_size": [1.5, 1.5]},
								"west": {"uv": [80, 25], "uv_size": [0.5, 1.5]}
							}
						},
						{
							"origin": [-2.38725, -0.12731, 3.34973],
							"size": [1.24295, 1.40778, 0.23611],
							"pivot": [-0.51172, 2.9062, 0.63281],
							"rotation": [-16.32495, -15.69986, 47.26579],
							"uv": {
								"north": {"uv": [74, 48.5], "uv_size": [-1.5, 1.5]},
								"east": {"uv": [80.5, 25], "uv_size": [-0.5, 1.5]},
								"south": {"uv": [74, 60], "uv_size": [-1.5, 1.5]},
								"west": {"uv": [80.5, 19], "uv_size": [-0.5, 1.5]}
							}
						},
						{
							"origin": [-4.54068, 2.3785, 3.34973],
							"size": [1.24295, 1.40778, 0.23611],
							"pivot": [-0.51172, 2.9062, 0.63281],
							"rotation": [16.32495, -15.69986, -47.26579],
							"uv": {
								"north": {"uv": [74, 64], "uv_size": [-1.5, 1.5]},
								"east": {"uv": [80.5, 29], "uv_size": [-0.5, 1.5]},
								"south": {"uv": [67, 72.5], "uv_size": [-1.5, 1.5]},
								"west": {"uv": [80.5, 27], "uv_size": [-0.5, 1.5]}
							}
						},
						{
							"origin": [-2.38725, -0.12731, -0.65977],
							"size": [1.24295, 1.40778, 3.80012],
							"pivot": [-0.51172, 2.9062, 0.63281],
							"rotation": [-16.32495, -15.69986, 47.26579],
							"uv": {
								"north": {"uv": [73, 19.5], "uv_size": [-1.5, 1.5]},
								"east": {"uv": [64, 27], "uv_size": [-4.5, 1.5]},
								"south": {"uv": [36.5, 71.5], "uv_size": [-1.5, 1.5]}
							}
						},
						{
							"origin": [-3.98293, 0.67961, -0.65802],
							"size": [1.24295, 1.40778, 3.80012],
							"pivot": [-0.51172, 2.9062, 0.63281],
							"rotation": [0, -22.5, 0],
							"uv": {
								"north": {"uv": [57.5, 71.5], "uv_size": [-1.5, 1.5]},
								"east": {"uv": [64, 39], "uv_size": [-4.5, 1.5]},
								"south": {"uv": [73.5, 6.5], "uv_size": [-1.5, 1.5]}
							}
						},
						{
							"origin": [-4.54068, 2.3785, -0.65977],
							"size": [1.24295, 1.40778, 3.80012],
							"pivot": [-0.51172, 2.9062, 0.63281],
							"rotation": [16.32495, -15.69986, -47.26579],
							"uv": {
								"north": {"uv": [65, 71], "uv_size": [-1.5, 1.5]},
								"east": {"uv": [61.5, 22], "uv_size": [-4.5, 1.5]},
								"south": {"uv": [13.5, 71.5], "uv_size": [-1.5, 1.5]}
							}
						},
						{
							"origin": [-1.8272, 0.67961, 3.35148],
							"size": [1.24294, 1.40778, 0.23611],
							"pivot": [-0.51172, 2.9062, 0.63281],
							"rotation": [0, -22.5, 0],
							"uv": {
								"north": {"uv": [72.5, 44.5], "uv_size": [1.5, 1.5]},
								"east": {"uv": [80, 14], "uv_size": [0.5, 1.5]},
								"south": {"uv": [72.5, 46.5], "uv_size": [1.5, 1.5]},
								"west": {"uv": [16, 80], "uv_size": [0.5, 1.5]}
							}
						},
						{
							"origin": [-3.98293, 0.67961, 3.35148],
							"size": [1.24295, 1.40778, 0.23611],
							"pivot": [-0.51172, 2.9062, 0.63281],
							"rotation": [0, -22.5, 0],
							"uv": {
								"north": {"uv": [74, 44.5], "uv_size": [-1.5, 1.5]},
								"east": {"uv": [16.5, 80], "uv_size": [-0.5, 1.5]},
								"south": {"uv": [74, 46.5], "uv_size": [-1.5, 1.5]},
								"west": {"uv": [80.5, 14], "uv_size": [-0.5, 1.5]}
							}
						},
						{
							"origin": [-2.95184, 0.67961, 3.14035],
							"size": [1.3365, 1.40778, 0.22275],
							"pivot": [-0.51172, 2.9062, 0.63281],
							"rotation": [0, -22.5, 0],
							"uv": {
								"south": {"uv": [72, 67], "uv_size": [1.5, 1.5]}
							}
						},
						{
							"origin": [-2.94524, -0.21389, 3.13116],
							"size": [1.3233, 1.16836, 0.22194],
							"pivot": [-0.51172, 2.9062, 0.63281],
							"rotation": [0, -22.5, 0],
							"uv": {
								"down": {"uv": [47, 80.5], "uv_size": [1.5, -0.5]}
							}
						},
						{
							"origin": [-2.94524, 1.81251, 3.13116],
							"size": [1.3233, 1.16836, 0.22194],
							"pivot": [-0.51172, 2.9062, 0.63281],
							"rotation": [0, -22.5, 0],
							"uv": {
								"up": {"uv": [80, 38], "uv_size": [1.5, 0.5]}
							}
						},
						{
							"origin": [-0.25889, -0.08507, 3.12952],
							"size": [1.16837, 1.3233, 0.22195],
							"pivot": [-0.51172, 2.9062, 0.63281],
							"rotation": [-16.32495, -15.69986, 47.26579],
							"uv": {
								"west": {"uv": [46, 80], "uv_size": [0.5, 1.5]}
							}
						},
						{
							"origin": [-2.41232, 2.42074, 3.12952],
							"size": [1.16837, 1.3233, 0.22195],
							"pivot": [-0.51172, 2.9062, 0.63281],
							"rotation": [16.32495, -15.69986, -47.26579],
							"uv": {
								"west": {"uv": [45, 80], "uv_size": [0.5, 1.5]}
							}
						},
						{
							"origin": [-1.85458, 0.72185, 3.13116],
							"size": [1.16837, 1.3233, 0.22194],
							"pivot": [-0.51172, 2.9062, 0.63281],
							"rotation": [0, -22.5, 0],
							"uv": {
								"west": {"uv": [30, 80], "uv_size": [0.5, 1.5]}
							}
						},
						{
							"origin": [-2.28528, -0.08507, 3.12952],
							"size": [1.16836, 1.3233, 0.22195],
							"pivot": [-0.51172, 2.9062, 0.63281],
							"rotation": [-16.32495, -15.69986, 47.26579],
							"uv": {
								"east": {"uv": [45.5, 80], "uv_size": [-0.5, 1.5]}
							}
						},
						{
							"origin": [-3.88097, 0.72185, 3.13116],
							"size": [1.16836, 1.3233, 0.22194],
							"pivot": [-0.51172, 2.9062, 0.63281],
							"rotation": [0, -22.5, 0],
							"uv": {
								"east": {"uv": [30.5, 80], "uv_size": [-0.5, 1.5]}
							}
						},
						{
							"origin": [-4.43871, 2.42074, 3.12952],
							"size": [1.16836, 1.3233, 0.22195],
							"pivot": [-0.51172, 2.9062, 0.63281],
							"rotation": [16.32495, -15.69986, -47.26579],
							"uv": {
								"east": {"uv": [46.5, 80], "uv_size": [-0.5, 1.5]}
							}
						}
					]
				},
				{
					"name": "proyektil",
					"parent": "buled",
					"pivot": [-0.7659, 0.33662, -1.11086],
					"cubes": [
						{
							"origin": [-3.89765, 0.71267, -3.76316],
							"size": [3.22813, 1.3365, 3.1185],
							"pivot": [-0.51172, 2.9062, 0.63281],
							"rotation": [0, -22.5, 0],
							"uv": {
								"north": {"uv": [116, 15.5], "uv_size": [3.5, 1.5]},
								"east": {"uv": [112.5, 15.5], "uv_size": [3.5, 1.5]},
								"south": {"uv": [123, 15.5], "uv_size": [3.5, 1.5]},
								"west": {"uv": [119.5, 15.5], "uv_size": [3.5, 1.5]}
							}
						},
						{
							"origin": [-2.12087, 2.41232, -3.75968],
							"size": [0.891, 1.3365, 3.1185],
							"pivot": [-0.51172, 2.9062, 0.63281],
							"rotation": [16.32495, -15.69986, -47.26579],
							"uv": {
								"north": {"uv": [113.5, 3.5], "uv_size": [1, 1.5]},
								"south": {"uv": [118, 3.5], "uv_size": [1, 1.5]},
								"west": {"uv": [114.5, 3.5], "uv_size": [3.5, 1.5]}
							}
						},
						{
							"origin": [-2.95184, -0.23237, -3.76142],
							"size": [1.3365, 3.22813, 3.1185],
							"pivot": [-0.51172, 2.9062, 0.63281],
							"rotation": [0, -22.5, 0],
							"uv": {
								"north": {"uv": [121.5, 8.5], "uv_size": [1.5, 3.5]},
								"south": {"uv": [126.5, 8.5], "uv_size": [1.5, 3.5]},
								"up": {"uv": [121.5, 5], "uv_size": [1.5, 3.5]},
								"down": {"uv": [123, 8.5], "uv_size": [1.5, -3.5]}
							}
						},
						{
							"origin": [0.03621, -0.0935, -3.75968],
							"size": [0.891, 1.3365, 3.1185],
							"pivot": [-0.51172, 2.9062, 0.63281],
							"rotation": [-16.32495, -15.69986, 47.26579],
							"uv": {
								"north": {"uv": [104.5, 3.5], "uv_size": [1, 1.5]},
								"south": {"uv": [109, 3.5], "uv_size": [1, 1.5]},
								"west": {"uv": [105.5, 3.5], "uv_size": [3.5, 1.5]}
							}
						},
						{
							"origin": [-2.29938, -0.09349, -3.75968],
							"size": [0.891, 1.3365, 3.1185],
							"pivot": [-0.51172, 2.9062, 0.63281],
							"rotation": [-16.32495, -15.69986, 47.26579],
							"uv": {
								"north": {"uv": [114.5, 3.5], "uv_size": [-1, 1.5]},
								"east": {"uv": [118, 3.5], "uv_size": [-3.5, 1.5]},
								"south": {"uv": [119, 3.5], "uv_size": [-1, 1.5]}
							}
						},
						{
							"origin": [-4.45646, 2.41231, -3.75968],
							"size": [0.891, 1.3365, 3.1185],
							"pivot": [-0.51172, 2.9062, 0.63281],
							"rotation": [16.32495, -15.69986, -47.26579],
							"uv": {
								"north": {"uv": [105.5, 3.5], "uv_size": [-1, 1.5]},
								"east": {"uv": [109, 3.5], "uv_size": [-3.5, 1.5]},
								"south": {"uv": [110, 3.5], "uv_size": [-1, 1.5]}
							}
						}
					]
				},
				{
					"name": "badan_prima",
					"parent": "buled",
					"pivot": [-0.7659, 0.33662, 4.01375],
					"cubes": [
						{
							"origin": [-1.16905, 0.09544, 3.14209],
							"size": [0.96228, 0.96228, 0.55688],
							"pivot": [-0.51172, 2.9062, 0.63281],
							"rotation": [-16.32495, -15.69986, 47.26579],
							"uv": {
								"east": {"uv": [32, 82], "uv_size": [0.5, 1]},
								"south": {"uv": [78.5, 36.5], "uv_size": [1, 1]},
								"west": {"uv": [82, 35], "uv_size": [0.5, 1]},
								"up": {"uv": [36.5, 82], "uv_size": [1, 0.5]},
								"down": {"uv": [82, 37], "uv_size": [1, -0.5]}
							}
						}
					]
				},
				{
					"name": "buled2",
					"parent": "bone",
					"pivot": [2.77785, 0.33662, 1.92668],
					"cubes": [
						{
							"origin": [0.55627, -0.31584, -0.65802],
							"size": [1.40778, 1.24295, 3.80012],
							"pivot": [-0.51172, 2.9062, 0.63281],
							"rotation": [0, -22.5, 0],
							"uv": {
								"north": {"uv": [71, 40], "uv_size": [1.5, 1.5]},
								"south": {"uv": [71, 52], "uv_size": [1.5, 1.5]},
								"down": {"uv": [35, 62.5], "uv_size": [1.5, -4.5]}
							}
						},
						{
							"origin": [0.55627, 1.83989, -0.65802],
							"size": [1.40778, 1.24295, 3.80012],
							"pivot": [-0.51172, 2.9062, 0.63281],
							"rotation": [0, -22.5, 0],
							"uv": {
								"north": {"uv": [71, 54], "uv_size": [1.5, 1.5]},
								"south": {"uv": [71, 62], "uv_size": [1.5, 1.5]},
								"up": {"uv": [58.5, 7], "uv_size": [1.5, 4.5]}
							}
						},
						{
							"origin": [2.2743, 2.3785, -0.65977],
							"size": [1.24295, 1.40778, 3.80012],
							"pivot": [-0.51172, 2.9062, 0.63281],
							"rotation": [-16.32495, -15.69986, 47.26579],
							"uv": {
								"north": {"uv": [63.5, 71], "uv_size": [1.5, 1.5]},
								"south": {"uv": [12, 71.5], "uv_size": [1.5, 1.5]},
								"west": {"uv": [57, 22], "uv_size": [4.5, 1.5]}
							}
						},
						{
							"origin": [0.12087, -0.12731, -0.65977],
							"size": [1.24295, 1.40778, 3.80012],
							"pivot": [-0.51172, 2.9062, 0.63281],
							"rotation": [16.32495, -15.69986, -47.26579],
							"uv": {
								"north": {"uv": [71.5, 19.5], "uv_size": [1.5, 1.5]},
								"south": {"uv": [35, 71.5], "uv_size": [1.5, 1.5]},
								"west": {"uv": [59.5, 27], "uv_size": [4.5, 1.5]}
							}
						},
						{
							"origin": [1.71655, 0.67961, -0.65802],
							"size": [1.24295, 1.40778, 3.80012],
							"pivot": [-0.51172, 2.9062, 0.63281],
							"rotation": [0, -22.5, 0],
							"uv": {
								"north": {"uv": [56, 71.5], "uv_size": [1.5, 1.5]},
								"south": {"uv": [72, 6.5], "uv_size": [1.5, 1.5]},
								"west": {"uv": [59.5, 39], "uv_size": [4.5, 1.5]}
							}
						},
						{
							"origin": [0.59191, 0.67961, -0.65628],
							"size": [1.3365, 1.40778, 3.35462],
							"pivot": [-0.51172, 2.9062, 0.63281],
							"rotation": [0, -22.5, 0],
							"uv": {
								"north": {"uv": [72, 8.5], "uv_size": [1.5, 1.5]},
								"east": {"uv": [62, 14.5], "uv_size": [4, 1.5]},
								"south": {"uv": [72, 29], "uv_size": [1.5, 1.5]},
								"west": {"uv": [62, 21.5], "uv_size": [4, 1.5]}
							}
						},
						{
							"origin": [0.55627, -0.31584, 3.35148],
							"size": [1.40778, 1.24295, 0.23611],
							"pivot": [-0.51172, 2.9062, 0.63281],
							"rotation": [0, -22.5, 0],
							"uv": {
								"north": {"uv": [5.5, 73], "uv_size": [1.5, 1.5]},
								"south": {"uv": [73, 11.5], "uv_size": [1.5, 1.5]},
								"up": {"uv": [80, 36], "uv_size": [1.5, 0.5]},
								"down": {"uv": [80, 37.5], "uv_size": [1.5, -0.5]}
							}
						},
						{
							"origin": [0.55627, 1.83989, 3.35148],
							"size": [1.40778, 1.24295, 0.23611],
							"pivot": [-0.51172, 2.9062, 0.63281],
							"rotation": [0, -22.5, 0],
							"uv": {
								"north": {"uv": [3.5, 73], "uv_size": [1.5, 1.5]},
								"south": {"uv": [73, 3.5], "uv_size": [1.5, 1.5]},
								"up": {"uv": [79.5, 77], "uv_size": [1.5, 0.5]},
								"down": {"uv": [80, 35.5], "uv_size": [1.5, -0.5]}
							}
						},
						{
							"origin": [2.2743, 2.3785, 3.34973],
							"size": [1.24295, 1.40778, 0.23611],
							"pivot": [-0.51172, 2.9062, 0.63281],
							"rotation": [-16.32495, -15.69986, 47.26579],
							"uv": {
								"north": {"uv": [72.5, 64], "uv_size": [1.5, 1.5]},
								"east": {"uv": [80, 27], "uv_size": [0.5, 1.5]},
								"south": {"uv": [65.5, 72.5], "uv_size": [1.5, 1.5]},
								"west": {"uv": [80, 29], "uv_size": [0.5, 1.5]}
							}
						},
						{
							"origin": [0.12087, -0.12731, 3.34973],
							"size": [1.24295, 1.40778, 0.23611],
							"pivot": [-0.51172, 2.9062, 0.63281],
							"rotation": [16.32495, -15.69986, -47.26579],
							"uv": {
								"north": {"uv": [72.5, 48.5], "uv_size": [1.5, 1.5]},
								"east": {"uv": [80, 19], "uv_size": [0.5, 1.5]},
								"south": {"uv": [72.5, 60], "uv_size": [1.5, 1.5]},
								"west": {"uv": [80, 25], "uv_size": [0.5, 1.5]}
							}
						},
						{
							"origin": [0.11856, 2.3785, 3.34973],
							"size": [1.24295, 1.40778, 0.23611],
							"pivot": [-0.51172, 2.9062, 0.63281],
							"rotation": [-16.32495, -15.69986, 47.26579],
							"uv": {
								"north": {"uv": [74, 48.5], "uv_size": [-1.5, 1.5]},
								"east": {"uv": [80.5, 25], "uv_size": [-0.5, 1.5]},
								"south": {"uv": [74, 60], "uv_size": [-1.5, 1.5]},
								"west": {"uv": [80.5, 19], "uv_size": [-0.5, 1.5]}
							}
						},
						{
							"origin": [-2.03487, -0.12731, 3.34973],
							"size": [1.24295, 1.40778, 0.23611],
							"pivot": [-0.51172, 2.9062, 0.63281],
							"rotation": [16.32495, -15.69986, -47.26579],
							"uv": {
								"north": {"uv": [74, 64], "uv_size": [-1.5, 1.5]},
								"east": {"uv": [80.5, 29], "uv_size": [-0.5, 1.5]},
								"south": {"uv": [67, 72.5], "uv_size": [-1.5, 1.5]},
								"west": {"uv": [80.5, 27], "uv_size": [-0.5, 1.5]}
							}
						},
						{
							"origin": [0.11856, 2.3785, -0.65977],
							"size": [1.24295, 1.40778, 3.80012],
							"pivot": [-0.51172, 2.9062, 0.63281],
							"rotation": [-16.32495, -15.69986, 47.26579],
							"uv": {
								"north": {"uv": [73, 19.5], "uv_size": [-1.5, 1.5]},
								"east": {"uv": [64, 27], "uv_size": [-4.5, 1.5]},
								"south": {"uv": [36.5, 71.5], "uv_size": [-1.5, 1.5]}
							}
						},
						{
							"origin": [-0.43918, 0.67961, -0.65802],
							"size": [1.24295, 1.40778, 3.80012],
							"pivot": [-0.51172, 2.9062, 0.63281],
							"rotation": [0, -22.5, 0],
							"uv": {
								"north": {"uv": [57.5, 71.5], "uv_size": [-1.5, 1.5]},
								"east": {"uv": [64, 39], "uv_size": [-4.5, 1.5]},
								"south": {"uv": [73.5, 6.5], "uv_size": [-1.5, 1.5]}
							}
						},
						{
							"origin": [-2.03487, -0.12731, -0.65977],
							"size": [1.24295, 1.40778, 3.80012],
							"pivot": [-0.51172, 2.9062, 0.63281],
							"rotation": [16.32495, -15.69986, -47.26579],
							"uv": {
								"north": {"uv": [65, 71], "uv_size": [-1.5, 1.5]},
								"east": {"uv": [61.5, 22], "uv_size": [-4.5, 1.5]},
								"south": {"uv": [13.5, 71.5], "uv_size": [-1.5, 1.5]}
							}
						},
						{
							"origin": [1.71655, 0.67961, 3.35148],
							"size": [1.24295, 1.40778, 0.23611],
							"pivot": [-0.51172, 2.9062, 0.63281],
							"rotation": [0, -22.5, 0],
							"uv": {
								"north": {"uv": [72.5, 44.5], "uv_size": [1.5, 1.5]},
								"east": {"uv": [80, 14], "uv_size": [0.5, 1.5]},
								"south": {"uv": [72.5, 46.5], "uv_size": [1.5, 1.5]},
								"west": {"uv": [16, 80], "uv_size": [0.5, 1.5]}
							}
						},
						{
							"origin": [-0.43918, 0.67961, 3.35148],
							"size": [1.24295, 1.40778, 0.23611],
							"pivot": [-0.51172, 2.9062, 0.63281],
							"rotation": [0, -22.5, 0],
							"uv": {
								"north": {"uv": [74, 44.5], "uv_size": [-1.5, 1.5]},
								"east": {"uv": [16.5, 80], "uv_size": [-0.5, 1.5]},
								"south": {"uv": [74, 46.5], "uv_size": [-1.5, 1.5]},
								"west": {"uv": [80.5, 14], "uv_size": [-0.5, 1.5]}
							}
						},
						{
							"origin": [0.59191, 0.67961, 3.14035],
							"size": [1.3365, 1.40778, 0.22275],
							"pivot": [-0.51172, 2.9062, 0.63281],
							"rotation": [0, -22.5, 0],
							"uv": {
								"south": {"uv": [72, 67], "uv_size": [1.5, 1.5]}
							}
						},
						{
							"origin": [0.59851, -0.21389, 3.13116],
							"size": [1.3233, 1.16836, 0.22194],
							"pivot": [-0.51172, 2.9062, 0.63281],
							"rotation": [0, -22.5, 0],
							"uv": {
								"down": {"uv": [47, 80.5], "uv_size": [1.5, -0.5]}
							}
						},
						{
							"origin": [0.59851, 1.81251, 3.13116],
							"size": [1.3233, 1.16836, 0.22194],
							"pivot": [-0.51172, 2.9062, 0.63281],
							"rotation": [0, -22.5, 0],
							"uv": {
								"up": {"uv": [80, 38], "uv_size": [1.5, 0.5]}
							}
						},
						{
							"origin": [2.24692, 2.42074, 3.12952],
							"size": [1.16837, 1.3233, 0.22195],
							"pivot": [-0.51172, 2.9062, 0.63281],
							"rotation": [-16.32495, -15.69986, 47.26579],
							"uv": {
								"west": {"uv": [46, 80], "uv_size": [0.5, 1.5]}
							}
						},
						{
							"origin": [0.09349, -0.08507, 3.12952],
							"size": [1.16837, 1.3233, 0.22195],
							"pivot": [-0.51172, 2.9062, 0.63281],
							"rotation": [16.32495, -15.69986, -47.26579],
							"uv": {
								"west": {"uv": [45, 80], "uv_size": [0.5, 1.5]}
							}
						},
						{
							"origin": [1.68917, 0.72185, 3.13116],
							"size": [1.16837, 1.3233, 0.22194],
							"pivot": [-0.51172, 2.9062, 0.63281],
							"rotation": [0, -22.5, 0],
							"uv": {
								"west": {"uv": [30, 80], "uv_size": [0.5, 1.5]}
							}
						},
						{
							"origin": [0.22053, 2.42074, 3.12952],
							"size": [1.16836, 1.3233, 0.22195],
							"pivot": [-0.51172, 2.9062, 0.63281],
							"rotation": [-16.32495, -15.69986, 47.26579],
							"uv": {
								"east": {"uv": [45.5, 80], "uv_size": [-0.5, 1.5]}
							}
						},
						{
							"origin": [-0.33722, 0.72185, 3.13116],
							"size": [1.16836, 1.3233, 0.22194],
							"pivot": [-0.51172, 2.9062, 0.63281],
							"rotation": [0, -22.5, 0],
							"uv": {
								"east": {"uv": [30.5, 80], "uv_size": [-0.5, 1.5]}
							}
						},
						{
							"origin": [-1.9329, -0.08507, 3.12952],
							"size": [1.16836, 1.3233, 0.22195],
							"pivot": [-0.51172, 2.9062, 0.63281],
							"rotation": [16.32495, -15.69986, -47.26579],
							"uv": {
								"east": {"uv": [46.5, 80], "uv_size": [-0.5, 1.5]}
							}
						}
					]
				},
				{
					"name": "proyektil3",
					"parent": "buled2",
					"pivot": [2.77785, 0.33662, -1.11086],
					"cubes": [
						{
							"origin": [-0.3539, 0.71267, -3.76316],
							"size": [3.22813, 1.3365, 3.1185],
							"pivot": [-0.51172, 2.9062, 0.63281],
							"rotation": [0, -22.5, 0],
							"uv": {
								"north": {"uv": [116, 15.5], "uv_size": [3.5, 1.5]},
								"east": {"uv": [112.5, 15.5], "uv_size": [3.5, 1.5]},
								"south": {"uv": [123, 15.5], "uv_size": [3.5, 1.5]},
								"west": {"uv": [119.5, 15.5], "uv_size": [3.5, 1.5]}
							}
						},
						{
							"origin": [0.38494, -0.09349, -3.75968],
							"size": [0.891, 1.3365, 3.1185],
							"pivot": [-0.51172, 2.9062, 0.63281],
							"rotation": [16.32495, -15.69986, -47.26579],
							"uv": {
								"north": {"uv": [113.5, 3.5], "uv_size": [1, 1.5]},
								"south": {"uv": [118, 3.5], "uv_size": [1, 1.5]},
								"west": {"uv": [114.5, 3.5], "uv_size": [3.5, 1.5]}
							}
						},
						{
							"origin": [0.59191, -0.23237, -3.76142],
							"size": [1.3365, 3.22813, 3.1185],
							"pivot": [-0.51172, 2.9062, 0.63281],
							"rotation": [0, -22.5, 0],
							"uv": {
								"north": {"uv": [121.5, 8.5], "uv_size": [1.5, 3.5]},
								"south": {"uv": [126.5, 8.5], "uv_size": [1.5, 3.5]},
								"up": {"uv": [121.5, 5], "uv_size": [1.5, 3.5]},
								"down": {"uv": [123, 8.5], "uv_size": [1.5, -3.5]}
							}
						},
						{
							"origin": [2.54202, 2.41231, -3.75968],
							"size": [0.891, 1.3365, 3.1185],
							"pivot": [-0.51172, 2.9062, 0.63281],
							"rotation": [-16.32495, -15.69986, 47.26579],
							"uv": {
								"north": {"uv": [104.5, 3.5], "uv_size": [1, 1.5]},
								"south": {"uv": [109, 3.5], "uv_size": [1, 1.5]},
								"west": {"uv": [105.5, 3.5], "uv_size": [3.5, 1.5]}
							}
						},
						{
							"origin": [0.20643, 2.41232, -3.75968],
							"size": [0.891, 1.3365, 3.1185],
							"pivot": [-0.51172, 2.9062, 0.63281],
							"rotation": [-16.32495, -15.69986, 47.26579],
							"uv": {
								"north": {"uv": [114.5, 3.5], "uv_size": [-1, 1.5]},
								"east": {"uv": [118, 3.5], "uv_size": [-3.5, 1.5]},
								"south": {"uv": [119, 3.5], "uv_size": [-1, 1.5]}
							}
						},
						{
							"origin": [-1.95065, -0.0935, -3.75968],
							"size": [0.891, 1.3365, 3.1185],
							"pivot": [-0.51172, 2.9062, 0.63281],
							"rotation": [16.32495, -15.69986, -47.26579],
							"uv": {
								"north": {"uv": [105.5, 3.5], "uv_size": [-1, 1.5]},
								"east": {"uv": [109, 3.5], "uv_size": [-3.5, 1.5]},
								"south": {"uv": [110, 3.5], "uv_size": [-1, 1.5]}
							}
						}
					]
				},
				{
					"name": "badan_prima3",
					"parent": "buled2",
					"pivot": [2.77785, 0.33662, 4.01375],
					"cubes": [
						{
							"origin": [1.33676, 2.60125, 3.14209],
							"size": [0.96228, 0.96228, 0.55688],
							"pivot": [-0.51172, 2.9062, 0.63281],
							"rotation": [-16.32495, -15.69986, 47.26579],
							"uv": {
								"east": {"uv": [32, 82], "uv_size": [0.5, 1]},
								"south": {"uv": [78.5, 36.5], "uv_size": [1, 1]},
								"west": {"uv": [82, 35], "uv_size": [0.5, 1]},
								"up": {"uv": [36.5, 82], "uv_size": [1, 0.5]},
								"down": {"uv": [82, 37], "uv_size": [1, -0.5]}
							}
						}
					]
				},
				{
					"name": "buled3",
					"parent": "bone",
					"pivot": [0.99807, 3.38203, 1.92668],
					"cubes": [
						{
							"origin": [-1.22352, 2.72957, -0.65802],
							"size": [1.40778, 1.24294, 3.80012],
							"pivot": [-0.51172, 2.9062, 0.63281],
							"rotation": [0, -22.5, 0],
							"uv": {
								"north": {"uv": [71, 40], "uv_size": [1.5, 1.5]},
								"south": {"uv": [71, 52], "uv_size": [1.5, 1.5]},
								"down": {"uv": [35, 62.5], "uv_size": [1.5, -4.5]}
							}
						},
						{
							"origin": [-1.22352, 4.8853, -0.65802],
							"size": [1.40778, 1.24294, 3.80012],
							"pivot": [-0.51172, 2.9062, 0.63281],
							"rotation": [0, -22.5, 0],
							"uv": {
								"north": {"uv": [71, 54], "uv_size": [1.5, 1.5]},
								"south": {"uv": [71, 62], "uv_size": [1.5, 1.5]},
								"up": {"uv": [58.5, 7], "uv_size": [1.5, 4.5]}
							}
						},
						{
							"origin": [-1.13763, 3.27343, -0.65977],
							"size": [1.24294, 1.40778, 3.80012],
							"pivot": [-0.51172, 2.9062, 0.63281],
							"rotation": [-16.32495, -15.69986, 47.26579],
							"uv": {
								"north": {"uv": [63.5, 71], "uv_size": [1.5, 1.5]},
								"south": {"uv": [12, 71.5], "uv_size": [1.5, 1.5]},
								"west": {"uv": [57, 22], "uv_size": [4.5, 1.5]}
							}
						},
						{
							"origin": [1.0158, 3.28462, -0.65977],
							"size": [1.24294, 1.40778, 3.80012],
							"pivot": [-0.51172, 2.9062, 0.63281],
							"rotation": [16.32495, -15.69986, -47.26579],
							"uv": {
								"north": {"uv": [71.5, 19.5], "uv_size": [1.5, 1.5]},
								"south": {"uv": [35, 71.5], "uv_size": [1.5, 1.5]},
								"west": {"uv": [59.5, 27], "uv_size": [4.5, 1.5]}
							}
						},
						{
							"origin": [-0.06324, 3.72502, -0.65802],
							"size": [1.24295, 1.40778, 3.80012],
							"pivot": [-0.51172, 2.9062, 0.63281],
							"rotation": [0, -22.5, 0],
							"uv": {
								"north": {"uv": [56, 71.5], "uv_size": [1.5, 1.5]},
								"south": {"uv": [72, 6.5], "uv_size": [1.5, 1.5]},
								"west": {"uv": [59.5, 39], "uv_size": [4.5, 1.5]}
							}
						},
						{
							"origin": [-1.18788, 3.72502, -0.65628],
							"size": [1.3365, 1.40778, 3.35462],
							"pivot": [-0.51172, 2.9062, 0.63281],
							"rotation": [0, -22.5, 0],
							"uv": {
								"north": {"uv": [72, 8.5], "uv_size": [1.5, 1.5]},
								"east": {"uv": [62, 14.5], "uv_size": [4, 1.5]},
								"south": {"uv": [72, 29], "uv_size": [1.5, 1.5]},
								"west": {"uv": [62, 21.5], "uv_size": [4, 1.5]}
							}
						},
						{
							"origin": [-1.22352, 2.72957, 3.35148],
							"size": [1.40778, 1.24294, 0.23611],
							"pivot": [-0.51172, 2.9062, 0.63281],
							"rotation": [0, -22.5, 0],
							"uv": {
								"north": {"uv": [5.5, 73], "uv_size": [1.5, 1.5]},
								"south": {"uv": [73, 11.5], "uv_size": [1.5, 1.5]},
								"up": {"uv": [80, 36], "uv_size": [1.5, 0.5]},
								"down": {"uv": [80, 37.5], "uv_size": [1.5, -0.5]}
							}
						},
						{
							"origin": [-1.22352, 4.8853, 3.35148],
							"size": [1.40778, 1.24294, 0.23611],
							"pivot": [-0.51172, 2.9062, 0.63281],
							"rotation": [0, -22.5, 0],
							"uv": {
								"north": {"uv": [3.5, 73], "uv_size": [1.5, 1.5]},
								"south": {"uv": [73, 3.5], "uv_size": [1.5, 1.5]},
								"up": {"uv": [79.5, 77], "uv_size": [1.5, 0.5]},
								"down": {"uv": [80, 35.5], "uv_size": [1.5, -0.5]}
							}
						},
						{
							"origin": [-1.13763, 3.27343, 3.34973],
							"size": [1.24294, 1.40778, 0.23611],
							"pivot": [-0.51172, 2.9062, 0.63281],
							"rotation": [-16.32495, -15.69986, 47.26579],
							"uv": {
								"north": {"uv": [72.5, 64], "uv_size": [1.5, 1.5]},
								"east": {"uv": [80, 27], "uv_size": [0.5, 1.5]},
								"south": {"uv": [65.5, 72.5], "uv_size": [1.5, 1.5]},
								"west": {"uv": [80, 29], "uv_size": [0.5, 1.5]}
							}
						},
						{
							"origin": [1.0158, 3.28462, 3.34973],
							"size": [1.24294, 1.40778, 0.23611],
							"pivot": [-0.51172, 2.9062, 0.63281],
							"rotation": [16.32495, -15.69986, -47.26579],
							"uv": {
								"north": {"uv": [72.5, 48.5], "uv_size": [1.5, 1.5]},
								"east": {"uv": [80, 19], "uv_size": [0.5, 1.5]},
								"south": {"uv": [72.5, 60], "uv_size": [1.5, 1.5]},
								"west": {"uv": [80, 25], "uv_size": [0.5, 1.5]}
							}
						},
						{
							"origin": [-3.29337, 3.27343, 3.34973],
							"size": [1.24295, 1.40778, 0.23611],
							"pivot": [-0.51172, 2.9062, 0.63281],
							"rotation": [-16.32495, -15.69986, 47.26579],
							"uv": {
								"north": {"uv": [74, 48.5], "uv_size": [-1.5, 1.5]},
								"east": {"uv": [80.5, 25], "uv_size": [-0.5, 1.5]},
								"south": {"uv": [74, 60], "uv_size": [-1.5, 1.5]},
								"west": {"uv": [80.5, 19], "uv_size": [-0.5, 1.5]}
							}
						},
						{
							"origin": [-1.13994, 3.28462, 3.34973],
							"size": [1.24295, 1.40778, 0.23611],
							"pivot": [-0.51172, 2.9062, 0.63281],
							"rotation": [16.32495, -15.69986, -47.26579],
							"uv": {
								"north": {"uv": [74, 64], "uv_size": [-1.5, 1.5]},
								"east": {"uv": [80.5, 29], "uv_size": [-0.5, 1.5]},
								"south": {"uv": [67, 72.5], "uv_size": [-1.5, 1.5]},
								"west": {"uv": [80.5, 27], "uv_size": [-0.5, 1.5]}
							}
						},
						{
							"origin": [-3.29337, 3.27343, -0.65977],
							"size": [1.24295, 1.40778, 3.80012],
							"pivot": [-0.51172, 2.9062, 0.63281],
							"rotation": [-16.32495, -15.69986, 47.26579],
							"uv": {
								"north": {"uv": [73, 19.5], "uv_size": [-1.5, 1.5]},
								"east": {"uv": [64, 27], "uv_size": [-4.5, 1.5]},
								"south": {"uv": [36.5, 71.5], "uv_size": [-1.5, 1.5]}
							}
						},
						{
							"origin": [-2.21897, 3.72502, -0.65802],
							"size": [1.24294, 1.40778, 3.80012],
							"pivot": [-0.51172, 2.9062, 0.63281],
							"rotation": [0, -22.5, 0],
							"uv": {
								"north": {"uv": [57.5, 71.5], "uv_size": [-1.5, 1.5]},
								"east": {"uv": [64, 39], "uv_size": [-4.5, 1.5]},
								"south": {"uv": [73.5, 6.5], "uv_size": [-1.5, 1.5]}
							}
						},
						{
							"origin": [-1.13994, 3.28462, -0.65977],
							"size": [1.24295, 1.40778, 3.80012],
							"pivot": [-0.51172, 2.9062, 0.63281],
							"rotation": [16.32495, -15.69986, -47.26579],
							"uv": {
								"north": {"uv": [65, 71], "uv_size": [-1.5, 1.5]},
								"east": {"uv": [61.5, 22], "uv_size": [-4.5, 1.5]},
								"south": {"uv": [13.5, 71.5], "uv_size": [-1.5, 1.5]}
							}
						},
						{
							"origin": [-0.06324, 3.72502, 3.35148],
							"size": [1.24295, 1.40778, 0.23611],
							"pivot": [-0.51172, 2.9062, 0.63281],
							"rotation": [0, -22.5, 0],
							"uv": {
								"north": {"uv": [72.5, 44.5], "uv_size": [1.5, 1.5]},
								"east": {"uv": [80, 14], "uv_size": [0.5, 1.5]},
								"south": {"uv": [72.5, 46.5], "uv_size": [1.5, 1.5]},
								"west": {"uv": [16, 80], "uv_size": [0.5, 1.5]}
							}
						},
						{
							"origin": [-2.21897, 3.72502, 3.35148],
							"size": [1.24294, 1.40778, 0.23611],
							"pivot": [-0.51172, 2.9062, 0.63281],
							"rotation": [0, -22.5, 0],
							"uv": {
								"north": {"uv": [74, 44.5], "uv_size": [-1.5, 1.5]},
								"east": {"uv": [16.5, 80], "uv_size": [-0.5, 1.5]},
								"south": {"uv": [74, 46.5], "uv_size": [-1.5, 1.5]},
								"west": {"uv": [80.5, 14], "uv_size": [-0.5, 1.5]}
							}
						},
						{
							"origin": [-1.18788, 3.72502, 3.14035],
							"size": [1.3365, 1.40778, 0.22275],
							"pivot": [-0.51172, 2.9062, 0.63281],
							"rotation": [0, -22.5, 0],
							"uv": {
								"south": {"uv": [72, 67], "uv_size": [1.5, 1.5]}
							}
						},
						{
							"origin": [-1.18128, 2.83152, 3.13116],
							"size": [1.3233, 1.16836, 0.22194],
							"pivot": [-0.51172, 2.9062, 0.63281],
							"rotation": [0, -22.5, 0],
							"uv": {
								"down": {"uv": [47, 80.5], "uv_size": [1.5, -0.5]}
							}
						},
						{
							"origin": [-1.18128, 4.85793, 3.13116],
							"size": [1.3233, 1.16836, 0.22194],
							"pivot": [-0.51172, 2.9062, 0.63281],
							"rotation": [0, -22.5, 0],
							"uv": {
								"up": {"uv": [80, 38], "uv_size": [1.5, 0.5]}
							}
						},
						{
							"origin": [-1.16501, 3.31568, 3.12952],
							"size": [1.16837, 1.3233, 0.22195],
							"pivot": [-0.51172, 2.9062, 0.63281],
							"rotation": [-16.32495, -15.69986, 47.26579],
							"uv": {
								"west": {"uv": [46, 80], "uv_size": [0.5, 1.5]}
							}
						},
						{
							"origin": [0.98842, 3.32686, 3.12952],
							"size": [1.16837, 1.3233, 0.22195],
							"pivot": [-0.51172, 2.9062, 0.63281],
							"rotation": [16.32495, -15.69986, -47.26579],
							"uv": {
								"west": {"uv": [45, 80], "uv_size": [0.5, 1.5]}
							}
						},
						{
							"origin": [-0.09061, 3.76726, 3.13116],
							"size": [1.16837, 1.3233, 0.22194],
							"pivot": [-0.51172, 2.9062, 0.63281],
							"rotation": [0, -22.5, 0],
							"uv": {
								"west": {"uv": [30, 80], "uv_size": [0.5, 1.5]}
							}
						},
						{
							"origin": [-3.1914, 3.31568, 3.12952],
							"size": [1.16836, 1.3233, 0.22195],
							"pivot": [-0.51172, 2.9062, 0.63281],
							"rotation": [-16.32495, -15.69986, 47.26579],
							"uv": {
								"east": {"uv": [45.5, 80], "uv_size": [-0.5, 1.5]}
							}
						},
						{
							"origin": [-2.117, 3.76726, 3.13116],
							"size": [1.16836, 1.3233, 0.22194],
							"pivot": [-0.51172, 2.9062, 0.63281],
							"rotation": [0, -22.5, 0],
							"uv": {
								"east": {"uv": [30.5, 80], "uv_size": [-0.5, 1.5]}
							}
						},
						{
							"origin": [-1.03797, 3.32686, 3.12952],
							"size": [1.16836, 1.3233, 0.22195],
							"pivot": [-0.51172, 2.9062, 0.63281],
							"rotation": [16.32495, -15.69986, -47.26579],
							"uv": {
								"east": {"uv": [46.5, 80], "uv_size": [-0.5, 1.5]}
							}
						}
					]
				},
				{
					"name": "proyektil4",
					"parent": "buled3",
					"pivot": [0.99807, 3.38203, -1.11086],
					"cubes": [
						{
							"origin": [-2.13369, 3.75808, -3.76316],
							"size": [3.22813, 1.3365, 3.1185],
							"pivot": [-0.51172, 2.9062, 0.63281],
							"rotation": [0, -22.5, 0],
							"uv": {
								"north": {"uv": [116, 15.5], "uv_size": [3.5, 1.5]},
								"east": {"uv": [112.5, 15.5], "uv_size": [3.5, 1.5]},
								"south": {"uv": [123, 15.5], "uv_size": [3.5, 1.5]},
								"west": {"uv": [119.5, 15.5], "uv_size": [3.5, 1.5]}
							}
						},
						{
							"origin": [1.27987, 3.31844, -3.75968],
							"size": [0.891, 1.3365, 3.1185],
							"pivot": [-0.51172, 2.9062, 0.63281],
							"rotation": [16.32495, -15.69986, -47.26579],
							"uv": {
								"north": {"uv": [113.5, 3.5], "uv_size": [1, 1.5]},
								"south": {"uv": [118, 3.5], "uv_size": [1, 1.5]},
								"west": {"uv": [114.5, 3.5], "uv_size": [3.5, 1.5]}
							}
						},
						{
							"origin": [-1.18788, 2.81304, -3.76142],
							"size": [1.3365, 3.22813, 3.1185],
							"pivot": [-0.51172, 2.9062, 0.63281],
							"rotation": [0, -22.5, 0],
							"uv": {
								"north": {"uv": [121.5, 8.5], "uv_size": [1.5, 3.5]},
								"south": {"uv": [126.5, 8.5], "uv_size": [1.5, 3.5]},
								"up": {"uv": [121.5, 5], "uv_size": [1.5, 3.5]},
								"down": {"uv": [123, 8.5], "uv_size": [1.5, -3.5]}
							}
						},
						{
							"origin": [-0.86991, 3.30725, -3.75968],
							"size": [0.891, 1.3365, 3.1185],
							"pivot": [-0.51172, 2.9062, 0.63281],
							"rotation": [-16.32495, -15.69986, 47.26579],
							"uv": {
								"north": {"uv": [104.5, 3.5], "uv_size": [1, 1.5]},
								"south": {"uv": [109, 3.5], "uv_size": [1, 1.5]},
								"west": {"uv": [105.5, 3.5], "uv_size": [3.5, 1.5]}
							}
						},
						{
							"origin": [-3.2055, 3.30726, -3.75968],
							"size": [0.891, 1.3365, 3.1185],
							"pivot": [-0.51172, 2.9062, 0.63281],
							"rotation": [-16.32495, -15.69986, 47.26579],
							"uv": {
								"north": {"uv": [114.5, 3.5], "uv_size": [-1, 1.5]},
								"east": {"uv": [118, 3.5], "uv_size": [-3.5, 1.5]},
								"south": {"uv": [119, 3.5], "uv_size": [-1, 1.5]}
							}
						},
						{
							"origin": [-1.05571, 3.31843, -3.75968],
							"size": [0.891, 1.3365, 3.1185],
							"pivot": [-0.51172, 2.9062, 0.63281],
							"rotation": [16.32495, -15.69986, -47.26579],
							"uv": {
								"north": {"uv": [105.5, 3.5], "uv_size": [-1, 1.5]},
								"east": {"uv": [109, 3.5], "uv_size": [-3.5, 1.5]},
								"south": {"uv": [110, 3.5], "uv_size": [-1, 1.5]}
							}
						}
					]
				},
				{
					"name": "badan_prima4",
					"parent": "buled3",
					"pivot": [0.99807, 3.38203, 4.01375],
					"cubes": [
						{
							"origin": [-2.07517, 3.49618, 3.14209],
							"size": [0.96228, 0.96228, 0.55688],
							"pivot": [-0.51172, 2.9062, 0.63281],
							"rotation": [-16.32495, -15.69986, 47.26579],
							"uv": {
								"east": {"uv": [32, 82], "uv_size": [0.5, 1]},
								"south": {"uv": [78.5, 36.5], "uv_size": [1, 1]},
								"west": {"uv": [82, 35], "uv_size": [0.5, 1]},
								"up": {"uv": [36.5, 82], "uv_size": [1, 0.5]},
								"down": {"uv": [82, 37], "uv_size": [1, -0.5]}
							}
						}
					]
				}
			]
		}
	]
}