{
	"format_version": "1.12.0",
	"minecraft:geometry": [
		{
			"description": {
				"identifier": "geometry.sight_coyote - Converted",
				"texture_width": 128,
				"texture_height": 128,
				"visible_bounds_width": 67,
				"visible_bounds_height": 6,
				"visible_bounds_offset": [0, 0, 0]
			},
			"bones": [
				{
					"name": "ocular",
					"pivot": [0, 1.56753, -0.06766],
					"cubes": [
						{
							"origin": [-0.63467, 0.9663, -0.85873],
							"size": [1.26934, 1.20246, 0.02215],
							"uv": {
								"south": {"uv": [37, 8], "uv_size": [5, 5]}
							}
						}
					]
				},
				{
					"name": "scope_body",
					"pivot": [0, 1.07371, -1.00004],
					"cubes": [
						{
							"origin": [0.85114, 0.12119, -2.24692],
							"size": [0.08908, 0.90847, 2.04752],
							"inflate": 0.002,
							"uv": {
								"east": {"uv": [35, 0], "uv_size": [8, 4]},
								"west": {"uv": [35, 14], "uv_size": [8, 4]},
								"down": {"uv": [48, 43], "uv_size": [1, -8]}
							}
						},
						{
							"origin": [-0.54308, 2.15847, -1.86724],
							"size": [1.08615, 0.14908, 1.66784],
							"inflate": 0.002,
							"uv": {
								"north": {"uv": [52, 42], "uv_size": [4, 1]},
								"south": {"uv": [53, 51], "uv_size": [4, 1]},
								"up": {"uv": [18, 39], "uv_size": [4, 7]},
								"down": {"uv": [23, 46], "uv_size": [4, -7]}
							}
						},
						{
							"origin": [0.39271, 2.0052, -1.86863],
							"size": [0.15188, 0.30376, 1.67063],
							"pivot": [0.5446, 2.30896, -1.10926],
							"rotation": [0, 0, -45],
							"uv": {
								"north": {"uv": [25, 20], "uv_size": [1, 1]},
								"east": {"uv": [28, 49], "uv_size": [7, 1]},
								"south": {"uv": [18, 37], "uv_size": [1, 1]},
								"west": {"uv": [49, 46], "uv_size": [7, 1]}
							}
						},
						{
							"origin": [0.60889, 1.03244, -1.86724],
							"size": [0.1491, 1.06034, 1.51597],
							"inflate": 0.002,
							"uv": {
								"north": {"uv": [34, 53], "uv_size": [1, 4]},
								"east": {"uv": [28, 39], "uv_size": [6, 4]},
								"west": {"uv": [41, 35], "uv_size": [6, 4]}
							}
						},
						{
							"origin": [0.6075, 0.87917, -1.86863],
							"size": [0.15187, 1.15426, 0.30376],
							"pivot": [0.68344, 2.03343, -1.86863],
							"rotation": [-16, 0, 0],
							"uv": {
								"north": {"uv": [8, 31], "uv_size": [1, 5]},
								"east": {"uv": [26, 51], "uv_size": [1, 5]},
								"west": {"uv": [28, 51], "uv_size": [1, 5]}
							}
						},
						{
							"origin": [-0.62459, 2.40263, -1.94456],
							"size": [1.24918, 0.09188, 1.74656],
							"uv": {
								"north": {"uv": [51, 12], "uv_size": [5, 1]},
								"south": {"uv": [30, 51], "uv_size": [5, 1]},
								"up": {"uv": [29, 0], "uv_size": [5, 7]},
								"down": {"uv": [14, 36], "uv_size": [5, -7]}
							}
						},
						{
							"origin": [0.63636, 2.09013, -1.94318],
							"size": [0.0891, 0.44524, 1.74378],
							"inflate": 0.002,
							"pivot": [0.72684, 2.39249, -1.10926],
							"rotation": [0, 0, -45],
							"uv": {
								"north": {"uv": [57, 24], "uv_size": [1, 2]},
								"east": {"uv": [42, 27], "uv_size": [7, 2]},
								"south": {"uv": [57, 53], "uv_size": [1, 2]},
								"west": {"uv": [43, 8], "uv_size": [7, 2]}
							}
						},
						{
							"origin": [0.85114, 1.03244, -1.94318],
							"size": [0.08908, 1.14387, 1.5919],
							"inflate": 0.002,
							"uv": {
								"north": {"uv": [36, 51], "uv_size": [1, 5]},
								"east": {"uv": [29, 8], "uv_size": [7, 5]},
								"west": {"uv": [20, 29], "uv_size": [7, 5]}
							}
						},
						{
							"origin": [0.94934, 1.49414, -1.87028],
							"size": [-0.00303, 0.19617, 0.4984],
							"inflate": 0.002,
							"uv": {
								"west": {"uv": [6, 73], "uv_size": [53, 21]}
							}
						},
						{
							"origin": [0.94934, 1.49414, -1.35998],
							"size": [-0.00303, 0.26907, 0.7414],
							"inflate": 0.002,
							"uv": {
								"west": {"uv": [62, 73], "uv_size": [58, 21]}
							}
						},
						{
							"origin": [0.94934, 1.34834, -0.84968],
							"size": [-0.00303, 0.07467, 0.2797],
							"inflate": 0.002,
							"uv": {
								"west": {"uv": [37, 100], "uv_size": [27, 7]}
							}
						},
						{
							"origin": [0.84974, 0.9627, -1.94456],
							"size": [0.09188, 1.15424, 0.31894],
							"pivot": [0.86569, 2.11695, -1.94456],
							"rotation": [-16, 0, 0],
							"uv": {
								"north": {"uv": [38, 51], "uv_size": [1, 5]},
								"east": {"uv": [51, 48], "uv_size": [1, 5]},
								"west": {"uv": [52, 36], "uv_size": [1, 5]}
							}
						},
						{
							"origin": [0.84974, 1.9423, -0.34987],
							"size": [0.09188, 0.2354, 0.15187],
							"uv": {
								"east": {"uv": [58, 44], "uv_size": [1, 1]},
								"south": {"uv": [59, 25], "uv_size": [1, 1]},
								"west": {"uv": [29, 59], "uv_size": [1, 1]}
							}
						},
						{
							"origin": [0.6075, 1.9423, -0.34987],
							"size": [0.15187, 0.15187, 0.15187],
							"uv": {
								"east": {"uv": [31, 59], "uv_size": [1, 1]},
								"south": {"uv": [59, 36], "uv_size": [1, 1]},
								"west": {"uv": [59, 46], "uv_size": [1, 1]}
							}
						},
						{
							"origin": [0.85126, 1.55653, -0.34836],
							"size": [0.08884, 0.38425, 0.14884],
							"inflate": 0.002,
							"pivot": [-0.15187, 1.9423, -0.198],
							"rotation": [-10.75, 0, 0],
							"uv": {
								"east": {"uv": [55, 57], "uv_size": [1, 2]},
								"south": {"uv": [57, 56], "uv_size": [1, 2]},
								"west": {"uv": [0, 58], "uv_size": [1, 2]}
							}
						},
						{
							"origin": [0.6075, 1.60817, -0.34987],
							"size": [0.15187, 0.33413, 0.15187],
							"pivot": [-0.15187, 1.9423, -0.198],
							"rotation": [-10.75, 0, 0],
							"uv": {
								"east": {"uv": [59, 48], "uv_size": [1, 1]},
								"south": {"uv": [50, 59], "uv_size": [1, 1]},
								"west": {"uv": [59, 53], "uv_size": [1, 1]}
							}
						},
						{
							"origin": [0.84974, 0.12295, -0.31584],
							"size": [0.09188, 1.64024, 0.16706],
							"pivot": [-0.15187, 0.73045, -0.22471],
							"rotation": [6.75, 0, 0],
							"uv": {
								"east": {"uv": [49, 48], "uv_size": [1, 7]},
								"south": {"uv": [9, 50], "uv_size": [1, 7]},
								"west": {"uv": [11, 50], "uv_size": [1, 7]},
								"down": {"uv": [59, 56], "uv_size": [1, -1]}
							}
						},
						{
							"origin": [-0.75937, -0.3251, -0.3427],
							"size": [1.51874, 1.53206, 0.15769],
							"pivot": [-0.15187, 1.04103, -0.185],
							"rotation": [6.75, 0, 0],
							"uv": {
								"north": {"uv": [14, 22], "uv_size": [6, 6]},
								"east": {"uv": [50, 36], "uv_size": [1, 6]},
								"south": {"uv": [21, 22], "uv_size": [6, 6]},
								"west": {"uv": [40, 50], "uv_size": [1, 6]},
								"up": {"uv": [18, 15], "uv_size": [6, 1]},
								"down": {"uv": [42, 51], "uv_size": [6, -1]}
							}
						},
						{
							"origin": [-0.243, 0.47335, -0.26766],
							"size": [0.486, 0.486, 0.243],
							"pivot": [0, 0.71635, -0.0854],
							"rotation": [4.78403, -4.76744, 44.80074],
							"uv": {
								"north": {"uv": [61, 62], "uv_size": [-2, 2]},
								"east": {"uv": [62, 62], "uv_size": [-1, 2]},
								"south": {"uv": [64, 62], "uv_size": [-2, 2]},
								"west": {"uv": [59, 62], "uv_size": [-1, 2]},
								"up": {"uv": [61, 61], "uv_size": [-2, 1]},
								"down": {"uv": [63, 62], "uv_size": [-2, -1]}
							}
						},
						{
							"origin": [-0.68213, 0.28396, -0.26724],
							"size": [0.3645, 0.243, 0.243],
							"pivot": [-0.56063, 0.40546, -0.14574],
							"rotation": [6.75, 0, 0],
							"uv": {
								"north": {"uv": [54, 63], "uv_size": [-2, 1]},
								"east": {"uv": [55, 63], "uv_size": [-1, 1]},
								"south": {"uv": [57, 63], "uv_size": [-2, 1]},
								"west": {"uv": [52, 63], "uv_size": [-1, 1]},
								"up": {"uv": [54, 62], "uv_size": [-2, 1]},
								"down": {"uv": [56, 63], "uv_size": [-2, -1]}
							}
						},
						{
							"origin": [0.31763, 0.28396, -0.26724],
							"size": [0.3645, 0.243, 0.243],
							"pivot": [0.56063, 0.40546, -0.14574],
							"rotation": [6.75, 0, 0],
							"uv": {
								"north": {"uv": [52, 63], "uv_size": [2, 1]},
								"east": {"uv": [51, 63], "uv_size": [1, 1]},
								"south": {"uv": [55, 63], "uv_size": [2, 1]},
								"west": {"uv": [54, 63], "uv_size": [1, 1]},
								"up": {"uv": [52, 62], "uv_size": [2, 1]},
								"down": {"uv": [54, 63], "uv_size": [2, -1]}
							}
						},
						{
							"origin": [0.6075, 1.18608, -0.31584],
							"size": [0.15187, 0.57712, 0.16706],
							"pivot": [-0.33413, 0.73045, -0.22471],
							"rotation": [6.75, 0, 0],
							"uv": {
								"east": {"uv": [8, 58], "uv_size": [1, 2]},
								"south": {"uv": [10, 58], "uv_size": [1, 2]},
								"west": {"uv": [12, 58], "uv_size": [1, 2]}
							}
						},
						{
							"origin": [-0.94023, -0.33369, -4.06942],
							"size": [1.88046, 0.45208, 3.88878],
							"inflate": 0.002,
							"uv": {
								"north": {"uv": [42, 24], "uv_size": [8, 2]},
								"east": {"uv": [35, 5], "uv_size": [16, 2]},
								"west": {"uv": [20, 36], "uv_size": [16, 2]},
								"up": {"uv": [0, 0], "uv_size": [8, 16]},
								"down": {"uv": [9, 16], "uv_size": [8, -16]}
							}
						},
						{
							"origin": [0.84974, -0.79146, -4.07082],
							"size": [0.09188, 0.91126, 2.12626],
							"pivot": [-0.15187, 0.1198, -4.07082],
							"rotation": [27.5, 0, 0],
							"uv": {
								"east": {"uv": [25, 15], "uv_size": [9, 4]},
								"west": {"uv": [0, 26], "uv_size": [9, 4]},
								"up": {"uv": [2, 47], "uv_size": [1, 9]}
							}
						},
						{
							"origin": [-0.94163, -0.79146, -4.07082],
							"size": [0.09187, 0.91126, 2.12626],
							"pivot": [0.15187, 0.1198, -4.07082],
							"rotation": [27.5, 0, 0],
							"uv": {
								"east": {"uv": [28, 20], "uv_size": [9, 4]},
								"west": {"uv": [28, 25], "uv_size": [9, 4]},
								"up": {"uv": [4, 47], "uv_size": [1, 9]}
							}
						},
						{
							"origin": [-0.75937, 1.18608, -0.31584],
							"size": [0.15187, 0.57712, 0.16706],
							"pivot": [0.33413, 0.73045, -0.22471],
							"rotation": [6.75, 0, 0],
							"uv": {
								"east": {"uv": [14, 58], "uv_size": [1, 2]},
								"south": {"uv": [16, 58], "uv_size": [1, 2]},
								"west": {"uv": [58, 16], "uv_size": [1, 2]}
							}
						},
						{
							"origin": [-0.94163, 0.12295, -0.31584],
							"size": [0.09187, 1.64024, 0.16706],
							"pivot": [0.15187, 0.73045, -0.22471],
							"rotation": [6.75, 0, 0],
							"uv": {
								"east": {"uv": [13, 50], "uv_size": [1, 7]},
								"south": {"uv": [15, 50], "uv_size": [1, 7]},
								"west": {"uv": [17, 50], "uv_size": [1, 7]},
								"down": {"uv": [57, 60], "uv_size": [1, -1]}
							}
						},
						{
							"origin": [-0.75937, 1.60817, -0.34987],
							"size": [0.15187, 0.33413, 0.15187],
							"pivot": [0.15187, 1.9423, -0.198],
							"rotation": [-10.75, 0, 0],
							"uv": {
								"east": {"uv": [59, 57], "uv_size": [1, 1]},
								"south": {"uv": [59, 59], "uv_size": [1, 1]},
								"west": {"uv": [60, 15], "uv_size": [1, 1]}
							}
						},
						{
							"origin": [-0.94011, 1.55653, -0.34836],
							"size": [0.08884, 0.38425, 0.14884],
							"inflate": 0.002,
							"pivot": [0.15187, 1.9423, -0.198],
							"rotation": [-10.75, 0, 0],
							"uv": {
								"east": {"uv": [58, 19], "uv_size": [1, 2]},
								"south": {"uv": [58, 27], "uv_size": [1, 2]},
								"west": {"uv": [58, 30], "uv_size": [1, 2]}
							}
						},
						{
							"origin": [-0.75937, 1.9423, -0.34987],
							"size": [0.15187, 0.15187, 0.15187],
							"uv": {
								"east": {"uv": [60, 17], "uv_size": [1, 1]},
								"south": {"uv": [60, 19], "uv_size": [1, 1]},
								"west": {"uv": [22, 60], "uv_size": [1, 1]}
							}
						},
						{
							"origin": [-0.94163, 1.9423, -0.34987],
							"size": [0.09187, 0.2354, 0.15187],
							"uv": {
								"east": {"uv": [60, 27], "uv_size": [1, 1]},
								"south": {"uv": [60, 29], "uv_size": [1, 1]},
								"west": {"uv": [60, 31], "uv_size": [1, 1]}
							}
						},
						{
							"origin": [-0.94163, 0.9627, -1.94456],
							"size": [0.09187, 1.15424, 0.31894],
							"pivot": [-0.86569, 2.11695, -1.94456],
							"rotation": [-16, 0, 0],
							"uv": {
								"north": {"uv": [42, 52], "uv_size": [1, 5]},
								"east": {"uv": [44, 52], "uv_size": [1, 5]},
								"west": {"uv": [46, 52], "uv_size": [1, 5]}
							}
						},
						{
							"origin": [-0.94023, 1.03244, -1.94318],
							"size": [0.08908, 1.14387, 1.5919],
							"inflate": 0.002,
							"uv": {
								"north": {"uv": [6, 53], "uv_size": [1, 5]},
								"east": {"uv": [28, 30], "uv_size": [7, 5]},
								"west": {"uv": [0, 31], "uv_size": [7, 5]}
							}
						},
						{
							"origin": [-0.72545, 2.09013, -1.94318],
							"size": [0.0891, 0.44524, 1.74378],
							"inflate": 0.002,
							"pivot": [-0.72684, 2.39249, -1.10926],
							"rotation": [0, 0, 45],
							"uv": {
								"north": {"uv": [58, 33], "uv_size": [1, 2]},
								"east": {"uv": [43, 11], "uv_size": [7, 2]},
								"south": {"uv": [34, 58], "uv_size": [1, 2]},
								"west": {"uv": [44, 0], "uv_size": [7, 2]}
							}
						},
						{
							"origin": [-0.75937, 0.87917, -1.86863],
							"size": [0.15187, 1.15426, 0.30376],
							"pivot": [-0.68344, 2.03343, -1.86863],
							"rotation": [-16, 0, 0],
							"uv": {
								"north": {"uv": [19, 53], "uv_size": [1, 5]},
								"east": {"uv": [21, 53], "uv_size": [1, 5]},
								"west": {"uv": [30, 53], "uv_size": [1, 5]}
							}
						},
						{
							"origin": [-0.75798, 1.03244, -1.86724],
							"size": [0.1491, 1.06034, 1.51597],
							"inflate": 0.002,
							"uv": {
								"north": {"uv": [53, 53], "uv_size": [1, 4]},
								"east": {"uv": [41, 40], "uv_size": [6, 4]},
								"west": {"uv": [0, 42], "uv_size": [6, 4]}
							}
						},
						{
							"origin": [-0.5446, 2.0052, -1.86863],
							"size": [0.15188, 0.30376, 1.67063],
							"pivot": [-0.5446, 2.30896, -1.10926],
							"rotation": [0, 0, 45],
							"uv": {
								"north": {"uv": [60, 33], "uv_size": [1, 1]},
								"east": {"uv": [50, 27], "uv_size": [7, 1]},
								"south": {"uv": [60, 38], "uv_size": [1, 1]},
								"west": {"uv": [50, 34], "uv_size": [7, 1]}
							}
						},
						{
							"origin": [-0.94023, 0.12119, -1.33568],
							"size": [0.08908, 0.30097, 1.13628],
							"inflate": 0.002,
							"uv": {
								"north": {"uv": [60, 40], "uv_size": [1, 1]},
								"east": {"uv": [52, 0], "uv_size": [5, 1]},
								"west": {"uv": [52, 5], "uv_size": [5, 1]},
								"up": {"uv": [32, 53], "uv_size": [1, 5]}
							}
						},
						{
							"origin": [-0.94163, -0.33192, -0.30647],
							"size": [0.18226, 0.45487, 0.15769],
							"pivot": [0.15187, 0.73045, -0.22471],
							"rotation": [6.75, 0, 0],
							"uv": {
								"east": {"uv": [58, 38], "uv_size": [1, 2]},
								"south": {"uv": [58, 41], "uv_size": [1, 2]},
								"west": {"uv": [42, 58], "uv_size": [1, 2]},
								"up": {"uv": [1.1, 0.55], "uv_size": [-0.6, -0.55]},
								"down": {"uv": [60, 43], "uv_size": [1, -1]}
							}
						},
						{
							"origin": [0.75937, -0.33192, -0.30647],
							"size": [0.18226, 0.45487, 0.15769],
							"pivot": [-0.15187, 0.73045, -0.22471],
							"rotation": [6.75, 0, 0],
							"uv": {
								"east": {"uv": [44, 58], "uv_size": [1, 2]},
								"south": {"uv": [46, 58], "uv_size": [1, 2]},
								"west": {"uv": [58, 50], "uv_size": [1, 2]},
								"up": {"uv": [0.6, 0.55], "uv_size": [-0.6, -0.55]},
								"down": {"uv": [60, 45], "uv_size": [1, -1]}
							}
						},
						{
							"origin": [-0.9782, -0.15219, -1.03192],
							"size": [1.95639, 0.30097, 0.30097],
							"inflate": 0.002,
							"pivot": [-0.15187, -0.0017, -0.88144],
							"rotation": [-45, 0, 0],
							"uv": {
								"north": {"uv": [48, 14], "uv_size": [8, 1]},
								"east": {"uv": [48, 60], "uv_size": [1, 1]},
								"south": {"uv": [48, 16], "uv_size": [8, 1]},
								"west": {"uv": [60, 50], "uv_size": [1, 1]},
								"up": {"uv": [49, 18], "uv_size": [8, 1]},
								"down": {"uv": [49, 21], "uv_size": [8, -1]}
							}
						},
						{
							"origin": [-0.9782, -0.15219, -3.15818],
							"size": [1.95639, 0.30097, 0.30097],
							"inflate": 0.002,
							"pivot": [-0.15187, -0.0017, -3.00769],
							"rotation": [-45, 0, 0],
							"uv": {
								"north": {"uv": [49, 22], "uv_size": [8, 1]},
								"east": {"uv": [55, 60], "uv_size": [1, 1]},
								"south": {"uv": [49, 30], "uv_size": [8, 1]},
								"west": {"uv": [0, 61], "uv_size": [1, 1]},
								"up": {"uv": [49, 32], "uv_size": [8, 1]},
								"down": {"uv": [49, 45], "uv_size": [8, -1]}
							}
						},
						{
							"origin": [-0.75937, 1.20545, -2.12626],
							"size": [1.51874, 0, 1.93594],
							"pivot": [0, 1.20545, -0.19032],
							"rotation": [1.55, 0, 0],
							"uv": {
								"up": {"uv": [7, 17], "uv_size": [6, 8]}
							}
						},
						{
							"origin": [-0.75844, -0.00162, -4.86158],
							"size": [1.51687, 0.12, 1.2],
							"uv": {
								"north": {"uv": [71, 0], "uv_size": [1, 1]},
								"east": {"uv": [72, 0], "uv_size": [1, 1]},
								"west": {"uv": [73, 0], "uv_size": [1, 1]},
								"down": {"uv": [54, 41], "uv_size": [3, -1]}
							}
						},
						{
							"origin": [-0.75937, -0.012, -2.12624],
							"size": [1.51874, 1.04795, 1.944],
							"uv": {
								"north": {"uv": [42, 19], "uv_size": [6, 4]},
								"east": {"uv": [36, 30], "uv_size": [8, 4]},
								"west": {"uv": [0, 37], "uv_size": [8, 4]}
							}
						},
						{
							"origin": [-0.94023, 0.42494, -0.42442],
							"size": [0.08908, 0.60471, 0.22502],
							"inflate": 0.002,
							"uv": {
								"north": {"uv": [55, 53], "uv_size": [1, 3]},
								"east": {"uv": [48, 56], "uv_size": [1, 3]},
								"south": {"uv": [2, 57], "uv_size": [1, 3]},
								"west": {"uv": [4, 57], "uv_size": [1, 3]}
							}
						},
						{
							"origin": [-0.94023, 0.42494, -1.33568],
							"size": [0.08908, 0.60471, 0.31616],
							"inflate": 0.002,
							"uv": {
								"north": {"uv": [57, 12], "uv_size": [1, 3]},
								"east": {"uv": [25, 57], "uv_size": [2, 3]},
								"south": {"uv": [27, 57], "uv_size": [1, 3]},
								"west": {"uv": [36, 57], "uv_size": [1, 3]}
							}
						},
						{
							"origin": [-0.94023, 0.72869, -2.24692],
							"size": [0.08908, 0.30097, 0.90847],
							"inflate": 0.002,
							"uv": {
								"north": {"uv": [61, 8], "uv_size": [1, 1]},
								"east": {"uv": [54, 10], "uv_size": [4, 1]},
								"south": {"uv": [10, 61], "uv_size": [1, 1]},
								"west": {"uv": [54, 36], "uv_size": [4, 1]},
								"up": {"uv": [51, 54], "uv_size": [1, 4]},
								"down": {"uv": [23, 59], "uv_size": [1, -4]}
							}
						},
						{
							"origin": [-0.94023, 0.12119, -2.24692],
							"size": [0.08908, 0.60471, 0.31615],
							"inflate": 0.002,
							"uv": {
								"east": {"uv": [38, 57], "uv_size": [2, 3]},
								"south": {"uv": [40, 57], "uv_size": [1, 3]},
								"west": {"uv": [57, 46], "uv_size": [1, 3]}
							}
						},
						{
							"origin": [-0.90986, 0.57681, -0.88005],
							"size": [0.14908, 0.30097, 0.31615],
							"inflate": 0.002,
							"uv": {
								"north": {"uv": [61, 10], "uv_size": [2, 2]},
								"east": {"uv": [12, 61], "uv_size": [2, 2]},
								"south": {"uv": [61, 12], "uv_size": [2, 2]},
								"up": {"uv": [14, 61], "uv_size": [2, 2]},
								"down": {"uv": [16, 63], "uv_size": [2, -2]}
							}
						},
						{
							"origin": [-0.90986, 0.27306, -1.79129],
							"size": [0.14908, 0.30097, 0.31615],
							"inflate": 0.002,
							"uv": {
								"north": {"uv": [61, 21], "uv_size": [2, 2]},
								"east": {"uv": [61, 23], "uv_size": [2, 2]},
								"south": {"uv": [24, 61], "uv_size": [2, 2]},
								"up": {"uv": [61, 25], "uv_size": [2, 2]},
								"down": {"uv": [26, 63], "uv_size": [2, -2]}
							}
						}
					]
				},
				{
					"name": "scope_body2",
					"parent": "scope_body",
					"pivot": [0.15187, 1.14594, -2.20376],
					"rotation": [7.5, 0, 0],
					"cubes": [
						{
							"origin": [-0.75937, 0.35512, -4.98863],
							"size": [0.6075, 0.4875, 0.30376],
							"uv": {
								"north": {"uv": [19, 50], "uv_size": [2, 2]},
								"east": {"uv": [55, 2], "uv_size": [1, 2]},
								"west": {"uv": [55, 24], "uv_size": [1, 2]},
								"down": {"uv": [54, 39], "uv_size": [3, -1]}
							}
						},
						{
							"origin": [-0.76077, 0.84122, -4.99002],
							"size": [0.61029, 0.43259, 0.30653],
							"inflate": -0.002,
							"pivot": [-0.15187, 0.84262, -4.98863],
							"rotation": [-45, 0, 0],
							"uv": {
								"north": {"uv": [53, 48], "uv_size": [2, 2]},
								"east": {"uv": [57, 2], "uv_size": [1, 2]},
								"west": {"uv": [57, 7], "uv_size": [1, 2]}
							}
						},
						{
							"origin": [0.15187, 0.35512, -4.98863],
							"size": [0.6075, 0.4875, 0.30376],
							"uv": {
								"north": {"uv": [51, 24], "uv_size": [2, 2]},
								"east": {"uv": [53, 58], "uv_size": [1, 2]},
								"west": {"uv": [59, 0], "uv_size": [1, 2]},
								"down": {"uv": [54, 41], "uv_size": [3, -1]}
							}
						},
						{
							"origin": [0.15048, 0.84122, -4.99002],
							"size": [0.61029, 0.43259, 0.30653],
							"inflate": -0.002,
							"pivot": [0.15187, 0.84262, -4.98863],
							"rotation": [-45, 0, 0],
							"uv": {
								"north": {"uv": [54, 7], "uv_size": [2, 2]},
								"east": {"uv": [59, 3], "uv_size": [1, 2]},
								"west": {"uv": [6, 59], "uv_size": [1, 2]}
							}
						},
						{
							"origin": [0.15187, 0.35512, -4.68487],
							"size": [0.6075, 0.79124, 1.9515],
							"uv": {
								"east": {"uv": [18, 5], "uv_size": [10, 4]},
								"south": {"uv": [36, 46], "uv_size": [3, 4]},
								"west": {"uv": [18, 10], "uv_size": [9, 4]},
								"up": {"uv": [38, 20], "uv_size": [3, 9]},
								"down": {"uv": [9, 49], "uv_size": [3, -10]}
							}
						},
						{
							"origin": [-0.75937, 0.35512, -4.68487],
							"size": [0.6075, 0.79124, 1.9515],
							"uv": {
								"east": {"uv": [27, 10], "uv_size": [-9, 4]},
								"south": {"uv": [39, 46], "uv_size": [-3, 4]},
								"west": {"uv": [28, 5], "uv_size": [-10, 4]},
								"up": {"uv": [41, 20], "uv_size": [-3, 9]},
								"down": {"uv": [12, 49], "uv_size": [-3, -10]}
							}
						},
						{
							"origin": [-0.06076, 0.80313, -2.7273],
							"size": [0.1215, 0.1215, 0.1215],
							"uv": {
								"up": {"uv": [10, 26], "uv_size": [3, 12]}
							}
						},
						{
							"origin": [-0.13669, 0.35512, -4.98863],
							"size": [0.27338, 0.4875, 0.30376],
							"uv": {
								"north": {"uv": [59, 6], "uv_size": [1, 2]},
								"east": {"uv": [59, 9], "uv_size": [1, 2]},
								"west": {"uv": [59, 12], "uv_size": [1, 2]},
								"down": {"uv": [61, 1], "uv_size": [1, -1]}
							}
						},
						{
							"origin": [-0.13808, 0.84122, -4.99002],
							"size": [0.27616, 0.43259, 0.30653],
							"inflate": -0.002,
							"pivot": [-0.47081, 0.84262, -4.98863],
							"rotation": [-45, 0, 0],
							"uv": {
								"north": {"uv": [18, 59], "uv_size": [1, 2]},
								"east": {"uv": [20, 59], "uv_size": [1, 2]},
								"west": {"uv": [59, 22], "uv_size": [1, 2]}
							}
						},
						{
							"origin": [-0.13669, 0.91855, -4.68487],
							"size": [0.27338, 0.22781, 1.9515],
							"uv": {
								"east": {"uv": [44, 3], "uv_size": [10, 1]},
								"south": {"uv": [2, 61], "uv_size": [1, 1]},
								"west": {"uv": [13, 48], "uv_size": [10, 1]},
								"up": {"uv": [7, 42], "uv_size": [1, 10]},
								"down": {"uv": [0, 57], "uv_size": [1, -10]}
							}
						},
						{
							"origin": [0.30374, 0.23512, -2.73337],
							"size": [0.45563, 0.91124, 0.6075],
							"uv": {
								"east": {"uv": [28, 44], "uv_size": [3, 4]},
								"west": {"uv": [32, 44], "uv_size": [3, 4]},
								"up": {"uv": [51, 8], "uv_size": [2, 3]}
							}
						},
						{
							"origin": [-0.75937, 0.23512, -2.73337],
							"size": [0.45562, 0.91124, 0.6075],
							"uv": {
								"east": {"uv": [45, 30], "uv_size": [3, 4]},
								"west": {"uv": [41, 45], "uv_size": [3, 4]},
								"up": {"uv": [23, 51], "uv_size": [2, 3]}
							}
						},
						{
							"origin": [-0.13669, 0.94079, -2.67968],
							"size": [0.27338, 0.22782, 0.30376],
							"pivot": [0, 0.86485, -2.67968],
							"rotation": [45, 0, 0],
							"uv": {
								"east": {"uv": [61, 2], "uv_size": [1, 1]},
								"south": {"uv": [4, 61], "uv_size": [1, 1]},
								"west": {"uv": [61, 4], "uv_size": [1, 1]},
								"up": {"uv": [61, 6], "uv_size": [1, 1]},
								"down": {"uv": [8, 62], "uv_size": [1, -1]}
							}
						},
						{
							"origin": [-0.30376, 0.23512, -4.68487],
							"size": [0.6075, 0.68344, 2.25524],
							"uv": {
								"north": {"uv": [24, 47], "uv_size": [3, 3]},
								"up": {"uv": [10, 26], "uv_size": [3, 12]}
							}
						},
						{
							"origin": [-0.30376, 1.14594, -3.03533],
							"size": [0.6075, 0, 0.91126],
							"pivot": [0.15187, 1.14594, -2.12407],
							"rotation": [45, 0, 0],
							"uv": {
								"up": {"uv": [45, 45], "uv_size": [3, 4]}
							}
						}
					]
				},
				{
					"name": "scope_view_2",
					"pivot": [0, 1.65515, 5.6]
				},
				{
					"name": "division",
					"pivot": [0, 1.65265, -617.48016],
					"cubes": [
						{
							"origin": [-1.05824, 0.59441, -19.72086],
							"size": [2.1165, 2.1165, 0.5214],
							"uv": {
								"south": {"uv": [80, 0], "uv_size": [48, 48]}
							}
						}
					]
				},
				{
					"name": "scope_view",
					"pivot": [-2.4, 1.09259, 6],
					"rotation": [0, 0, -45]
				}
			]
		}
	]
}