{
	"format_version": "1.12.0",
	"minecraft:geometry": [
		{
			"description": {
				"identifier": "geometry.unknown",
				"texture_width": 32,
				"texture_height": 32,
				"visible_bounds_width": 2,
				"visible_bounds_height": 1.5,
				"visible_bounds_offset": [0, 0.25, 0]
			},
			"bones": [
				{
					"name": "bb_main",
					"pivot": [0, 0, 0],
					"cubes": [
						{"origin": [-1.40388, 0, 0.52567], "size": [3, 7, 3], "uv": [0, 0]},
						{"origin": [1.94612, 1, -1.22433], "size": [3, 7, 3], "pivot": [2.94612, 1, -0.22433], "rotation": [90, 67.5, 0], "uv": [0, 0]},
						{"origin": [2.94612, 7.5, -0.22433], "size": [1, 1, 1], "inflate": 0.1, "pivot": [2.94612, 1, -0.22433], "rotation": [90, 67.5, 0], "uv": [12, 0]},
						{"origin": [-0.40388, 6.5, 1.52567], "size": [1, 1, 1], "inflate": 0.1, "uv": [12, 0]}
					]
				},
				{
					"name": "positioning",
					"pivot": [0, 0, -8]
				},
				{
					"name": "thirdperson_hand",
					"parent": "positioning",
					"pivot": [0, 2, 0]
				},
				{
					"name": "ground",
					"parent": "positioning",
					"pivot": [0, -1.1, 0]
				},
				{
					"name": "fixed",
					"parent": "positioning",
					"pivot": [0, 3.675, 0],
					"rotation": [0, 90, 0]
				}
			]
		}
	]
}