{
	"format_version": "1.12.0",
	"minecraft:geometry": [
		{
			"description": {
				"identifier": "geometry.unknown",
				"texture_width": 64,
				"texture_height": 64,
				"visible_bounds_width": 3,
				"visible_bounds_height": 2.5,
				"visible_bounds_offset": [0, 0.75, 0]
			},
			"bones": [
				{
					"name": "rot",
					"pivot": [0, -7.9, 0],
					"cubes": [
						{
							"origin": [-0.57778, 8.35695, -0.01419],
							"size": [1, 1.9, 1],
							"pivot": [-4.31138, 4.78359, 1.32999],
							"rotation": [-115, 0, 90],
							"uv": {
								"north": {"uv": [0.75, 9.25], "uv_size": [0.25, 0.5]},
								"east": {"uv": [1, 9.25], "uv_size": [0.25, 0.5]},
								"south": {"uv": [1.25, 9.25], "uv_size": [0.25, 0.5]},
								"west": {"uv": [1.5, 9.25], "uv_size": [0.25, 0.5]},
								"up": {"uv": [9.5, 5], "uv_size": [-0.25, -0.25]},
								"down": {"uv": [9.5, 5.25], "uv_size": [-0.25, -0.25]}
							}
						},
						{
							"origin": [-9.31138, 0.1, -8.36268],
							"size": [14.25, 2, 9],
							"pivot": [-4.31138, 4.78359, 1.32999],
							"rotation": [0, 0, 0],
							"uv": {
								"north": {"uv": [9, 0], "uv_size": [3.4375, 0.5]},
								"east": {"uv": [9, 1], "uv_size": [1.25, 0.5]},
								"south": {"uv": [9, 0.5], "uv_size": [3.4375, 0.5]},
								"west": {"uv": [9, 1.5], "uv_size": [1.25, 0.5]},
								"up": {"uv": [0, 0], "uv_size": [4.4375, 2.25]},
								"down": {"uv": [0, 4.5], "uv_size": [4.4375, -2.25]}
							}
						},
						{
							"origin": [-9.49521, 0.35, 8.17352],
							"size": [17.75, 9, 0.25],
							"pivot": [-4.31138, 4.78359, 1.32999],
							"rotation": [0, 25, 0],
							"uv": {
								"north": {"uv": [0, 4.5], "uv_size": [4.4375, 2.25]},
								"east": {"uv": [9, 7], "uv_size": [0.0625, 2.25]},
								"south": {"uv": [4.5, 0], "uv_size": [4.4375, 2.25]},
								"west": {"uv": [0, 9.25], "uv_size": [0.0625, 2.25]},
								"up": {"uv": [9, 2], "uv_size": [4.4375, 0.0625]},
								"down": {"uv": [9, 2.3125], "uv_size": [4.4375, -0.0625]}
							}
						},
						{
							"origin": [-9.49521, 0.35, 12.42352],
							"size": [17.75, 9, 0.25],
							"pivot": [-4.31138, 4.78359, 1.32999],
							"rotation": [0, 25, 0],
							"uv": {
								"north": {"uv": [4.5, 2.25], "uv_size": [4.4375, 2.25]},
								"east": {"uv": [0.25, 9.25], "uv_size": [0.0625, 2.25]},
								"south": {"uv": [4.5, 4.5], "uv_size": [4.4375, 2.25]},
								"west": {"uv": [0.5, 9.25], "uv_size": [0.0625, 2.25]},
								"up": {"uv": [9, 2.5], "uv_size": [4.4375, 0.0625]},
								"down": {"uv": [9, 2.8125], "uv_size": [4.4375, -0.0625]}
							}
						},
						{
							"origin": [-9.49521, 9.35, 8.17352],
							"size": [17.75, 0.25, 4.5],
							"pivot": [-4.31138, 4.78359, 1.32999],
							"rotation": [0, 25, 0],
							"uv": {
								"north": {"uv": [9, 3], "uv_size": [4.4375, 0.0625]},
								"east": {"uv": [1.75, 9.25], "uv_size": [1.125, 0.0625]},
								"south": {"uv": [9, 3.25], "uv_size": [4.4375, 0.0625]},
								"west": {"uv": [3, 9.25], "uv_size": [1.125, 0.0625]},
								"up": {"uv": [0, 6.75], "uv_size": [4.4375, 1.125]},
								"down": {"uv": [4.5, 7.875], "uv_size": [4.4375, -1.125]}
							}
						},
						{
							"origin": [-9.49521, 0.1, 8.17352],
							"size": [17.75, 0.25, 4.5],
							"pivot": [-4.31138, 4.78359, 1.32999],
							"rotation": [0, 25, 0],
							"uv": {
								"north": {"uv": [9, 3.5], "uv_size": [4.4375, 0.0625]},
								"east": {"uv": [9.25, 4], "uv_size": [1.125, 0.0625]},
								"south": {"uv": [9, 3.75], "uv_size": [4.4375, 0.0625]},
								"west": {"uv": [4.25, 9.25], "uv_size": [1.125, 0.0625]},
								"up": {"uv": [0, 8], "uv_size": [4.4375, 1.125]},
								"down": {"uv": [4.5, 9.125], "uv_size": [4.4375, -1.125]}
							}
						},
						{
							"origin": [-0.57778, 4.77359, 5.40932],
							"size": [1, 1.9, 1],
							"pivot": [-4.31138, 4.78359, 1.32999],
							"rotation": [-67.5, 0, 90],
							"uv": {
								"north": {"uv": [0.75, 9.25], "uv_size": [0.25, 0.5]},
								"east": {"uv": [1, 9.25], "uv_size": [0.25, 0.5]},
								"south": {"uv": [1.25, 9.25], "uv_size": [0.25, 0.5]},
								"west": {"uv": [1.5, 9.25], "uv_size": [0.25, 0.5]},
								"up": {"uv": [9.25, 4.75], "uv_size": [0.25, 0.25]},
								"down": {"uv": [9.25, 5.25], "uv_size": [0.25, -0.25]}
							}
						},
						{
							"origin": [-0.47778, 4.02359, 5.50932],
							"size": [0.8, 1, 0.8],
							"pivot": [-4.31138, 4.78359, 1.32999],
							"rotation": [-67.5, 0, 90],
							"uv": {
								"north": {"uv": [9.25, 6], "uv_size": [0.1875, 0.25]},
								"east": {"uv": [6.25, 9.25], "uv_size": [0.1875, 0.25]},
								"south": {"uv": [9.25, 6.25], "uv_size": [0.1875, 0.25]},
								"west": {"uv": [6.5, 9.25], "uv_size": [0.1875, 0.25]},
								"up": {"uv": [9.25, 6.5], "uv_size": [0.1875, 0.1875]},
								"down": {"uv": [6.75, 9.4375], "uv_size": [0.1875, -0.1875]}
							}
						},
						{
							"origin": [-0.57778, 6.82359, 5.40932],
							"size": [1, 0.2, 1],
							"pivot": [-4.31138, 4.78359, 1.32999],
							"rotation": [-67.5, 0, 90],
							"uv": {
								"north": {"uv": [9.25, 7], "uv_size": [0.25, 0.0625]},
								"east": {"uv": [7.25, 9.25], "uv_size": [0.25, 0.0625]},
								"south": {"uv": [9.25, 7.25], "uv_size": [0.25, 0.0625]},
								"west": {"uv": [7.5, 9.25], "uv_size": [0.25, 0.0625]},
								"up": {"uv": [9.25, 5.25], "uv_size": [0.25, 0.25]},
								"down": {"uv": [5.5, 9.5], "uv_size": [0.25, -0.25]}
							}
						},
						{
							"origin": [-0.5231, 6.57359, 5.46401],
							"size": [0.89063, 0.25, 0.89063],
							"pivot": [-4.31138, 4.78359, 1.32999],
							"rotation": [-67.5, 0, 90],
							"uv": {
								"north": {"uv": [9.25, 7.5], "uv_size": [0.25, 0.0625]},
								"east": {"uv": [7.75, 9.25], "uv_size": [0.25, 0.0625]},
								"south": {"uv": [9.25, 7.75], "uv_size": [0.25, 0.0625]},
								"west": {"uv": [8, 9.25], "uv_size": [0.25, 0.0625]},
								"up": {"uv": [9.25, 5.5], "uv_size": [0.25, 0.25]},
								"down": {"uv": [5.75, 9.5], "uv_size": [0.25, -0.25]}
							}
						},
						{
							"origin": [-13.70052, 3.08438, 2.54745],
							"size": [0.82813, 0.20313, 0.82813],
							"pivot": [-4.31138, 4.78359, 1.32999],
							"rotation": [0, -45, 0],
							"uv": {
								"north": {"uv": [9.25, 8.5], "uv_size": [0.1875, 0.0625]},
								"east": {"uv": [8.75, 9.25], "uv_size": [0.1875, 0.0625]},
								"south": {"uv": [9.25, 8.75], "uv_size": [0.1875, 0.0625]},
								"west": {"uv": [9, 9.25], "uv_size": [0.1875, 0.0625]},
								"up": {"uv": [9.4375, 6.9375], "uv_size": [-0.1875, -0.1875]},
								"down": {"uv": [7.1875, 9.4375], "uv_size": [-0.1875, -0.1875]}
							}
						},
						{
							"origin": [-13.78645, 3.26484, 2.46152],
							"size": [1, 0.2, 1],
							"pivot": [-4.31138, 4.78359, 1.32999],
							"rotation": [0, -45, 0],
							"uv": {
								"north": {"uv": [9.25, 8], "uv_size": [0.25, 0.0625]},
								"east": {"uv": [8.25, 9.25], "uv_size": [0.25, 0.0625]},
								"south": {"uv": [9.25, 8.25], "uv_size": [0.25, 0.0625]},
								"west": {"uv": [8.5, 9.25], "uv_size": [0.25, 0.0625]},
								"up": {"uv": [9.5, 6], "uv_size": [-0.25, -0.25]},
								"down": {"uv": [6.25, 9.5], "uv_size": [-0.25, -0.25]}
							}
						},
						{
							"origin": [-13.78645, 0.56484, 2.46152],
							"size": [1, 2.51953, 1],
							"pivot": [-4.31138, 4.78359, 1.32999],
							"rotation": [0, -45, 0],
							"uv": {
								"north": {"uv": [9, 4], "uv_size": [0.25, 0.625]},
								"east": {"uv": [9, 4.75], "uv_size": [0.25, 0.625]},
								"south": {"uv": [9, 5.5], "uv_size": [0.25, 0.625]},
								"west": {"uv": [9, 6.25], "uv_size": [0.25, 0.625]},
								"up": {"uv": [9.5, 4.5], "uv_size": [-0.25, -0.25]},
								"down": {"uv": [9.5, 4.75], "uv_size": [-0.25, -0.25]}
							}
						},
						{
							"origin": [-14.93795, 3.08438, 1.31002],
							"size": [0.82813, 0.20313, 0.82813],
							"pivot": [-4.31138, 4.78359, 1.32999],
							"rotation": [0, -45, 0],
							"uv": {
								"north": {"uv": [9.25, 8.5], "uv_size": [0.1875, 0.0625]},
								"east": {"uv": [8.75, 9.25], "uv_size": [0.1875, 0.0625]},
								"south": {"uv": [9.25, 8.75], "uv_size": [0.1875, 0.0625]},
								"west": {"uv": [9, 9.25], "uv_size": [0.1875, 0.0625]},
								"up": {"uv": [9.4375, 6.9375], "uv_size": [-0.1875, -0.1875]},
								"down": {"uv": [7.1875, 9.4375], "uv_size": [-0.1875, -0.1875]}
							}
						},
						{
							"origin": [-15.02389, 3.26484, 1.22408],
							"size": [1, 0.2, 1],
							"pivot": [-4.31138, 4.78359, 1.32999],
							"rotation": [0, -45, 0],
							"uv": {
								"north": {"uv": [9.25, 8], "uv_size": [0.25, 0.0625]},
								"east": {"uv": [8.25, 9.25], "uv_size": [0.25, 0.0625]},
								"south": {"uv": [9.25, 8.25], "uv_size": [0.25, 0.0625]},
								"west": {"uv": [8.5, 9.25], "uv_size": [0.25, 0.0625]},
								"up": {"uv": [9.5, 6], "uv_size": [-0.25, -0.25]},
								"down": {"uv": [6.25, 9.5], "uv_size": [-0.25, -0.25]}
							}
						},
						{
							"origin": [-15.02389, 0.56484, 1.22408],
							"size": [1, 2.51953, 1],
							"pivot": [-4.31138, 4.78359, 1.32999],
							"rotation": [0, -45, 0],
							"uv": {
								"north": {"uv": [9, 4], "uv_size": [0.25, 0.625]},
								"east": {"uv": [9, 4.75], "uv_size": [0.25, 0.625]},
								"south": {"uv": [9, 5.5], "uv_size": [0.25, 0.625]},
								"west": {"uv": [9, 6.25], "uv_size": [0.25, 0.625]},
								"up": {"uv": [9.5, 4.5], "uv_size": [-0.25, -0.25]},
								"down": {"uv": [9.5, 4.75], "uv_size": [-0.25, -0.25]}
							}
						},
						{
							"origin": [-16.17539, 3.08438, 0.07258],
							"size": [0.82813, 0.20313, 0.82813],
							"pivot": [-4.31138, 4.78359, 1.32999],
							"rotation": [0, -45, 0],
							"uv": {
								"north": {"uv": [9.25, 8.5], "uv_size": [0.1875, 0.0625]},
								"east": {"uv": [8.75, 9.25], "uv_size": [0.1875, 0.0625]},
								"south": {"uv": [9.25, 8.75], "uv_size": [0.1875, 0.0625]},
								"west": {"uv": [9, 9.25], "uv_size": [0.1875, 0.0625]},
								"up": {"uv": [9.4375, 6.9375], "uv_size": [-0.1875, -0.1875]},
								"down": {"uv": [7.1875, 9.4375], "uv_size": [-0.1875, -0.1875]}
							}
						},
						{
							"origin": [-16.26133, 3.26484, -0.01336],
							"size": [1, 0.2, 1],
							"pivot": [-4.31138, 4.78359, 1.32999],
							"rotation": [0, -45, 0],
							"uv": {
								"north": {"uv": [9.25, 8], "uv_size": [0.25, 0.0625]},
								"east": {"uv": [8.25, 9.25], "uv_size": [0.25, 0.0625]},
								"south": {"uv": [9.25, 8.25], "uv_size": [0.25, 0.0625]},
								"west": {"uv": [8.5, 9.25], "uv_size": [0.25, 0.0625]},
								"up": {"uv": [9.5, 6], "uv_size": [-0.25, -0.25]},
								"down": {"uv": [6.25, 9.5], "uv_size": [-0.25, -0.25]}
							}
						},
						{
							"origin": [-16.26133, 0.56484, -0.01336],
							"size": [1, 2.51953, 1],
							"pivot": [-4.31138, 4.78359, 1.32999],
							"rotation": [0, -45, 0],
							"uv": {
								"north": {"uv": [9, 4], "uv_size": [0.25, 0.625]},
								"east": {"uv": [9, 4.75], "uv_size": [0.25, 0.625]},
								"south": {"uv": [9, 5.5], "uv_size": [0.25, 0.625]},
								"west": {"uv": [9, 6.25], "uv_size": [0.25, 0.625]},
								"up": {"uv": [9.5, 4.5], "uv_size": [-0.25, -0.25]},
								"down": {"uv": [9.5, 4.75], "uv_size": [-0.25, -0.25]}
							}
						},
						{
							"origin": [-15.02389, 0.56484, -1.25079],
							"size": [1, 2.51953, 1],
							"pivot": [-4.31138, 4.78359, 1.32999],
							"rotation": [0, -45, 0],
							"uv": {
								"north": {"uv": [9, 4], "uv_size": [0.25, 0.625]},
								"east": {"uv": [9, 4.75], "uv_size": [0.25, 0.625]},
								"south": {"uv": [9, 5.5], "uv_size": [0.25, 0.625]},
								"west": {"uv": [9, 6.25], "uv_size": [0.25, 0.625]},
								"up": {"uv": [9.5, 4.5], "uv_size": [-0.25, -0.25]},
								"down": {"uv": [9.5, 4.75], "uv_size": [-0.25, -0.25]}
							}
						},
						{
							"origin": [-15.02389, 3.26484, -1.25079],
							"size": [1, 0.2, 1],
							"pivot": [-4.31138, 4.78359, 1.32999],
							"rotation": [0, -45, 0],
							"uv": {
								"north": {"uv": [9.25, 8], "uv_size": [0.25, 0.0625]},
								"east": {"uv": [8.25, 9.25], "uv_size": [0.25, 0.0625]},
								"south": {"uv": [9.25, 8.25], "uv_size": [0.25, 0.0625]},
								"west": {"uv": [8.5, 9.25], "uv_size": [0.25, 0.0625]},
								"up": {"uv": [9.5, 6], "uv_size": [-0.25, -0.25]},
								"down": {"uv": [6.25, 9.5], "uv_size": [-0.25, -0.25]}
							}
						},
						{
							"origin": [-14.93795, 3.08438, -1.16486],
							"size": [0.82813, 0.20313, 0.82813],
							"pivot": [-4.31138, 4.78359, 1.32999],
							"rotation": [0, -45, 0],
							"uv": {
								"north": {"uv": [9.25, 8.5], "uv_size": [0.1875, 0.0625]},
								"east": {"uv": [8.75, 9.25], "uv_size": [0.1875, 0.0625]},
								"south": {"uv": [9.25, 8.75], "uv_size": [0.1875, 0.0625]},
								"west": {"uv": [9, 9.25], "uv_size": [0.1875, 0.0625]},
								"up": {"uv": [9.4375, 6.9375], "uv_size": [-0.1875, -0.1875]},
								"down": {"uv": [7.1875, 9.4375], "uv_size": [-0.1875, -0.1875]}
							}
						},
						{
							"origin": [-13.78645, 0.56484, -0.01336],
							"size": [1, 2.51953, 1],
							"pivot": [-4.31138, 4.78359, 1.32999],
							"rotation": [0, -45, 0],
							"uv": {
								"north": {"uv": [9, 4], "uv_size": [0.25, 0.625]},
								"east": {"uv": [9, 4.75], "uv_size": [0.25, 0.625]},
								"south": {"uv": [9, 5.5], "uv_size": [0.25, 0.625]},
								"west": {"uv": [9, 6.25], "uv_size": [0.25, 0.625]},
								"up": {"uv": [9.5, 4.5], "uv_size": [-0.25, -0.25]},
								"down": {"uv": [9.5, 4.75], "uv_size": [-0.25, -0.25]}
							}
						},
						{
							"origin": [-13.78645, 3.26484, -0.01336],
							"size": [1, 0.2, 1],
							"pivot": [-4.31138, 4.78359, 1.32999],
							"rotation": [0, -45, 0],
							"uv": {
								"north": {"uv": [9.25, 8], "uv_size": [0.25, 0.0625]},
								"east": {"uv": [8.25, 9.25], "uv_size": [0.25, 0.0625]},
								"south": {"uv": [9.25, 8.25], "uv_size": [0.25, 0.0625]},
								"west": {"uv": [8.5, 9.25], "uv_size": [0.25, 0.0625]},
								"up": {"uv": [9.5, 6], "uv_size": [-0.25, -0.25]},
								"down": {"uv": [6.25, 9.5], "uv_size": [-0.25, -0.25]}
							}
						},
						{
							"origin": [-13.70052, 3.08438, 0.07258],
							"size": [0.82813, 0.20313, 0.82813],
							"pivot": [-4.31138, 4.78359, 1.32999],
							"rotation": [0, -45, 0],
							"uv": {
								"north": {"uv": [9.25, 8.5], "uv_size": [0.1875, 0.0625]},
								"east": {"uv": [8.75, 9.25], "uv_size": [0.1875, 0.0625]},
								"south": {"uv": [9.25, 8.75], "uv_size": [0.1875, 0.0625]},
								"west": {"uv": [9, 9.25], "uv_size": [0.1875, 0.0625]},
								"up": {"uv": [9.4375, 6.9375], "uv_size": [-0.1875, -0.1875]},
								"down": {"uv": [7.1875, 9.4375], "uv_size": [-0.1875, -0.1875]}
							}
						},
						{
							"origin": [-12.54902, 0.56484, 1.22408],
							"size": [1, 2.51953, 1],
							"pivot": [-4.31138, 4.78359, 1.32999],
							"rotation": [0, -45, 0],
							"uv": {
								"north": {"uv": [9, 4], "uv_size": [0.25, 0.625]},
								"east": {"uv": [9, 4.75], "uv_size": [0.25, 0.625]},
								"south": {"uv": [9, 5.5], "uv_size": [0.25, 0.625]},
								"west": {"uv": [9, 6.25], "uv_size": [0.25, 0.625]},
								"up": {"uv": [9.5, 4.5], "uv_size": [-0.25, -0.25]},
								"down": {"uv": [9.5, 4.75], "uv_size": [-0.25, -0.25]}
							}
						},
						{
							"origin": [-12.54902, 3.26484, 1.22408],
							"size": [1, 0.2, 1],
							"pivot": [-4.31138, 4.78359, 1.32999],
							"rotation": [0, -45, 0],
							"uv": {
								"north": {"uv": [9.25, 8], "uv_size": [0.25, 0.0625]},
								"east": {"uv": [8.25, 9.25], "uv_size": [0.25, 0.0625]},
								"south": {"uv": [9.25, 8.25], "uv_size": [0.25, 0.0625]},
								"west": {"uv": [8.5, 9.25], "uv_size": [0.25, 0.0625]},
								"up": {"uv": [9.5, 6], "uv_size": [-0.25, -0.25]},
								"down": {"uv": [6.25, 9.5], "uv_size": [-0.25, -0.25]}
							}
						},
						{
							"origin": [-12.46308, 3.08438, 1.31002],
							"size": [0.82813, 0.20313, 0.82813],
							"pivot": [-4.31138, 4.78359, 1.32999],
							"rotation": [0, -45, 0],
							"uv": {
								"north": {"uv": [9.25, 8.5], "uv_size": [0.1875, 0.0625]},
								"east": {"uv": [8.75, 9.25], "uv_size": [0.1875, 0.0625]},
								"south": {"uv": [9.25, 8.75], "uv_size": [0.1875, 0.0625]},
								"west": {"uv": [9, 9.25], "uv_size": [0.1875, 0.0625]},
								"up": {"uv": [9.4375, 6.9375], "uv_size": [-0.1875, -0.1875]},
								"down": {"uv": [7.1875, 9.4375], "uv_size": [-0.1875, -0.1875]}
							}
						},
						{
							"origin": [-11.31158, 0.56484, 2.46152],
							"size": [1, 2.51953, 1],
							"pivot": [-4.31138, 4.78359, 1.32999],
							"rotation": [0, -45, 0],
							"uv": {
								"north": {"uv": [9, 4], "uv_size": [0.25, 0.625]},
								"east": {"uv": [9, 4.75], "uv_size": [0.25, 0.625]},
								"south": {"uv": [9, 5.5], "uv_size": [0.25, 0.625]},
								"west": {"uv": [9, 6.25], "uv_size": [0.25, 0.625]},
								"up": {"uv": [9.5, 4.5], "uv_size": [-0.25, -0.25]},
								"down": {"uv": [9.5, 4.75], "uv_size": [-0.25, -0.25]}
							}
						},
						{
							"origin": [-11.31158, 3.26484, 2.46152],
							"size": [1, 0.2, 1],
							"pivot": [-4.31138, 4.78359, 1.32999],
							"rotation": [0, -45, 0],
							"uv": {
								"north": {"uv": [9.25, 8], "uv_size": [0.25, 0.0625]},
								"east": {"uv": [8.25, 9.25], "uv_size": [0.25, 0.0625]},
								"south": {"uv": [9.25, 8.25], "uv_size": [0.25, 0.0625]},
								"west": {"uv": [8.5, 9.25], "uv_size": [0.25, 0.0625]},
								"up": {"uv": [9.5, 6], "uv_size": [-0.25, -0.25]},
								"down": {"uv": [6.25, 9.5], "uv_size": [-0.25, -0.25]}
							}
						},
						{
							"origin": [-11.22564, 3.08438, 2.54745],
							"size": [0.82813, 0.20313, 0.82813],
							"pivot": [-4.31138, 4.78359, 1.32999],
							"rotation": [0, -45, 0],
							"uv": {
								"north": {"uv": [9.25, 8.5], "uv_size": [0.1875, 0.0625]},
								"east": {"uv": [8.75, 9.25], "uv_size": [0.1875, 0.0625]},
								"south": {"uv": [9.25, 8.75], "uv_size": [0.1875, 0.0625]},
								"west": {"uv": [9, 9.25], "uv_size": [0.1875, 0.0625]},
								"up": {"uv": [9.4375, 6.9375], "uv_size": [-0.1875, -0.1875]},
								"down": {"uv": [7.1875, 9.4375], "uv_size": [-0.1875, -0.1875]}
							}
						},
						{
							"origin": [-7.59927, 0.56484, 1.22408],
							"size": [1, 2.51953, 1],
							"pivot": [-4.31138, 4.78359, 1.32999],
							"rotation": [0, -45, 0],
							"uv": {
								"north": {"uv": [9, 4], "uv_size": [0.25, 0.625]},
								"east": {"uv": [9, 4.75], "uv_size": [0.25, 0.625]},
								"south": {"uv": [9, 5.5], "uv_size": [0.25, 0.625]},
								"west": {"uv": [9, 6.25], "uv_size": [0.25, 0.625]},
								"up": {"uv": [9.5, 4.5], "uv_size": [-0.25, -0.25]},
								"down": {"uv": [9.5, 4.75], "uv_size": [-0.25, -0.25]}
							}
						},
						{
							"origin": [-7.59927, 3.26484, 1.22408],
							"size": [1, 0.2, 1],
							"pivot": [-4.31138, 4.78359, 1.32999],
							"rotation": [0, -45, 0],
							"uv": {
								"north": {"uv": [9.25, 8], "uv_size": [0.25, 0.0625]},
								"east": {"uv": [8.25, 9.25], "uv_size": [0.25, 0.0625]},
								"south": {"uv": [9.25, 8.25], "uv_size": [0.25, 0.0625]},
								"west": {"uv": [8.5, 9.25], "uv_size": [0.25, 0.0625]},
								"up": {"uv": [9.5, 6], "uv_size": [-0.25, -0.25]},
								"down": {"uv": [6.25, 9.5], "uv_size": [-0.25, -0.25]}
							}
						},
						{
							"origin": [-7.51333, 3.08438, 1.31002],
							"size": [0.82813, 0.20313, 0.82813],
							"pivot": [-4.31138, 4.78359, 1.32999],
							"rotation": [0, -45, 0],
							"uv": {
								"north": {"uv": [9.25, 8.5], "uv_size": [0.1875, 0.0625]},
								"east": {"uv": [8.75, 9.25], "uv_size": [0.1875, 0.0625]},
								"south": {"uv": [9.25, 8.75], "uv_size": [0.1875, 0.0625]},
								"west": {"uv": [9, 9.25], "uv_size": [0.1875, 0.0625]},
								"up": {"uv": [9.4375, 6.9375], "uv_size": [-0.1875, -0.1875]},
								"down": {"uv": [7.1875, 9.4375], "uv_size": [-0.1875, -0.1875]}
							}
						},
						{
							"origin": [-8.75077, 3.08438, 0.07258],
							"size": [0.82812, 0.20313, 0.82813],
							"pivot": [-4.31138, 4.78359, 1.32999],
							"rotation": [0, -45, 0],
							"uv": {
								"north": {"uv": [9.25, 8.5], "uv_size": [0.1875, 0.0625]},
								"east": {"uv": [8.75, 9.25], "uv_size": [0.1875, 0.0625]},
								"south": {"uv": [9.25, 8.75], "uv_size": [0.1875, 0.0625]},
								"west": {"uv": [9, 9.25], "uv_size": [0.1875, 0.0625]},
								"up": {"uv": [9.4375, 6.9375], "uv_size": [-0.1875, -0.1875]},
								"down": {"uv": [7.1875, 9.4375], "uv_size": [-0.1875, -0.1875]}
							}
						},
						{
							"origin": [-9.33671, 3.26484, -0.01336],
							"size": [1.5, 0.2, 1],
							"pivot": [-4.31138, 4.78359, 1.32999],
							"rotation": [0, -45, 0],
							"uv": {
								"north": {"uv": [9.25, 8], "uv_size": [0.25, 0.0625]},
								"east": {"uv": [8.25, 9.25], "uv_size": [0.25, 0.0625]},
								"south": {"uv": [9.25, 8.25], "uv_size": [0.25, 0.0625]},
								"west": {"uv": [8.5, 9.25], "uv_size": [0.25, 0.0625]},
								"up": {"uv": [9.5, 6], "uv_size": [-0.25, -0.25]},
								"down": {"uv": [6.25, 9.5], "uv_size": [-0.25, -0.25]}
							}
						},
						{
							"origin": [-8.83671, 0.56484, -0.01336],
							"size": [1, 2.51953, 1],
							"pivot": [-4.31138, 4.78359, 1.32999],
							"rotation": [0, -45, 0],
							"uv": {
								"north": {"uv": [9, 4], "uv_size": [0.25, 0.625]},
								"east": {"uv": [9, 4.75], "uv_size": [0.25, 0.625]},
								"south": {"uv": [9, 5.5], "uv_size": [0.25, 0.625]},
								"west": {"uv": [9, 6.25], "uv_size": [0.25, 0.625]},
								"up": {"uv": [9.5, 4.5], "uv_size": [-0.25, -0.25]},
								"down": {"uv": [9.5, 4.75], "uv_size": [-0.25, -0.25]}
							}
						},
						{
							"origin": [-9.98821, 3.08438, -1.16486],
							"size": [0.82813, 0.20313, 0.82813],
							"pivot": [-4.31138, 4.78359, 1.32999],
							"rotation": [0, -45, 0],
							"uv": {
								"north": {"uv": [9.25, 8.5], "uv_size": [0.1875, 0.0625]},
								"east": {"uv": [8.75, 9.25], "uv_size": [0.1875, 0.0625]},
								"south": {"uv": [9.25, 8.75], "uv_size": [0.1875, 0.0625]},
								"west": {"uv": [9, 9.25], "uv_size": [0.1875, 0.0625]},
								"up": {"uv": [9.4375, 6.9375], "uv_size": [-0.1875, -0.1875]},
								"down": {"uv": [7.1875, 9.4375], "uv_size": [-0.1875, -0.1875]}
							}
						},
						{
							"origin": [-10.07414, 3.26484, -1.25079],
							"size": [1, 0.2, 1],
							"pivot": [-4.31138, 4.78359, 1.32999],
							"rotation": [0, -45, 0],
							"uv": {
								"north": {"uv": [9.25, 8], "uv_size": [0.25, 0.0625]},
								"east": {"uv": [8.25, 9.25], "uv_size": [0.25, 0.0625]},
								"south": {"uv": [9.25, 8.25], "uv_size": [0.25, 0.0625]},
								"west": {"uv": [8.5, 9.25], "uv_size": [0.25, 0.0625]},
								"up": {"uv": [9.5, 6], "uv_size": [-0.25, -0.25]},
								"down": {"uv": [6.25, 9.5], "uv_size": [-0.25, -0.25]}
							}
						},
						{
							"origin": [-10.07414, 0.56484, -1.25079],
							"size": [1, 2.51953, 1],
							"pivot": [-4.31138, 4.78359, 1.32999],
							"rotation": [0, -45, 0],
							"uv": {
								"north": {"uv": [9, 4], "uv_size": [0.25, 0.625]},
								"east": {"uv": [9, 4.75], "uv_size": [0.25, 0.625]},
								"south": {"uv": [9, 5.5], "uv_size": [0.25, 0.625]},
								"west": {"uv": [9, 6.25], "uv_size": [0.25, 0.625]},
								"up": {"uv": [9.5, 4.5], "uv_size": [-0.25, -0.25]},
								"down": {"uv": [9.5, 4.75], "uv_size": [-0.25, -0.25]}
							}
						},
						{
							"origin": [-11.22564, 3.08438, -2.40229],
							"size": [0.82813, 0.20313, 0.82813],
							"pivot": [-4.31138, 4.78359, 1.32999],
							"rotation": [0, -45, 0],
							"uv": {
								"north": {"uv": [9.25, 8.5], "uv_size": [0.1875, 0.0625]},
								"east": {"uv": [8.75, 9.25], "uv_size": [0.1875, 0.0625]},
								"south": {"uv": [9.25, 8.75], "uv_size": [0.1875, 0.0625]},
								"west": {"uv": [9, 9.25], "uv_size": [0.1875, 0.0625]},
								"up": {"uv": [9.4375, 6.9375], "uv_size": [-0.1875, -0.1875]},
								"down": {"uv": [7.1875, 9.4375], "uv_size": [-0.1875, -0.1875]}
							}
						},
						{
							"origin": [-11.31158, 3.26484, -2.48823],
							"size": [1, 0.2, 1],
							"pivot": [-4.31138, 4.78359, 1.32999],
							"rotation": [0, -45, 0],
							"uv": {
								"north": {"uv": [9.25, 8], "uv_size": [0.25, 0.0625]},
								"east": {"uv": [8.25, 9.25], "uv_size": [0.25, 0.0625]},
								"south": {"uv": [9.25, 8.25], "uv_size": [0.25, 0.0625]},
								"west": {"uv": [8.5, 9.25], "uv_size": [0.25, 0.0625]},
								"up": {"uv": [9.5, 6], "uv_size": [-0.25, -0.25]},
								"down": {"uv": [6.25, 9.5], "uv_size": [-0.25, -0.25]}
							}
						},
						{
							"origin": [-11.31158, 0.56484, -2.48823],
							"size": [1, 2.51953, 1],
							"pivot": [-4.31138, 4.78359, 1.32999],
							"rotation": [0, -45, 0],
							"uv": {
								"north": {"uv": [9, 4], "uv_size": [0.25, 0.625]},
								"east": {"uv": [9, 4.75], "uv_size": [0.25, 0.625]},
								"south": {"uv": [9, 5.5], "uv_size": [0.25, 0.625]},
								"west": {"uv": [9, 6.25], "uv_size": [0.25, 0.625]},
								"up": {"uv": [9.5, 4.5], "uv_size": [-0.25, -0.25]},
								"down": {"uv": [9.5, 4.75], "uv_size": [-0.25, -0.25]}
							}
						},
						{
							"origin": [-12.46308, 3.08438, -3.63973],
							"size": [0.82813, 0.20313, 0.82813],
							"pivot": [-4.31138, 4.78359, 1.32999],
							"rotation": [0, -45, 0],
							"uv": {
								"north": {"uv": [9.25, 8.5], "uv_size": [0.1875, 0.0625]},
								"east": {"uv": [8.75, 9.25], "uv_size": [0.1875, 0.0625]},
								"south": {"uv": [9.25, 8.75], "uv_size": [0.1875, 0.0625]},
								"west": {"uv": [9, 9.25], "uv_size": [0.1875, 0.0625]},
								"up": {"uv": [9.4375, 6.9375], "uv_size": [-0.1875, -0.1875]},
								"down": {"uv": [7.1875, 9.4375], "uv_size": [-0.1875, -0.1875]}
							}
						},
						{
							"origin": [-12.54902, 3.26484, -3.72567],
							"size": [1, 0.2, 1],
							"pivot": [-4.31138, 4.78359, 1.32999],
							"rotation": [0, -45, 0],
							"uv": {
								"north": {"uv": [9.25, 8], "uv_size": [0.25, 0.0625]},
								"east": {"uv": [8.25, 9.25], "uv_size": [0.25, 0.0625]},
								"south": {"uv": [9.25, 8.25], "uv_size": [0.25, 0.0625]},
								"west": {"uv": [8.5, 9.25], "uv_size": [0.25, 0.0625]},
								"up": {"uv": [9.5, 6], "uv_size": [-0.25, -0.25]},
								"down": {"uv": [6.25, 9.5], "uv_size": [-0.25, -0.25]}
							}
						},
						{
							"origin": [-12.54902, 0.56484, -3.72567],
							"size": [1, 2.51953, 1],
							"pivot": [-4.31138, 4.78359, 1.32999],
							"rotation": [0, -45, 0],
							"uv": {
								"north": {"uv": [9, 4], "uv_size": [0.25, 0.625]},
								"east": {"uv": [9, 4.75], "uv_size": [0.25, 0.625]},
								"south": {"uv": [9, 5.5], "uv_size": [0.25, 0.625]},
								"west": {"uv": [9, 6.25], "uv_size": [0.25, 0.625]},
								"up": {"uv": [9.5, 4.5], "uv_size": [-0.25, -0.25]},
								"down": {"uv": [9.5, 4.75], "uv_size": [-0.25, -0.25]}
							}
						},
						{
							"origin": [-13.78645, 0.56484, -2.48823],
							"size": [1, 2.51953, 1],
							"pivot": [-4.31138, 4.78359, 1.32999],
							"rotation": [0, -45, 0],
							"uv": {
								"north": {"uv": [9, 4], "uv_size": [0.25, 0.625]},
								"east": {"uv": [9, 4.75], "uv_size": [0.25, 0.625]},
								"south": {"uv": [9, 5.5], "uv_size": [0.25, 0.625]},
								"west": {"uv": [9, 6.25], "uv_size": [0.25, 0.625]},
								"up": {"uv": [9.5, 4.5], "uv_size": [-0.25, -0.25]},
								"down": {"uv": [9.5, 4.75], "uv_size": [-0.25, -0.25]}
							}
						},
						{
							"origin": [-13.78645, 3.26484, -2.48823],
							"size": [1, 0.2, 1],
							"pivot": [-4.31138, 4.78359, 1.32999],
							"rotation": [0, -45, 0],
							"uv": {
								"north": {"uv": [9.25, 8], "uv_size": [0.25, 0.0625]},
								"east": {"uv": [8.25, 9.25], "uv_size": [0.25, 0.0625]},
								"south": {"uv": [9.25, 8.25], "uv_size": [0.25, 0.0625]},
								"west": {"uv": [8.5, 9.25], "uv_size": [0.25, 0.0625]},
								"up": {"uv": [9.5, 6], "uv_size": [-0.25, -0.25]},
								"down": {"uv": [6.25, 9.5], "uv_size": [-0.25, -0.25]}
							}
						},
						{
							"origin": [-13.70052, 3.08438, -2.40229],
							"size": [0.82813, 0.20313, 0.82813],
							"pivot": [-4.31138, 4.78359, 1.32999],
							"rotation": [0, -45, 0],
							"uv": {
								"north": {"uv": [9.25, 8.5], "uv_size": [0.1875, 0.0625]},
								"east": {"uv": [8.75, 9.25], "uv_size": [0.1875, 0.0625]},
								"south": {"uv": [9.25, 8.75], "uv_size": [0.1875, 0.0625]},
								"west": {"uv": [9, 9.25], "uv_size": [0.1875, 0.0625]},
								"up": {"uv": [9.4375, 6.9375], "uv_size": [-0.1875, -0.1875]},
								"down": {"uv": [7.1875, 9.4375], "uv_size": [-0.1875, -0.1875]}
							}
						},
						{
							"origin": [-12.54902, 0.56484, -1.25079],
							"size": [1, 2.51953, 1],
							"pivot": [-4.31138, 4.78359, 1.32999],
							"rotation": [0, -45, 0],
							"uv": {
								"north": {"uv": [9, 4], "uv_size": [0.25, 0.625]},
								"east": {"uv": [9, 4.75], "uv_size": [0.25, 0.625]},
								"south": {"uv": [9, 5.5], "uv_size": [0.25, 0.625]},
								"west": {"uv": [9, 6.25], "uv_size": [0.25, 0.625]},
								"up": {"uv": [9.5, 4.5], "uv_size": [-0.25, -0.25]},
								"down": {"uv": [9.5, 4.75], "uv_size": [-0.25, -0.25]}
							}
						},
						{
							"origin": [-12.54902, 3.26484, -1.25079],
							"size": [1, 0.2, 1],
							"pivot": [-4.31138, 4.78359, 1.32999],
							"rotation": [0, -45, 0],
							"uv": {
								"north": {"uv": [9.25, 8], "uv_size": [0.25, 0.0625]},
								"east": {"uv": [8.25, 9.25], "uv_size": [0.25, 0.0625]},
								"south": {"uv": [9.25, 8.25], "uv_size": [0.25, 0.0625]},
								"west": {"uv": [8.5, 9.25], "uv_size": [0.25, 0.0625]},
								"up": {"uv": [9.5, 6], "uv_size": [-0.25, -0.25]},
								"down": {"uv": [6.25, 9.5], "uv_size": [-0.25, -0.25]}
							}
						},
						{
							"origin": [-12.46308, 3.08438, -1.16486],
							"size": [0.82813, 0.20313, 0.82813],
							"pivot": [-4.31138, 4.78359, 1.32999],
							"rotation": [0, -45, 0],
							"uv": {
								"north": {"uv": [9.25, 8.5], "uv_size": [0.1875, 0.0625]},
								"east": {"uv": [8.75, 9.25], "uv_size": [0.1875, 0.0625]},
								"south": {"uv": [9.25, 8.75], "uv_size": [0.1875, 0.0625]},
								"west": {"uv": [9, 9.25], "uv_size": [0.1875, 0.0625]},
								"up": {"uv": [9.4375, 6.9375], "uv_size": [-0.1875, -0.1875]},
								"down": {"uv": [7.1875, 9.4375], "uv_size": [-0.1875, -0.1875]}
							}
						},
						{
							"origin": [-11.31158, 0.56484, -0.01336],
							"size": [1, 2.51953, 1],
							"pivot": [-4.31138, 4.78359, 1.32999],
							"rotation": [0, -45, 0],
							"uv": {
								"north": {"uv": [9, 4], "uv_size": [0.25, 0.625]},
								"east": {"uv": [9, 4.75], "uv_size": [0.25, 0.625]},
								"south": {"uv": [9, 5.5], "uv_size": [0.25, 0.625]},
								"west": {"uv": [9, 6.25], "uv_size": [0.25, 0.625]},
								"up": {"uv": [9.5, 4.5], "uv_size": [-0.25, -0.25]},
								"down": {"uv": [9.5, 4.75], "uv_size": [-0.25, -0.25]}
							}
						},
						{
							"origin": [-11.31158, 3.26484, -0.01336],
							"size": [1, 0.2, 1],
							"pivot": [-4.31138, 4.78359, 1.32999],
							"rotation": [0, -45, 0],
							"uv": {
								"north": {"uv": [9.25, 8], "uv_size": [0.25, 0.0625]},
								"east": {"uv": [8.25, 9.25], "uv_size": [0.25, 0.0625]},
								"south": {"uv": [9.25, 8.25], "uv_size": [0.25, 0.0625]},
								"west": {"uv": [8.5, 9.25], "uv_size": [0.25, 0.0625]},
								"up": {"uv": [9.5, 6], "uv_size": [-0.25, -0.25]},
								"down": {"uv": [6.25, 9.5], "uv_size": [-0.25, -0.25]}
							}
						},
						{
							"origin": [-11.22564, 3.08438, 0.07258],
							"size": [0.82813, 0.20313, 0.82813],
							"pivot": [-4.31138, 4.78359, 1.32999],
							"rotation": [0, -45, 0],
							"uv": {
								"north": {"uv": [9.25, 8.5], "uv_size": [0.1875, 0.0625]},
								"east": {"uv": [8.75, 9.25], "uv_size": [0.1875, 0.0625]},
								"south": {"uv": [9.25, 8.75], "uv_size": [0.1875, 0.0625]},
								"west": {"uv": [9, 9.25], "uv_size": [0.1875, 0.0625]},
								"up": {"uv": [9.4375, 6.9375], "uv_size": [-0.1875, -0.1875]},
								"down": {"uv": [7.1875, 9.4375], "uv_size": [-0.1875, -0.1875]}
							}
						},
						{
							"origin": [-10.07414, 0.56484, 1.22408],
							"size": [1, 2.51953, 1],
							"pivot": [-4.31138, 4.78359, 1.32999],
							"rotation": [0, -45, 0],
							"uv": {
								"north": {"uv": [9, 4], "uv_size": [0.25, 0.625]},
								"east": {"uv": [9, 4.75], "uv_size": [0.25, 0.625]},
								"south": {"uv": [9, 5.5], "uv_size": [0.25, 0.625]},
								"west": {"uv": [9, 6.25], "uv_size": [0.25, 0.625]},
								"up": {"uv": [9.5, 4.5], "uv_size": [-0.25, -0.25]},
								"down": {"uv": [9.5, 4.75], "uv_size": [-0.25, -0.25]}
							}
						},
						{
							"origin": [-10.07414, 3.26484, 1.22408],
							"size": [1, 0.2, 1],
							"pivot": [-4.31138, 4.78359, 1.32999],
							"rotation": [0, -45, 0],
							"uv": {
								"north": {"uv": [9.25, 8], "uv_size": [0.25, 0.0625]},
								"east": {"uv": [8.25, 9.25], "uv_size": [0.25, 0.0625]},
								"south": {"uv": [9.25, 8.25], "uv_size": [0.25, 0.0625]},
								"west": {"uv": [8.5, 9.25], "uv_size": [0.25, 0.0625]},
								"up": {"uv": [9.5, 6], "uv_size": [-0.25, -0.25]},
								"down": {"uv": [6.25, 9.5], "uv_size": [-0.25, -0.25]}
							}
						},
						{
							"origin": [-9.98821, 3.08438, 1.31002],
							"size": [0.82813, 0.20313, 0.82813],
							"pivot": [-4.31138, 4.78359, 1.32999],
							"rotation": [0, -45, 0],
							"uv": {
								"north": {"uv": [9.25, 8.5], "uv_size": [0.1875, 0.0625]},
								"east": {"uv": [8.75, 9.25], "uv_size": [0.1875, 0.0625]},
								"south": {"uv": [9.25, 8.75], "uv_size": [0.1875, 0.0625]},
								"west": {"uv": [9, 9.25], "uv_size": [0.1875, 0.0625]},
								"up": {"uv": [9.4375, 6.9375], "uv_size": [-0.1875, -0.1875]},
								"down": {"uv": [7.1875, 9.4375], "uv_size": [-0.1875, -0.1875]}
							}
						},
						{
							"origin": [-8.75077, 3.08438, 2.54745],
							"size": [0.82813, 0.20313, 0.82813],
							"pivot": [-4.31138, 4.78359, 1.32999],
							"rotation": [0, -45, 0],
							"uv": {
								"north": {"uv": [9.25, 8.5], "uv_size": [0.1875, 0.0625]},
								"east": {"uv": [8.75, 9.25], "uv_size": [0.1875, 0.0625]},
								"south": {"uv": [9.25, 8.75], "uv_size": [0.1875, 0.0625]},
								"west": {"uv": [9, 9.25], "uv_size": [0.1875, 0.0625]},
								"up": {"uv": [9.4375, 6.9375], "uv_size": [-0.1875, -0.1875]},
								"down": {"uv": [7.1875, 9.4375], "uv_size": [-0.1875, -0.1875]}
							}
						},
						{
							"origin": [-8.83671, 3.26484, 2.46152],
							"size": [1, 0.2, 1],
							"pivot": [-4.31138, 4.78359, 1.32999],
							"rotation": [0, -45, 0],
							"uv": {
								"north": {"uv": [9.25, 8], "uv_size": [0.25, 0.0625]},
								"east": {"uv": [8.25, 9.25], "uv_size": [0.25, 0.0625]},
								"south": {"uv": [9.25, 8.25], "uv_size": [0.25, 0.0625]},
								"west": {"uv": [8.5, 9.25], "uv_size": [0.25, 0.0625]},
								"up": {"uv": [9.5, 6], "uv_size": [-0.25, -0.25]},
								"down": {"uv": [6.25, 9.5], "uv_size": [-0.25, -0.25]}
							}
						},
						{
							"origin": [-8.83671, 0.56484, 2.46152],
							"size": [1, 2.51953, 1],
							"pivot": [-4.31138, 4.78359, 1.32999],
							"rotation": [0, -45, 0],
							"uv": {
								"north": {"uv": [9, 4], "uv_size": [0.25, 0.625]},
								"east": {"uv": [9, 4.75], "uv_size": [0.25, 0.625]},
								"south": {"uv": [9, 5.5], "uv_size": [0.25, 0.625]},
								"west": {"uv": [9, 6.25], "uv_size": [0.25, 0.625]},
								"up": {"uv": [9.5, 4.5], "uv_size": [-0.25, -0.25]},
								"down": {"uv": [9.5, 4.75], "uv_size": [-0.25, -0.25]}
							}
						},
						{
							"origin": [-5.1244, 0.56484, -1.25079],
							"size": [1, 2.51953, 1],
							"pivot": [-4.31138, 4.78359, 1.32999],
							"rotation": [0, -45, 0],
							"uv": {
								"north": {"uv": [9, 4], "uv_size": [0.25, 0.625]},
								"east": {"uv": [9, 4.75], "uv_size": [0.25, 0.625]},
								"south": {"uv": [9, 5.5], "uv_size": [0.25, 0.625]},
								"west": {"uv": [9, 6.25], "uv_size": [0.25, 0.625]},
								"up": {"uv": [9.5, 4.5], "uv_size": [-0.25, -0.25]},
								"down": {"uv": [9.5, 4.75], "uv_size": [-0.25, -0.25]}
							}
						},
						{
							"origin": [-5.1244, 3.26484, -1.25079],
							"size": [1, 0.2, 1],
							"pivot": [-4.31138, 4.78359, 1.32999],
							"rotation": [0, -45, 0],
							"uv": {
								"north": {"uv": [9.25, 8], "uv_size": [0.25, 0.0625]},
								"east": {"uv": [8.25, 9.25], "uv_size": [0.25, 0.0625]},
								"south": {"uv": [9.25, 8.25], "uv_size": [0.25, 0.0625]},
								"west": {"uv": [8.5, 9.25], "uv_size": [0.25, 0.0625]},
								"up": {"uv": [9.5, 6], "uv_size": [-0.25, -0.25]},
								"down": {"uv": [6.25, 9.5], "uv_size": [-0.25, -0.25]}
							}
						},
						{
							"origin": [-5.03846, 3.08438, -1.16486],
							"size": [0.82813, 0.20313, 0.82813],
							"pivot": [-4.31138, 4.78359, 1.32999],
							"rotation": [0, -45, 0],
							"uv": {
								"north": {"uv": [9.25, 8.5], "uv_size": [0.1875, 0.0625]},
								"east": {"uv": [8.75, 9.25], "uv_size": [0.1875, 0.0625]},
								"south": {"uv": [9.25, 8.75], "uv_size": [0.1875, 0.0625]},
								"west": {"uv": [9, 9.25], "uv_size": [0.1875, 0.0625]},
								"up": {"uv": [9.4375, 6.9375], "uv_size": [-0.1875, -0.1875]},
								"down": {"uv": [7.1875, 9.4375], "uv_size": [-0.1875, -0.1875]}
							}
						},
						{
							"origin": [-6.2759, 3.08438, -2.40229],
							"size": [0.82813, 0.20313, 0.82813],
							"pivot": [-4.31138, 4.78359, 1.32999],
							"rotation": [0, -45, 0],
							"uv": {
								"north": {"uv": [9.25, 8.5], "uv_size": [0.1875, 0.0625]},
								"east": {"uv": [8.75, 9.25], "uv_size": [0.1875, 0.0625]},
								"south": {"uv": [9.25, 8.75], "uv_size": [0.1875, 0.0625]},
								"west": {"uv": [9, 9.25], "uv_size": [0.1875, 0.0625]},
								"up": {"uv": [9.4375, 6.9375], "uv_size": [-0.1875, -0.1875]},
								"down": {"uv": [7.1875, 9.4375], "uv_size": [-0.1875, -0.1875]}
							}
						},
						{
							"origin": [-6.36183, 3.26484, -2.48823],
							"size": [1, 0.2, 1],
							"pivot": [-4.31138, 4.78359, 1.32999],
							"rotation": [0, -45, 0],
							"uv": {
								"north": {"uv": [9.25, 8], "uv_size": [0.25, 0.0625]},
								"east": {"uv": [8.25, 9.25], "uv_size": [0.25, 0.0625]},
								"south": {"uv": [9.25, 8.25], "uv_size": [0.25, 0.0625]},
								"west": {"uv": [8.5, 9.25], "uv_size": [0.25, 0.0625]},
								"up": {"uv": [9.5, 6], "uv_size": [-0.25, -0.25]},
								"down": {"uv": [6.25, 9.5], "uv_size": [-0.25, -0.25]}
							}
						},
						{
							"origin": [-6.36183, 0.56484, -2.48823],
							"size": [1, 2.51953, 1],
							"pivot": [-4.31138, 4.78359, 1.32999],
							"rotation": [0, -45, 0],
							"uv": {
								"north": {"uv": [9, 4], "uv_size": [0.25, 0.625]},
								"east": {"uv": [9, 4.75], "uv_size": [0.25, 0.625]},
								"south": {"uv": [9, 5.5], "uv_size": [0.25, 0.625]},
								"west": {"uv": [9, 6.25], "uv_size": [0.25, 0.625]},
								"up": {"uv": [9.5, 4.5], "uv_size": [-0.25, -0.25]},
								"down": {"uv": [9.5, 4.75], "uv_size": [-0.25, -0.25]}
							}
						},
						{
							"origin": [-7.51333, 3.08438, -3.63973],
							"size": [0.82813, 0.20313, 0.82813],
							"pivot": [-4.31138, 4.78359, 1.32999],
							"rotation": [0, -45, 0],
							"uv": {
								"north": {"uv": [9.25, 8.5], "uv_size": [0.1875, 0.0625]},
								"east": {"uv": [8.75, 9.25], "uv_size": [0.1875, 0.0625]},
								"south": {"uv": [9.25, 8.75], "uv_size": [0.1875, 0.0625]},
								"west": {"uv": [9, 9.25], "uv_size": [0.1875, 0.0625]},
								"up": {"uv": [9.4375, 6.9375], "uv_size": [-0.1875, -0.1875]},
								"down": {"uv": [7.1875, 9.4375], "uv_size": [-0.1875, -0.1875]}
							}
						},
						{
							"origin": [-7.59927, 3.26484, -3.72567],
							"size": [1, 0.2, 1],
							"pivot": [-4.31138, 4.78359, 1.32999],
							"rotation": [0, -45, 0],
							"uv": {
								"north": {"uv": [9.25, 8], "uv_size": [0.25, 0.0625]},
								"east": {"uv": [8.25, 9.25], "uv_size": [0.25, 0.0625]},
								"south": {"uv": [9.25, 8.25], "uv_size": [0.25, 0.0625]},
								"west": {"uv": [8.5, 9.25], "uv_size": [0.25, 0.0625]},
								"up": {"uv": [9.5, 6], "uv_size": [-0.25, -0.25]},
								"down": {"uv": [6.25, 9.5], "uv_size": [-0.25, -0.25]}
							}
						},
						{
							"origin": [-7.59927, 0.56484, -3.72567],
							"size": [1, 2.51953, 1],
							"pivot": [-4.31138, 4.78359, 1.32999],
							"rotation": [0, -45, 0],
							"uv": {
								"north": {"uv": [9, 4], "uv_size": [0.25, 0.625]},
								"east": {"uv": [9, 4.75], "uv_size": [0.25, 0.625]},
								"south": {"uv": [9, 5.5], "uv_size": [0.25, 0.625]},
								"west": {"uv": [9, 6.25], "uv_size": [0.25, 0.625]},
								"up": {"uv": [9.5, 4.5], "uv_size": [-0.25, -0.25]},
								"down": {"uv": [9.5, 4.75], "uv_size": [-0.25, -0.25]}
							}
						},
						{
							"origin": [-8.75077, 3.08438, -4.87717],
							"size": [0.82813, 0.20313, 0.82813],
							"pivot": [-4.31138, 4.78359, 1.32999],
							"rotation": [0, -45, 0],
							"uv": {
								"north": {"uv": [9.25, 8.5], "uv_size": [0.1875, 0.0625]},
								"east": {"uv": [8.75, 9.25], "uv_size": [0.1875, 0.0625]},
								"south": {"uv": [9.25, 8.75], "uv_size": [0.1875, 0.0625]},
								"west": {"uv": [9, 9.25], "uv_size": [0.1875, 0.0625]},
								"up": {"uv": [9.4375, 6.9375], "uv_size": [-0.1875, -0.1875]},
								"down": {"uv": [7.1875, 9.4375], "uv_size": [-0.1875, -0.1875]}
							}
						},
						{
							"origin": [-8.83671, 3.26484, -4.9631],
							"size": [1, 0.2, 1],
							"pivot": [-4.31138, 4.78359, 1.32999],
							"rotation": [0, -45, 0],
							"uv": {
								"north": {"uv": [9.25, 8], "uv_size": [0.25, 0.0625]},
								"east": {"uv": [8.25, 9.25], "uv_size": [0.25, 0.0625]},
								"south": {"uv": [9.25, 8.25], "uv_size": [0.25, 0.0625]},
								"west": {"uv": [8.5, 9.25], "uv_size": [0.25, 0.0625]},
								"up": {"uv": [9.5, 6], "uv_size": [-0.25, -0.25]},
								"down": {"uv": [6.25, 9.5], "uv_size": [-0.25, -0.25]}
							}
						},
						{
							"origin": [-8.83671, 0.56484, -4.9631],
							"size": [1, 2.51953, 1],
							"pivot": [-4.31138, 4.78359, 1.32999],
							"rotation": [0, -45, 0],
							"uv": {
								"north": {"uv": [9, 4], "uv_size": [0.25, 0.625]},
								"east": {"uv": [9, 4.75], "uv_size": [0.25, 0.625]},
								"south": {"uv": [9, 5.5], "uv_size": [0.25, 0.625]},
								"west": {"uv": [9, 6.25], "uv_size": [0.25, 0.625]},
								"up": {"uv": [9.5, 4.5], "uv_size": [-0.25, -0.25]},
								"down": {"uv": [9.5, 4.75], "uv_size": [-0.25, -0.25]}
							}
						},
						{
							"origin": [-9.98821, 3.08438, -6.1146],
							"size": [0.82813, 0.20313, 0.82813],
							"pivot": [-4.31138, 4.78359, 1.32999],
							"rotation": [0, -45, 0],
							"uv": {
								"north": {"uv": [9.25, 8.5], "uv_size": [0.1875, 0.0625]},
								"east": {"uv": [8.75, 9.25], "uv_size": [0.1875, 0.0625]},
								"south": {"uv": [9.25, 8.75], "uv_size": [0.1875, 0.0625]},
								"west": {"uv": [9, 9.25], "uv_size": [0.1875, 0.0625]},
								"up": {"uv": [9.4375, 6.9375], "uv_size": [-0.1875, -0.1875]},
								"down": {"uv": [7.1875, 9.4375], "uv_size": [-0.1875, -0.1875]}
							}
						},
						{
							"origin": [-10.07414, 3.26484, -6.20054],
							"size": [1, 0.2, 1],
							"pivot": [-4.31138, 4.78359, 1.32999],
							"rotation": [0, -45, 0],
							"uv": {
								"north": {"uv": [9.25, 8], "uv_size": [0.25, 0.0625]},
								"east": {"uv": [8.25, 9.25], "uv_size": [0.25, 0.0625]},
								"south": {"uv": [9.25, 8.25], "uv_size": [0.25, 0.0625]},
								"west": {"uv": [8.5, 9.25], "uv_size": [0.25, 0.0625]},
								"up": {"uv": [9.5, 6], "uv_size": [-0.25, -0.25]},
								"down": {"uv": [6.25, 9.5], "uv_size": [-0.25, -0.25]}
							}
						},
						{
							"origin": [-10.07414, 0.56484, -6.20054],
							"size": [1, 2.51953, 1],
							"pivot": [-4.31138, 4.78359, 1.32999],
							"rotation": [0, -45, 0],
							"uv": {
								"north": {"uv": [9, 4], "uv_size": [0.25, 0.625]},
								"east": {"uv": [9, 4.75], "uv_size": [0.25, 0.625]},
								"south": {"uv": [9, 5.5], "uv_size": [0.25, 0.625]},
								"west": {"uv": [9, 6.25], "uv_size": [0.25, 0.625]},
								"up": {"uv": [9.5, 4.5], "uv_size": [-0.25, -0.25]},
								"down": {"uv": [9.5, 4.75], "uv_size": [-0.25, -0.25]}
							}
						},
						{
							"origin": [-11.31158, 0.56484, -4.9631],
							"size": [1, 2.51953, 1],
							"pivot": [-4.31138, 4.78359, 1.32999],
							"rotation": [0, -45, 0],
							"uv": {
								"north": {"uv": [9, 4], "uv_size": [0.25, 0.625]},
								"east": {"uv": [9, 4.75], "uv_size": [0.25, 0.625]},
								"south": {"uv": [9, 5.5], "uv_size": [0.25, 0.625]},
								"west": {"uv": [9, 6.25], "uv_size": [0.25, 0.625]},
								"up": {"uv": [9.5, 4.5], "uv_size": [-0.25, -0.25]},
								"down": {"uv": [9.5, 4.75], "uv_size": [-0.25, -0.25]}
							}
						},
						{
							"origin": [-11.31158, 3.26484, -4.9631],
							"size": [1, 0.2, 1],
							"pivot": [-4.31138, 4.78359, 1.32999],
							"rotation": [0, -45, 0],
							"uv": {
								"north": {"uv": [9.25, 8], "uv_size": [0.25, 0.0625]},
								"east": {"uv": [8.25, 9.25], "uv_size": [0.25, 0.0625]},
								"south": {"uv": [9.25, 8.25], "uv_size": [0.25, 0.0625]},
								"west": {"uv": [8.5, 9.25], "uv_size": [0.25, 0.0625]},
								"up": {"uv": [9.5, 6], "uv_size": [-0.25, -0.25]},
								"down": {"uv": [6.25, 9.5], "uv_size": [-0.25, -0.25]}
							}
						},
						{
							"origin": [-11.22564, 3.08438, -4.87717],
							"size": [0.82813, 0.20313, 0.82813],
							"pivot": [-4.31138, 4.78359, 1.32999],
							"rotation": [0, -45, 0],
							"uv": {
								"north": {"uv": [9.25, 8.5], "uv_size": [0.1875, 0.0625]},
								"east": {"uv": [8.75, 9.25], "uv_size": [0.1875, 0.0625]},
								"south": {"uv": [9.25, 8.75], "uv_size": [0.1875, 0.0625]},
								"west": {"uv": [9, 9.25], "uv_size": [0.1875, 0.0625]},
								"up": {"uv": [9.4375, 6.9375], "uv_size": [-0.1875, -0.1875]},
								"down": {"uv": [7.1875, 9.4375], "uv_size": [-0.1875, -0.1875]}
							}
						},
						{
							"origin": [-10.07414, 0.56484, -3.72567],
							"size": [1, 2.51953, 1],
							"pivot": [-4.31138, 4.78359, 1.32999],
							"rotation": [0, -45, 0],
							"uv": {
								"north": {"uv": [9, 4], "uv_size": [0.25, 0.625]},
								"east": {"uv": [9, 4.75], "uv_size": [0.25, 0.625]},
								"south": {"uv": [9, 5.5], "uv_size": [0.25, 0.625]},
								"west": {"uv": [9, 6.25], "uv_size": [0.25, 0.625]},
								"up": {"uv": [9.5, 4.5], "uv_size": [-0.25, -0.25]},
								"down": {"uv": [9.5, 4.75], "uv_size": [-0.25, -0.25]}
							}
						},
						{
							"origin": [-10.07414, 3.26484, -3.72567],
							"size": [1, 0.2, 1],
							"pivot": [-4.31138, 4.78359, 1.32999],
							"rotation": [0, -45, 0],
							"uv": {
								"north": {"uv": [9.25, 8], "uv_size": [0.25, 0.0625]},
								"east": {"uv": [8.25, 9.25], "uv_size": [0.25, 0.0625]},
								"south": {"uv": [9.25, 8.25], "uv_size": [0.25, 0.0625]},
								"west": {"uv": [8.5, 9.25], "uv_size": [0.25, 0.0625]},
								"up": {"uv": [9.5, 6], "uv_size": [-0.25, -0.25]},
								"down": {"uv": [6.25, 9.5], "uv_size": [-0.25, -0.25]}
							}
						},
						{
							"origin": [-9.98821, 3.08438, -3.63973],
							"size": [0.82813, 0.20313, 0.82813],
							"pivot": [-4.31138, 4.78359, 1.32999],
							"rotation": [0, -45, 0],
							"uv": {
								"north": {"uv": [9.25, 8.5], "uv_size": [0.1875, 0.0625]},
								"east": {"uv": [8.75, 9.25], "uv_size": [0.1875, 0.0625]},
								"south": {"uv": [9.25, 8.75], "uv_size": [0.1875, 0.0625]},
								"west": {"uv": [9, 9.25], "uv_size": [0.1875, 0.0625]},
								"up": {"uv": [9.4375, 6.9375], "uv_size": [-0.1875, -0.1875]},
								"down": {"uv": [7.1875, 9.4375], "uv_size": [-0.1875, -0.1875]}
							}
						},
						{
							"origin": [-8.83671, 0.56484, -2.48823],
							"size": [1, 2.51953, 1],
							"pivot": [-4.31138, 4.78359, 1.32999],
							"rotation": [0, -45, 0],
							"uv": {
								"north": {"uv": [9, 4], "uv_size": [0.25, 0.625]},
								"east": {"uv": [9, 4.75], "uv_size": [0.25, 0.625]},
								"south": {"uv": [9, 5.5], "uv_size": [0.25, 0.625]},
								"west": {"uv": [9, 6.25], "uv_size": [0.25, 0.625]},
								"up": {"uv": [9.5, 4.5], "uv_size": [-0.25, -0.25]},
								"down": {"uv": [9.5, 4.75], "uv_size": [-0.25, -0.25]}
							}
						},
						{
							"origin": [-8.83671, 3.26484, -2.48823],
							"size": [1, 0.2, 1],
							"pivot": [-4.31138, 4.78359, 1.32999],
							"rotation": [0, -45, 0],
							"uv": {
								"north": {"uv": [9.25, 8], "uv_size": [0.25, 0.0625]},
								"east": {"uv": [8.25, 9.25], "uv_size": [0.25, 0.0625]},
								"south": {"uv": [9.25, 8.25], "uv_size": [0.25, 0.0625]},
								"west": {"uv": [8.5, 9.25], "uv_size": [0.25, 0.0625]},
								"up": {"uv": [9.5, 6], "uv_size": [-0.25, -0.25]},
								"down": {"uv": [6.25, 9.5], "uv_size": [-0.25, -0.25]}
							}
						},
						{
							"origin": [-8.75077, 3.08438, -2.40229],
							"size": [0.82813, 0.20313, 0.82813],
							"pivot": [-4.31138, 4.78359, 1.32999],
							"rotation": [0, -45, 0],
							"uv": {
								"north": {"uv": [9.25, 8.5], "uv_size": [0.1875, 0.0625]},
								"east": {"uv": [8.75, 9.25], "uv_size": [0.1875, 0.0625]},
								"south": {"uv": [9.25, 8.75], "uv_size": [0.1875, 0.0625]},
								"west": {"uv": [9, 9.25], "uv_size": [0.1875, 0.0625]},
								"up": {"uv": [9.4375, 6.9375], "uv_size": [-0.1875, -0.1875]},
								"down": {"uv": [7.1875, 9.4375], "uv_size": [-0.1875, -0.1875]}
							}
						},
						{
							"origin": [-7.59927, 0.56484, -1.25079],
							"size": [1, 2.51953, 1],
							"pivot": [-4.31138, 4.78359, 1.32999],
							"rotation": [0, -45, 0],
							"uv": {
								"north": {"uv": [9, 4], "uv_size": [0.25, 0.625]},
								"east": {"uv": [9, 4.75], "uv_size": [0.25, 0.625]},
								"south": {"uv": [9, 5.5], "uv_size": [0.25, 0.625]},
								"west": {"uv": [9, 6.25], "uv_size": [0.25, 0.625]},
								"up": {"uv": [9.5, 4.5], "uv_size": [-0.25, -0.25]},
								"down": {"uv": [9.5, 4.75], "uv_size": [-0.25, -0.25]}
							}
						},
						{
							"origin": [-7.59927, 3.26484, -1.25079],
							"size": [1, 0.2, 1],
							"pivot": [-4.31138, 4.78359, 1.32999],
							"rotation": [0, -45, 0],
							"uv": {
								"north": {"uv": [9.25, 8], "uv_size": [0.25, 0.0625]},
								"east": {"uv": [8.25, 9.25], "uv_size": [0.25, 0.0625]},
								"south": {"uv": [9.25, 8.25], "uv_size": [0.25, 0.0625]},
								"west": {"uv": [8.5, 9.25], "uv_size": [0.25, 0.0625]},
								"up": {"uv": [9.5, 6], "uv_size": [-0.25, -0.25]},
								"down": {"uv": [6.25, 9.5], "uv_size": [-0.25, -0.25]}
							}
						},
						{
							"origin": [-7.51333, 3.08438, -1.16486],
							"size": [0.82813, 0.20313, 0.82813],
							"pivot": [-4.31138, 4.78359, 1.32999],
							"rotation": [0, -45, 0],
							"uv": {
								"north": {"uv": [9.25, 8.5], "uv_size": [0.1875, 0.0625]},
								"east": {"uv": [8.75, 9.25], "uv_size": [0.1875, 0.0625]},
								"south": {"uv": [9.25, 8.75], "uv_size": [0.1875, 0.0625]},
								"west": {"uv": [9, 9.25], "uv_size": [0.1875, 0.0625]},
								"up": {"uv": [9.4375, 6.9375], "uv_size": [-0.1875, -0.1875]},
								"down": {"uv": [7.1875, 9.4375], "uv_size": [-0.1875, -0.1875]}
							}
						},
						{
							"origin": [-6.2759, 3.08438, 0.07258],
							"size": [0.82813, 0.20313, 0.82813],
							"pivot": [-4.31138, 4.78359, 1.32999],
							"rotation": [0, -45, 0],
							"uv": {
								"north": {"uv": [9.25, 8.5], "uv_size": [0.1875, 0.0625]},
								"east": {"uv": [8.75, 9.25], "uv_size": [0.1875, 0.0625]},
								"south": {"uv": [9.25, 8.75], "uv_size": [0.1875, 0.0625]},
								"west": {"uv": [9, 9.25], "uv_size": [0.1875, 0.0625]},
								"up": {"uv": [9.4375, 6.9375], "uv_size": [-0.1875, -0.1875]},
								"down": {"uv": [7.1875, 9.4375], "uv_size": [-0.1875, -0.1875]}
							}
						},
						{
							"origin": [-6.36183, 3.26484, -0.01336],
							"size": [1, 0.2, 1],
							"pivot": [-4.31138, 4.78359, 1.32999],
							"rotation": [0, -45, 0],
							"uv": {
								"north": {"uv": [9.25, 8], "uv_size": [0.25, 0.0625]},
								"east": {"uv": [8.25, 9.25], "uv_size": [0.25, 0.0625]},
								"south": {"uv": [9.25, 8.25], "uv_size": [0.25, 0.0625]},
								"west": {"uv": [8.5, 9.25], "uv_size": [0.25, 0.0625]},
								"up": {"uv": [9.5, 6], "uv_size": [-0.25, -0.25]},
								"down": {"uv": [6.25, 9.5], "uv_size": [-0.25, -0.25]}
							}
						},
						{
							"origin": [-6.36183, 0.56484, -0.01336],
							"size": [1, 2.51953, 1],
							"pivot": [-4.31138, 4.78359, 1.32999],
							"rotation": [0, -45, 0],
							"uv": {
								"north": {"uv": [9, 4], "uv_size": [0.25, 0.625]},
								"east": {"uv": [9, 4.75], "uv_size": [0.25, 0.625]},
								"south": {"uv": [9, 5.5], "uv_size": [0.25, 0.625]},
								"west": {"uv": [9, 6.25], "uv_size": [0.25, 0.625]},
								"up": {"uv": [9.5, 4.5], "uv_size": [-0.25, -0.25]},
								"down": {"uv": [9.5, 4.75], "uv_size": [-0.25, -0.25]}
							}
						},
						{
							"origin": [-2.64952, 0.56484, -3.72567],
							"size": [1, 2.51953, 1],
							"pivot": [-4.31138, 4.78359, 1.32999],
							"rotation": [0, -45, 0],
							"uv": {
								"north": {"uv": [9, 4], "uv_size": [0.25, 0.625]},
								"east": {"uv": [9, 4.75], "uv_size": [0.25, 0.625]},
								"south": {"uv": [9, 5.5], "uv_size": [0.25, 0.625]},
								"west": {"uv": [9, 6.25], "uv_size": [0.25, 0.625]},
								"up": {"uv": [9.5, 4.5], "uv_size": [-0.25, -0.25]},
								"down": {"uv": [9.5, 4.75], "uv_size": [-0.25, -0.25]}
							}
						},
						{
							"origin": [-2.64952, 3.26484, -3.72567],
							"size": [1, 0.2, 1],
							"pivot": [-4.31138, 4.78359, 1.32999],
							"rotation": [0, -45, 0],
							"uv": {
								"north": {"uv": [9.25, 8], "uv_size": [0.25, 0.0625]},
								"east": {"uv": [8.25, 9.25], "uv_size": [0.25, 0.0625]},
								"south": {"uv": [9.25, 8.25], "uv_size": [0.25, 0.0625]},
								"west": {"uv": [8.5, 9.25], "uv_size": [0.25, 0.0625]},
								"up": {"uv": [9.5, 6], "uv_size": [-0.25, -0.25]},
								"down": {"uv": [6.25, 9.5], "uv_size": [-0.25, -0.25]}
							}
						},
						{
							"origin": [-2.56358, 3.08438, -3.63973],
							"size": [0.82813, 0.20313, 0.82813],
							"pivot": [-4.31138, 4.78359, 1.32999],
							"rotation": [0, -45, 0],
							"uv": {
								"north": {"uv": [9.25, 8.5], "uv_size": [0.1875, 0.0625]},
								"east": {"uv": [8.75, 9.25], "uv_size": [0.1875, 0.0625]},
								"south": {"uv": [9.25, 8.75], "uv_size": [0.1875, 0.0625]},
								"west": {"uv": [9, 9.25], "uv_size": [0.1875, 0.0625]},
								"up": {"uv": [9.4375, 6.9375], "uv_size": [-0.1875, -0.1875]},
								"down": {"uv": [7.1875, 9.4375], "uv_size": [-0.1875, -0.1875]}
							}
						},
						{
							"origin": [-3.80102, 3.08438, -4.87717],
							"size": [0.82813, 0.20313, 0.82813],
							"pivot": [-4.31138, 4.78359, 1.32999],
							"rotation": [0, -45, 0],
							"uv": {
								"north": {"uv": [9.25, 8.5], "uv_size": [0.1875, 0.0625]},
								"east": {"uv": [8.75, 9.25], "uv_size": [0.1875, 0.0625]},
								"south": {"uv": [9.25, 8.75], "uv_size": [0.1875, 0.0625]},
								"west": {"uv": [9, 9.25], "uv_size": [0.1875, 0.0625]},
								"up": {"uv": [9.4375, 6.9375], "uv_size": [-0.1875, -0.1875]},
								"down": {"uv": [7.1875, 9.4375], "uv_size": [-0.1875, -0.1875]}
							}
						},
						{
							"origin": [-3.88696, 3.26484, -4.9631],
							"size": [1, 0.2, 1],
							"pivot": [-4.31138, 4.78359, 1.32999],
							"rotation": [0, -45, 0],
							"uv": {
								"north": {"uv": [9.25, 8], "uv_size": [0.25, 0.0625]},
								"east": {"uv": [8.25, 9.25], "uv_size": [0.25, 0.0625]},
								"south": {"uv": [9.25, 8.25], "uv_size": [0.25, 0.0625]},
								"west": {"uv": [8.5, 9.25], "uv_size": [0.25, 0.0625]},
								"up": {"uv": [9.5, 6], "uv_size": [-0.25, -0.25]},
								"down": {"uv": [6.25, 9.5], "uv_size": [-0.25, -0.25]}
							}
						},
						{
							"origin": [-3.88696, 0.56484, -4.9631],
							"size": [1, 2.51953, 1],
							"pivot": [-4.31138, 4.78359, 1.32999],
							"rotation": [0, -45, 0],
							"uv": {
								"north": {"uv": [9, 4], "uv_size": [0.25, 0.625]},
								"east": {"uv": [9, 4.75], "uv_size": [0.25, 0.625]},
								"south": {"uv": [9, 5.5], "uv_size": [0.25, 0.625]},
								"west": {"uv": [9, 6.25], "uv_size": [0.25, 0.625]},
								"up": {"uv": [9.5, 4.5], "uv_size": [-0.25, -0.25]},
								"down": {"uv": [9.5, 4.75], "uv_size": [-0.25, -0.25]}
							}
						},
						{
							"origin": [-5.03846, 3.08438, -6.1146],
							"size": [0.82813, 0.20313, 0.82813],
							"pivot": [-4.31138, 4.78359, 1.32999],
							"rotation": [0, -45, 0],
							"uv": {
								"north": {"uv": [9.25, 8.5], "uv_size": [0.1875, 0.0625]},
								"east": {"uv": [8.75, 9.25], "uv_size": [0.1875, 0.0625]},
								"south": {"uv": [9.25, 8.75], "uv_size": [0.1875, 0.0625]},
								"west": {"uv": [9, 9.25], "uv_size": [0.1875, 0.0625]},
								"up": {"uv": [9.4375, 6.9375], "uv_size": [-0.1875, -0.1875]},
								"down": {"uv": [7.1875, 9.4375], "uv_size": [-0.1875, -0.1875]}
							}
						},
						{
							"origin": [-5.1244, 3.26484, -6.20054],
							"size": [1, 0.2, 1],
							"pivot": [-4.31138, 4.78359, 1.32999],
							"rotation": [0, -45, 0],
							"uv": {
								"north": {"uv": [9.25, 8], "uv_size": [0.25, 0.0625]},
								"east": {"uv": [8.25, 9.25], "uv_size": [0.25, 0.0625]},
								"south": {"uv": [9.25, 8.25], "uv_size": [0.25, 0.0625]},
								"west": {"uv": [8.5, 9.25], "uv_size": [0.25, 0.0625]},
								"up": {"uv": [9.5, 6], "uv_size": [-0.25, -0.25]},
								"down": {"uv": [6.25, 9.5], "uv_size": [-0.25, -0.25]}
							}
						},
						{
							"origin": [-5.1244, 0.56484, -6.20054],
							"size": [1, 2.51953, 1],
							"pivot": [-4.31138, 4.78359, 1.32999],
							"rotation": [0, -45, 0],
							"uv": {
								"north": {"uv": [9, 4], "uv_size": [0.25, 0.625]},
								"east": {"uv": [9, 4.75], "uv_size": [0.25, 0.625]},
								"south": {"uv": [9, 5.5], "uv_size": [0.25, 0.625]},
								"west": {"uv": [9, 6.25], "uv_size": [0.25, 0.625]},
								"up": {"uv": [9.5, 4.5], "uv_size": [-0.25, -0.25]},
								"down": {"uv": [9.5, 4.75], "uv_size": [-0.25, -0.25]}
							}
						},
						{
							"origin": [-6.2759, 3.08438, -7.35204],
							"size": [0.82813, 0.20313, 0.82813],
							"pivot": [-4.31138, 4.78359, 1.32999],
							"rotation": [0, -45, 0],
							"uv": {
								"north": {"uv": [9.25, 8.5], "uv_size": [0.1875, 0.0625]},
								"east": {"uv": [8.75, 9.25], "uv_size": [0.1875, 0.0625]},
								"south": {"uv": [9.25, 8.75], "uv_size": [0.1875, 0.0625]},
								"west": {"uv": [9, 9.25], "uv_size": [0.1875, 0.0625]},
								"up": {"uv": [9.4375, 6.9375], "uv_size": [-0.1875, -0.1875]},
								"down": {"uv": [7.1875, 9.4375], "uv_size": [-0.1875, -0.1875]}
							}
						},
						{
							"origin": [-6.36183, 3.26484, -7.43798],
							"size": [1, 0.2, 1],
							"pivot": [-4.31138, 4.78359, 1.32999],
							"rotation": [0, -45, 0],
							"uv": {
								"north": {"uv": [9.25, 8], "uv_size": [0.25, 0.0625]},
								"east": {"uv": [8.25, 9.25], "uv_size": [0.25, 0.0625]},
								"south": {"uv": [9.25, 8.25], "uv_size": [0.25, 0.0625]},
								"west": {"uv": [8.5, 9.25], "uv_size": [0.25, 0.0625]},
								"up": {"uv": [9.5, 6], "uv_size": [-0.25, -0.25]},
								"down": {"uv": [6.25, 9.5], "uv_size": [-0.25, -0.25]}
							}
						},
						{
							"origin": [-6.36183, 0.56484, -7.43798],
							"size": [1, 2.51953, 1],
							"pivot": [-4.31138, 4.78359, 1.32999],
							"rotation": [0, -45, 0],
							"uv": {
								"north": {"uv": [9, 4], "uv_size": [0.25, 0.625]},
								"east": {"uv": [9, 4.75], "uv_size": [0.25, 0.625]},
								"south": {"uv": [9, 5.5], "uv_size": [0.25, 0.625]},
								"west": {"uv": [9, 6.25], "uv_size": [0.25, 0.625]},
								"up": {"uv": [9.5, 4.5], "uv_size": [-0.25, -0.25]},
								"down": {"uv": [9.5, 4.75], "uv_size": [-0.25, -0.25]}
							}
						},
						{
							"origin": [-7.51333, 3.08438, -8.58948],
							"size": [0.82813, 0.20313, 0.82813],
							"pivot": [-4.31138, 4.78359, 1.32999],
							"rotation": [0, -45, 0],
							"uv": {
								"north": {"uv": [9.25, 8.5], "uv_size": [0.1875, 0.0625]},
								"east": {"uv": [8.75, 9.25], "uv_size": [0.1875, 0.0625]},
								"south": {"uv": [9.25, 8.75], "uv_size": [0.1875, 0.0625]},
								"west": {"uv": [9, 9.25], "uv_size": [0.1875, 0.0625]},
								"up": {"uv": [9.4375, 6.9375], "uv_size": [-0.1875, -0.1875]},
								"down": {"uv": [7.1875, 9.4375], "uv_size": [-0.1875, -0.1875]}
							}
						},
						{
							"origin": [-7.59927, 3.26484, -8.67541],
							"size": [1, 0.2, 1],
							"pivot": [-4.31138, 4.78359, 1.32999],
							"rotation": [0, -45, 0],
							"uv": {
								"north": {"uv": [9.25, 8], "uv_size": [0.25, 0.0625]},
								"east": {"uv": [8.25, 9.25], "uv_size": [0.25, 0.0625]},
								"south": {"uv": [9.25, 8.25], "uv_size": [0.25, 0.0625]},
								"west": {"uv": [8.5, 9.25], "uv_size": [0.25, 0.0625]},
								"up": {"uv": [9.5, 6], "uv_size": [-0.25, -0.25]},
								"down": {"uv": [6.25, 9.5], "uv_size": [-0.25, -0.25]}
							}
						},
						{
							"origin": [-7.59927, 0.56484, -8.67541],
							"size": [1, 2.51953, 1],
							"pivot": [-4.31138, 4.78359, 1.32999],
							"rotation": [0, -45, 0],
							"uv": {
								"north": {"uv": [9, 4], "uv_size": [0.25, 0.625]},
								"east": {"uv": [9, 4.75], "uv_size": [0.25, 0.625]},
								"south": {"uv": [9, 5.5], "uv_size": [0.25, 0.625]},
								"west": {"uv": [9, 6.25], "uv_size": [0.25, 0.625]},
								"up": {"uv": [9.5, 4.5], "uv_size": [-0.25, -0.25]},
								"down": {"uv": [9.5, 4.75], "uv_size": [-0.25, -0.25]}
							}
						},
						{
							"origin": [-8.83671, 0.56484, -7.43798],
							"size": [1, 2.51953, 1],
							"pivot": [-4.31138, 4.78359, 1.32999],
							"rotation": [0, -45, 0],
							"uv": {
								"north": {"uv": [9, 4], "uv_size": [0.25, 0.625]},
								"east": {"uv": [9, 4.75], "uv_size": [0.25, 0.625]},
								"south": {"uv": [9, 5.5], "uv_size": [0.25, 0.625]},
								"west": {"uv": [9, 6.25], "uv_size": [0.25, 0.625]},
								"up": {"uv": [9.5, 4.5], "uv_size": [-0.25, -0.25]},
								"down": {"uv": [9.5, 4.75], "uv_size": [-0.25, -0.25]}
							}
						},
						{
							"origin": [-8.83671, 3.26484, -7.43798],
							"size": [1, 0.2, 1],
							"pivot": [-4.31138, 4.78359, 1.32999],
							"rotation": [0, -45, 0],
							"uv": {
								"north": {"uv": [9.25, 8], "uv_size": [0.25, 0.0625]},
								"east": {"uv": [8.25, 9.25], "uv_size": [0.25, 0.0625]},
								"south": {"uv": [9.25, 8.25], "uv_size": [0.25, 0.0625]},
								"west": {"uv": [8.5, 9.25], "uv_size": [0.25, 0.0625]},
								"up": {"uv": [9.5, 6], "uv_size": [-0.25, -0.25]},
								"down": {"uv": [6.25, 9.5], "uv_size": [-0.25, -0.25]}
							}
						},
						{
							"origin": [-8.75077, 3.08438, -7.35204],
							"size": [0.82813, 0.20313, 0.82813],
							"pivot": [-4.31138, 4.78359, 1.32999],
							"rotation": [0, -45, 0],
							"uv": {
								"north": {"uv": [9.25, 8.5], "uv_size": [0.1875, 0.0625]},
								"east": {"uv": [8.75, 9.25], "uv_size": [0.1875, 0.0625]},
								"south": {"uv": [9.25, 8.75], "uv_size": [0.1875, 0.0625]},
								"west": {"uv": [9, 9.25], "uv_size": [0.1875, 0.0625]},
								"up": {"uv": [9.4375, 6.9375], "uv_size": [-0.1875, -0.1875]},
								"down": {"uv": [7.1875, 9.4375], "uv_size": [-0.1875, -0.1875]}
							}
						},
						{
							"origin": [-7.59927, 0.56484, -6.20054],
							"size": [1, 2.51953, 1],
							"pivot": [-4.31138, 4.78359, 1.32999],
							"rotation": [0, -45, 0],
							"uv": {
								"north": {"uv": [9, 4], "uv_size": [0.25, 0.625]},
								"east": {"uv": [9, 4.75], "uv_size": [0.25, 0.625]},
								"south": {"uv": [9, 5.5], "uv_size": [0.25, 0.625]},
								"west": {"uv": [9, 6.25], "uv_size": [0.25, 0.625]},
								"up": {"uv": [9.5, 4.5], "uv_size": [-0.25, -0.25]},
								"down": {"uv": [9.5, 4.75], "uv_size": [-0.25, -0.25]}
							}
						},
						{
							"origin": [-7.59927, 3.26484, -6.20054],
							"size": [1, 0.2, 1],
							"pivot": [-4.31138, 4.78359, 1.32999],
							"rotation": [0, -45, 0],
							"uv": {
								"north": {"uv": [9.25, 8], "uv_size": [0.25, 0.0625]},
								"east": {"uv": [8.25, 9.25], "uv_size": [0.25, 0.0625]},
								"south": {"uv": [9.25, 8.25], "uv_size": [0.25, 0.0625]},
								"west": {"uv": [8.5, 9.25], "uv_size": [0.25, 0.0625]},
								"up": {"uv": [9.5, 6], "uv_size": [-0.25, -0.25]},
								"down": {"uv": [6.25, 9.5], "uv_size": [-0.25, -0.25]}
							}
						},
						{
							"origin": [-7.51333, 3.08438, -6.1146],
							"size": [0.82813, 0.20313, 0.82813],
							"pivot": [-4.31138, 4.78359, 1.32999],
							"rotation": [0, -45, 0],
							"uv": {
								"north": {"uv": [9.25, 8.5], "uv_size": [0.1875, 0.0625]},
								"east": {"uv": [8.75, 9.25], "uv_size": [0.1875, 0.0625]},
								"south": {"uv": [9.25, 8.75], "uv_size": [0.1875, 0.0625]},
								"west": {"uv": [9, 9.25], "uv_size": [0.1875, 0.0625]},
								"up": {"uv": [9.4375, 6.9375], "uv_size": [-0.1875, -0.1875]},
								"down": {"uv": [7.1875, 9.4375], "uv_size": [-0.1875, -0.1875]}
							}
						},
						{
							"origin": [-6.36183, 0.56484, -4.9631],
							"size": [1, 2.51953, 1],
							"pivot": [-4.31138, 4.78359, 1.32999],
							"rotation": [0, -45, 0],
							"uv": {
								"north": {"uv": [9, 4], "uv_size": [0.25, 0.625]},
								"east": {"uv": [9, 4.75], "uv_size": [0.25, 0.625]},
								"south": {"uv": [9, 5.5], "uv_size": [0.25, 0.625]},
								"west": {"uv": [9, 6.25], "uv_size": [0.25, 0.625]},
								"up": {"uv": [9.5, 4.5], "uv_size": [-0.25, -0.25]},
								"down": {"uv": [9.5, 4.75], "uv_size": [-0.25, -0.25]}
							}
						},
						{
							"origin": [-6.36183, 3.26484, -4.9631],
							"size": [1, 0.2, 1],
							"pivot": [-4.31138, 4.78359, 1.32999],
							"rotation": [0, -45, 0],
							"uv": {
								"north": {"uv": [9.25, 8], "uv_size": [0.25, 0.0625]},
								"east": {"uv": [8.25, 9.25], "uv_size": [0.25, 0.0625]},
								"south": {"uv": [9.25, 8.25], "uv_size": [0.25, 0.0625]},
								"west": {"uv": [8.5, 9.25], "uv_size": [0.25, 0.0625]},
								"up": {"uv": [9.5, 6], "uv_size": [-0.25, -0.25]},
								"down": {"uv": [6.25, 9.5], "uv_size": [-0.25, -0.25]}
							}
						},
						{
							"origin": [-6.2759, 3.08438, -4.87717],
							"size": [0.82813, 0.20313, 0.82813],
							"pivot": [-4.31138, 4.78359, 1.32999],
							"rotation": [0, -45, 0],
							"uv": {
								"north": {"uv": [9.25, 8.5], "uv_size": [0.1875, 0.0625]},
								"east": {"uv": [8.75, 9.25], "uv_size": [0.1875, 0.0625]},
								"south": {"uv": [9.25, 8.75], "uv_size": [0.1875, 0.0625]},
								"west": {"uv": [9, 9.25], "uv_size": [0.1875, 0.0625]},
								"up": {"uv": [9.4375, 6.9375], "uv_size": [-0.1875, -0.1875]},
								"down": {"uv": [7.1875, 9.4375], "uv_size": [-0.1875, -0.1875]}
							}
						},
						{
							"origin": [-5.1244, 0.56484, -3.72567],
							"size": [1, 2.51953, 1],
							"pivot": [-4.31138, 4.78359, 1.32999],
							"rotation": [0, -45, 0],
							"uv": {
								"north": {"uv": [9, 4], "uv_size": [0.25, 0.625]},
								"east": {"uv": [9, 4.75], "uv_size": [0.25, 0.625]},
								"south": {"uv": [9, 5.5], "uv_size": [0.25, 0.625]},
								"west": {"uv": [9, 6.25], "uv_size": [0.25, 0.625]},
								"up": {"uv": [9.5, 4.5], "uv_size": [-0.25, -0.25]},
								"down": {"uv": [9.5, 4.75], "uv_size": [-0.25, -0.25]}
							}
						},
						{
							"origin": [-5.1244, 3.26484, -3.72567],
							"size": [1, 0.2, 1],
							"pivot": [-4.31138, 4.78359, 1.32999],
							"rotation": [0, -45, 0],
							"uv": {
								"north": {"uv": [9.25, 8], "uv_size": [0.25, 0.0625]},
								"east": {"uv": [8.25, 9.25], "uv_size": [0.25, 0.0625]},
								"south": {"uv": [9.25, 8.25], "uv_size": [0.25, 0.0625]},
								"west": {"uv": [8.5, 9.25], "uv_size": [0.25, 0.0625]},
								"up": {"uv": [9.5, 6], "uv_size": [-0.25, -0.25]},
								"down": {"uv": [6.25, 9.5], "uv_size": [-0.25, -0.25]}
							}
						},
						{
							"origin": [-5.03846, 3.08438, -3.63973],
							"size": [0.82813, 0.20313, 0.82813],
							"pivot": [-4.31138, 4.78359, 1.32999],
							"rotation": [0, -45, 0],
							"uv": {
								"north": {"uv": [9.25, 8.5], "uv_size": [0.1875, 0.0625]},
								"east": {"uv": [8.75, 9.25], "uv_size": [0.1875, 0.0625]},
								"south": {"uv": [9.25, 8.75], "uv_size": [0.1875, 0.0625]},
								"west": {"uv": [9, 9.25], "uv_size": [0.1875, 0.0625]},
								"up": {"uv": [9.4375, 6.9375], "uv_size": [-0.1875, -0.1875]},
								"down": {"uv": [7.1875, 9.4375], "uv_size": [-0.1875, -0.1875]}
							}
						},
						{
							"origin": [-3.80102, 3.08438, -2.40229],
							"size": [0.82813, 0.20313, 0.82813],
							"pivot": [-4.31138, 4.78359, 1.32999],
							"rotation": [0, -45, 0],
							"uv": {
								"north": {"uv": [9.25, 8.5], "uv_size": [0.1875, 0.0625]},
								"east": {"uv": [8.75, 9.25], "uv_size": [0.1875, 0.0625]},
								"south": {"uv": [9.25, 8.75], "uv_size": [0.1875, 0.0625]},
								"west": {"uv": [9, 9.25], "uv_size": [0.1875, 0.0625]},
								"up": {"uv": [9.4375, 6.9375], "uv_size": [-0.1875, -0.1875]},
								"down": {"uv": [7.1875, 9.4375], "uv_size": [-0.1875, -0.1875]}
							}
						},
						{
							"origin": [-3.88696, 3.26484, -2.48823],
							"size": [1, 0.2, 1],
							"pivot": [-4.31138, 4.78359, 1.32999],
							"rotation": [0, -45, 0],
							"uv": {
								"north": {"uv": [9.25, 8], "uv_size": [0.25, 0.0625]},
								"east": {"uv": [8.25, 9.25], "uv_size": [0.25, 0.0625]},
								"south": {"uv": [9.25, 8.25], "uv_size": [0.25, 0.0625]},
								"west": {"uv": [8.5, 9.25], "uv_size": [0.25, 0.0625]},
								"up": {"uv": [9.5, 6], "uv_size": [-0.25, -0.25]},
								"down": {"uv": [6.25, 9.5], "uv_size": [-0.25, -0.25]}
							}
						},
						{
							"origin": [-3.88696, 0.56484, -2.48823],
							"size": [1, 2.51953, 1],
							"pivot": [-4.31138, 4.78359, 1.32999],
							"rotation": [0, -45, 0],
							"uv": {
								"north": {"uv": [9, 4], "uv_size": [0.25, 0.625]},
								"east": {"uv": [9, 4.75], "uv_size": [0.25, 0.625]},
								"south": {"uv": [9, 5.5], "uv_size": [0.25, 0.625]},
								"west": {"uv": [9, 6.25], "uv_size": [0.25, 0.625]},
								"up": {"uv": [9.5, 4.5], "uv_size": [-0.25, -0.25]},
								"down": {"uv": [9.5, 4.75], "uv_size": [-0.25, -0.25]}
							}
						},
						{
							"origin": [-0.17465, 0.56484, -6.20054],
							"size": [1, 2.51953, 1],
							"pivot": [-4.31138, 4.78359, 1.32999],
							"rotation": [0, -45, 0],
							"uv": {
								"north": {"uv": [9, 4], "uv_size": [0.25, 0.625]},
								"east": {"uv": [9, 4.75], "uv_size": [0.25, 0.625]},
								"south": {"uv": [9, 5.5], "uv_size": [0.25, 0.625]},
								"west": {"uv": [9, 6.25], "uv_size": [0.25, 0.625]},
								"up": {"uv": [9.5, 4.5], "uv_size": [-0.25, -0.25]},
								"down": {"uv": [9.5, 4.75], "uv_size": [-0.25, -0.25]}
							}
						},
						{
							"origin": [-0.17465, 3.26484, -6.20054],
							"size": [1, 0.2, 1],
							"pivot": [-4.31138, 4.78359, 1.32999],
							"rotation": [0, -45, 0],
							"uv": {
								"north": {"uv": [9.25, 8], "uv_size": [0.25, 0.0625]},
								"east": {"uv": [8.25, 9.25], "uv_size": [0.25, 0.0625]},
								"south": {"uv": [9.25, 8.25], "uv_size": [0.25, 0.0625]},
								"west": {"uv": [8.5, 9.25], "uv_size": [0.25, 0.0625]},
								"up": {"uv": [9.5, 6], "uv_size": [-0.25, -0.25]},
								"down": {"uv": [6.25, 9.5], "uv_size": [-0.25, -0.25]}
							}
						},
						{
							"origin": [-0.08871, 3.08438, -6.1146],
							"size": [0.82813, 0.20313, 0.82813],
							"pivot": [-4.31138, 4.78359, 1.32999],
							"rotation": [0, -45, 0],
							"uv": {
								"north": {"uv": [9.25, 8.5], "uv_size": [0.1875, 0.0625]},
								"east": {"uv": [8.75, 9.25], "uv_size": [0.1875, 0.0625]},
								"south": {"uv": [9.25, 8.75], "uv_size": [0.1875, 0.0625]},
								"west": {"uv": [9, 9.25], "uv_size": [0.1875, 0.0625]},
								"up": {"uv": [9.4375, 6.9375], "uv_size": [-0.1875, -0.1875]},
								"down": {"uv": [7.1875, 9.4375], "uv_size": [-0.1875, -0.1875]}
							}
						},
						{
							"origin": [-1.32615, 3.08438, -7.35204],
							"size": [0.82813, 0.20313, 0.82813],
							"pivot": [-4.31138, 4.78359, 1.32999],
							"rotation": [0, -45, 0],
							"uv": {
								"north": {"uv": [9.25, 8.5], "uv_size": [0.1875, 0.0625]},
								"east": {"uv": [8.75, 9.25], "uv_size": [0.1875, 0.0625]},
								"south": {"uv": [9.25, 8.75], "uv_size": [0.1875, 0.0625]},
								"west": {"uv": [9, 9.25], "uv_size": [0.1875, 0.0625]},
								"up": {"uv": [9.4375, 6.9375], "uv_size": [-0.1875, -0.1875]},
								"down": {"uv": [7.1875, 9.4375], "uv_size": [-0.1875, -0.1875]}
							}
						},
						{
							"origin": [-1.41209, 3.26484, -7.43798],
							"size": [1, 0.2, 1],
							"pivot": [-4.31138, 4.78359, 1.32999],
							"rotation": [0, -45, 0],
							"uv": {
								"north": {"uv": [9.25, 8], "uv_size": [0.25, 0.0625]},
								"east": {"uv": [8.25, 9.25], "uv_size": [0.25, 0.0625]},
								"south": {"uv": [9.25, 8.25], "uv_size": [0.25, 0.0625]},
								"west": {"uv": [8.5, 9.25], "uv_size": [0.25, 0.0625]},
								"up": {"uv": [9.5, 6], "uv_size": [-0.25, -0.25]},
								"down": {"uv": [6.25, 9.5], "uv_size": [-0.25, -0.25]}
							}
						},
						{
							"origin": [-1.41209, 0.56484, -7.43798],
							"size": [1, 2.51953, 1],
							"pivot": [-4.31138, 4.78359, 1.32999],
							"rotation": [0, -45, 0],
							"uv": {
								"north": {"uv": [9, 4], "uv_size": [0.25, 0.625]},
								"east": {"uv": [9, 4.75], "uv_size": [0.25, 0.625]},
								"south": {"uv": [9, 5.5], "uv_size": [0.25, 0.625]},
								"west": {"uv": [9, 6.25], "uv_size": [0.25, 0.625]},
								"up": {"uv": [9.5, 4.5], "uv_size": [-0.25, -0.25]},
								"down": {"uv": [9.5, 4.75], "uv_size": [-0.25, -0.25]}
							}
						},
						{
							"origin": [-2.56358, 3.08438, -8.58948],
							"size": [0.82813, 0.20313, 0.82813],
							"pivot": [-4.31138, 4.78359, 1.32999],
							"rotation": [0, -45, 0],
							"uv": {
								"north": {"uv": [9.25, 8.5], "uv_size": [0.1875, 0.0625]},
								"east": {"uv": [8.75, 9.25], "uv_size": [0.1875, 0.0625]},
								"south": {"uv": [9.25, 8.75], "uv_size": [0.1875, 0.0625]},
								"west": {"uv": [9, 9.25], "uv_size": [0.1875, 0.0625]},
								"up": {"uv": [9.4375, 6.9375], "uv_size": [-0.1875, -0.1875]},
								"down": {"uv": [7.1875, 9.4375], "uv_size": [-0.1875, -0.1875]}
							}
						},
						{
							"origin": [-2.64952, 3.26484, -8.67541],
							"size": [1, 0.2, 1],
							"pivot": [-4.31138, 4.78359, 1.32999],
							"rotation": [0, -45, 0],
							"uv": {
								"north": {"uv": [9.25, 8], "uv_size": [0.25, 0.0625]},
								"east": {"uv": [8.25, 9.25], "uv_size": [0.25, 0.0625]},
								"south": {"uv": [9.25, 8.25], "uv_size": [0.25, 0.0625]},
								"west": {"uv": [8.5, 9.25], "uv_size": [0.25, 0.0625]},
								"up": {"uv": [9.5, 6], "uv_size": [-0.25, -0.25]},
								"down": {"uv": [6.25, 9.5], "uv_size": [-0.25, -0.25]}
							}
						},
						{
							"origin": [-2.64952, 0.56484, -8.67541],
							"size": [1, 2.51953, 1],
							"pivot": [-4.31138, 4.78359, 1.32999],
							"rotation": [0, -45, 0],
							"uv": {
								"north": {"uv": [9, 4], "uv_size": [0.25, 0.625]},
								"east": {"uv": [9, 4.75], "uv_size": [0.25, 0.625]},
								"south": {"uv": [9, 5.5], "uv_size": [0.25, 0.625]},
								"west": {"uv": [9, 6.25], "uv_size": [0.25, 0.625]},
								"up": {"uv": [9.5, 4.5], "uv_size": [-0.25, -0.25]},
								"down": {"uv": [9.5, 4.75], "uv_size": [-0.25, -0.25]}
							}
						},
						{
							"origin": [-3.80102, 3.08438, -9.82691],
							"size": [0.82813, 0.20313, 0.82813],
							"pivot": [-4.31138, 4.78359, 1.32999],
							"rotation": [0, -45, 0],
							"uv": {
								"north": {"uv": [9.25, 8.5], "uv_size": [0.1875, 0.0625]},
								"east": {"uv": [8.75, 9.25], "uv_size": [0.1875, 0.0625]},
								"south": {"uv": [9.25, 8.75], "uv_size": [0.1875, 0.0625]},
								"west": {"uv": [9, 9.25], "uv_size": [0.1875, 0.0625]},
								"up": {"uv": [9.4375, 6.9375], "uv_size": [-0.1875, -0.1875]},
								"down": {"uv": [7.1875, 9.4375], "uv_size": [-0.1875, -0.1875]}
							}
						},
						{
							"origin": [-3.88696, 3.26484, -9.91285],
							"size": [1, 0.2, 1],
							"pivot": [-4.31138, 4.78359, 1.32999],
							"rotation": [0, -45, 0],
							"uv": {
								"north": {"uv": [9.25, 8], "uv_size": [0.25, 0.0625]},
								"east": {"uv": [8.25, 9.25], "uv_size": [0.25, 0.0625]},
								"south": {"uv": [9.25, 8.25], "uv_size": [0.25, 0.0625]},
								"west": {"uv": [8.5, 9.25], "uv_size": [0.25, 0.0625]},
								"up": {"uv": [9.5, 6], "uv_size": [-0.25, -0.25]},
								"down": {"uv": [6.25, 9.5], "uv_size": [-0.25, -0.25]}
							}
						},
						{
							"origin": [-3.88696, 0.56484, -9.91285],
							"size": [1, 2.51953, 1],
							"pivot": [-4.31138, 4.78359, 1.32999],
							"rotation": [0, -45, 0],
							"uv": {
								"north": {"uv": [9, 4], "uv_size": [0.25, 0.625]},
								"east": {"uv": [9, 4.75], "uv_size": [0.25, 0.625]},
								"south": {"uv": [9, 5.5], "uv_size": [0.25, 0.625]},
								"west": {"uv": [9, 6.25], "uv_size": [0.25, 0.625]},
								"up": {"uv": [9.5, 4.5], "uv_size": [-0.25, -0.25]},
								"down": {"uv": [9.5, 4.75], "uv_size": [-0.25, -0.25]}
							}
						},
						{
							"origin": [-5.03846, 3.08438, -11.06435],
							"size": [0.82813, 0.20313, 0.82813],
							"pivot": [-4.31138, 4.78359, 1.32999],
							"rotation": [0, -45, 0],
							"uv": {
								"north": {"uv": [9.25, 8.5], "uv_size": [0.1875, 0.0625]},
								"east": {"uv": [8.75, 9.25], "uv_size": [0.1875, 0.0625]},
								"south": {"uv": [9.25, 8.75], "uv_size": [0.1875, 0.0625]},
								"west": {"uv": [9, 9.25], "uv_size": [0.1875, 0.0625]},
								"up": {"uv": [9.4375, 6.9375], "uv_size": [-0.1875, -0.1875]},
								"down": {"uv": [7.1875, 9.4375], "uv_size": [-0.1875, -0.1875]}
							}
						},
						{
							"origin": [-5.1244, 3.26484, -11.15029],
							"size": [1, 0.2, 1],
							"pivot": [-4.31138, 4.78359, 1.32999],
							"rotation": [0, -45, 0],
							"uv": {
								"north": {"uv": [9.25, 8], "uv_size": [0.25, 0.0625]},
								"east": {"uv": [8.25, 9.25], "uv_size": [0.25, 0.0625]},
								"south": {"uv": [9.25, 8.25], "uv_size": [0.25, 0.0625]},
								"west": {"uv": [8.5, 9.25], "uv_size": [0.25, 0.0625]},
								"up": {"uv": [9.5, 6], "uv_size": [-0.25, -0.25]},
								"down": {"uv": [6.25, 9.5], "uv_size": [-0.25, -0.25]}
							}
						},
						{
							"origin": [-5.1244, 0.56484, -11.15029],
							"size": [1, 2.51953, 1],
							"pivot": [-4.31138, 4.78359, 1.32999],
							"rotation": [0, -45, 0],
							"uv": {
								"north": {"uv": [9, 4], "uv_size": [0.25, 0.625]},
								"east": {"uv": [9, 4.75], "uv_size": [0.25, 0.625]},
								"south": {"uv": [9, 5.5], "uv_size": [0.25, 0.625]},
								"west": {"uv": [9, 6.25], "uv_size": [0.25, 0.625]},
								"up": {"uv": [9.5, 4.5], "uv_size": [-0.25, -0.25]},
								"down": {"uv": [9.5, 4.75], "uv_size": [-0.25, -0.25]}
							}
						},
						{
							"origin": [-6.36183, 0.56484, -9.91285],
							"size": [1, 2.51953, 1],
							"pivot": [-4.31138, 4.78359, 1.32999],
							"rotation": [0, -45, 0],
							"uv": {
								"north": {"uv": [9, 4], "uv_size": [0.25, 0.625]},
								"east": {"uv": [9, 4.75], "uv_size": [0.25, 0.625]},
								"south": {"uv": [9, 5.5], "uv_size": [0.25, 0.625]},
								"west": {"uv": [9, 6.25], "uv_size": [0.25, 0.625]},
								"up": {"uv": [9.5, 4.5], "uv_size": [-0.25, -0.25]},
								"down": {"uv": [9.5, 4.75], "uv_size": [-0.25, -0.25]}
							}
						},
						{
							"origin": [-6.36183, 3.26484, -9.91285],
							"size": [1, 0.2, 1],
							"pivot": [-4.31138, 4.78359, 1.32999],
							"rotation": [0, -45, 0],
							"uv": {
								"north": {"uv": [9.25, 8], "uv_size": [0.25, 0.0625]},
								"east": {"uv": [8.25, 9.25], "uv_size": [0.25, 0.0625]},
								"south": {"uv": [9.25, 8.25], "uv_size": [0.25, 0.0625]},
								"west": {"uv": [8.5, 9.25], "uv_size": [0.25, 0.0625]},
								"up": {"uv": [9.5, 6], "uv_size": [-0.25, -0.25]},
								"down": {"uv": [6.25, 9.5], "uv_size": [-0.25, -0.25]}
							}
						},
						{
							"origin": [-6.2759, 3.08438, -9.82691],
							"size": [0.82813, 0.20313, 0.82813],
							"pivot": [-4.31138, 4.78359, 1.32999],
							"rotation": [0, -45, 0],
							"uv": {
								"north": {"uv": [9.25, 8.5], "uv_size": [0.1875, 0.0625]},
								"east": {"uv": [8.75, 9.25], "uv_size": [0.1875, 0.0625]},
								"south": {"uv": [9.25, 8.75], "uv_size": [0.1875, 0.0625]},
								"west": {"uv": [9, 9.25], "uv_size": [0.1875, 0.0625]},
								"up": {"uv": [9.4375, 6.9375], "uv_size": [-0.1875, -0.1875]},
								"down": {"uv": [7.1875, 9.4375], "uv_size": [-0.1875, -0.1875]}
							}
						},
						{
							"origin": [-5.1244, 0.56484, -8.67541],
							"size": [1, 2.51953, 1],
							"pivot": [-4.31138, 4.78359, 1.32999],
							"rotation": [0, -45, 0],
							"uv": {
								"north": {"uv": [9, 4], "uv_size": [0.25, 0.625]},
								"east": {"uv": [9, 4.75], "uv_size": [0.25, 0.625]},
								"south": {"uv": [9, 5.5], "uv_size": [0.25, 0.625]},
								"west": {"uv": [9, 6.25], "uv_size": [0.25, 0.625]},
								"up": {"uv": [9.5, 4.5], "uv_size": [-0.25, -0.25]},
								"down": {"uv": [9.5, 4.75], "uv_size": [-0.25, -0.25]}
							}
						},
						{
							"origin": [-5.1244, 3.26484, -8.67541],
							"size": [1, 0.2, 1],
							"pivot": [-4.31138, 4.78359, 1.32999],
							"rotation": [0, -45, 0],
							"uv": {
								"north": {"uv": [9.25, 8], "uv_size": [0.25, 0.0625]},
								"east": {"uv": [8.25, 9.25], "uv_size": [0.25, 0.0625]},
								"south": {"uv": [9.25, 8.25], "uv_size": [0.25, 0.0625]},
								"west": {"uv": [8.5, 9.25], "uv_size": [0.25, 0.0625]},
								"up": {"uv": [9.5, 6], "uv_size": [-0.25, -0.25]},
								"down": {"uv": [6.25, 9.5], "uv_size": [-0.25, -0.25]}
							}
						},
						{
							"origin": [-5.03846, 3.08438, -8.58948],
							"size": [0.82813, 0.20313, 0.82813],
							"pivot": [-4.31138, 4.78359, 1.32999],
							"rotation": [0, -45, 0],
							"uv": {
								"north": {"uv": [9.25, 8.5], "uv_size": [0.1875, 0.0625]},
								"east": {"uv": [8.75, 9.25], "uv_size": [0.1875, 0.0625]},
								"south": {"uv": [9.25, 8.75], "uv_size": [0.1875, 0.0625]},
								"west": {"uv": [9, 9.25], "uv_size": [0.1875, 0.0625]},
								"up": {"uv": [9.4375, 6.9375], "uv_size": [-0.1875, -0.1875]},
								"down": {"uv": [7.1875, 9.4375], "uv_size": [-0.1875, -0.1875]}
							}
						},
						{
							"origin": [-3.88696, 0.56484, -7.43798],
							"size": [1, 2.51953, 1],
							"pivot": [-4.31138, 4.78359, 1.32999],
							"rotation": [0, -45, 0],
							"uv": {
								"north": {"uv": [9, 4], "uv_size": [0.25, 0.625]},
								"east": {"uv": [9, 4.75], "uv_size": [0.25, 0.625]},
								"south": {"uv": [9, 5.5], "uv_size": [0.25, 0.625]},
								"west": {"uv": [9, 6.25], "uv_size": [0.25, 0.625]},
								"up": {"uv": [9.5, 4.5], "uv_size": [-0.25, -0.25]},
								"down": {"uv": [9.5, 4.75], "uv_size": [-0.25, -0.25]}
							}
						},
						{
							"origin": [-3.88696, 3.26484, -7.43798],
							"size": [1, 0.2, 1],
							"pivot": [-4.31138, 4.78359, 1.32999],
							"rotation": [0, -45, 0],
							"uv": {
								"north": {"uv": [9.25, 8], "uv_size": [0.25, 0.0625]},
								"east": {"uv": [8.25, 9.25], "uv_size": [0.25, 0.0625]},
								"south": {"uv": [9.25, 8.25], "uv_size": [0.25, 0.0625]},
								"west": {"uv": [8.5, 9.25], "uv_size": [0.25, 0.0625]},
								"up": {"uv": [9.5, 6], "uv_size": [-0.25, -0.25]},
								"down": {"uv": [6.25, 9.5], "uv_size": [-0.25, -0.25]}
							}
						},
						{
							"origin": [-3.80102, 3.08438, -7.35204],
							"size": [0.82813, 0.20313, 0.82813],
							"pivot": [-4.31138, 4.78359, 1.32999],
							"rotation": [0, -45, 0],
							"uv": {
								"north": {"uv": [9.25, 8.5], "uv_size": [0.1875, 0.0625]},
								"east": {"uv": [8.75, 9.25], "uv_size": [0.1875, 0.0625]},
								"south": {"uv": [9.25, 8.75], "uv_size": [0.1875, 0.0625]},
								"west": {"uv": [9, 9.25], "uv_size": [0.1875, 0.0625]},
								"up": {"uv": [9.4375, 6.9375], "uv_size": [-0.1875, -0.1875]},
								"down": {"uv": [7.1875, 9.4375], "uv_size": [-0.1875, -0.1875]}
							}
						},
						{
							"origin": [-2.64952, 0.56484, -6.20054],
							"size": [1, 2.51953, 1],
							"pivot": [-4.31138, 4.78359, 1.32999],
							"rotation": [0, -45, 0],
							"uv": {
								"north": {"uv": [9, 4], "uv_size": [0.25, 0.625]},
								"east": {"uv": [9, 4.75], "uv_size": [0.25, 0.625]},
								"south": {"uv": [9, 5.5], "uv_size": [0.25, 0.625]},
								"west": {"uv": [9, 6.25], "uv_size": [0.25, 0.625]},
								"up": {"uv": [9.5, 4.5], "uv_size": [-0.25, -0.25]},
								"down": {"uv": [9.5, 4.75], "uv_size": [-0.25, -0.25]}
							}
						},
						{
							"origin": [-2.64952, 3.26484, -6.20054],
							"size": [1, 0.2, 1],
							"pivot": [-4.31138, 4.78359, 1.32999],
							"rotation": [0, -45, 0],
							"uv": {
								"north": {"uv": [9.25, 8], "uv_size": [0.25, 0.0625]},
								"east": {"uv": [8.25, 9.25], "uv_size": [0.25, 0.0625]},
								"south": {"uv": [9.25, 8.25], "uv_size": [0.25, 0.0625]},
								"west": {"uv": [8.5, 9.25], "uv_size": [0.25, 0.0625]},
								"up": {"uv": [9.5, 6], "uv_size": [-0.25, -0.25]},
								"down": {"uv": [6.25, 9.5], "uv_size": [-0.25, -0.25]}
							}
						},
						{
							"origin": [-2.56358, 3.08438, -6.1146],
							"size": [0.82813, 0.20313, 0.82813],
							"pivot": [-4.31138, 4.78359, 1.32999],
							"rotation": [0, -45, 0],
							"uv": {
								"north": {"uv": [9.25, 8.5], "uv_size": [0.1875, 0.0625]},
								"east": {"uv": [8.75, 9.25], "uv_size": [0.1875, 0.0625]},
								"south": {"uv": [9.25, 8.75], "uv_size": [0.1875, 0.0625]},
								"west": {"uv": [9, 9.25], "uv_size": [0.1875, 0.0625]},
								"up": {"uv": [9.4375, 6.9375], "uv_size": [-0.1875, -0.1875]},
								"down": {"uv": [7.1875, 9.4375], "uv_size": [-0.1875, -0.1875]}
							}
						},
						{
							"origin": [-1.32615, 3.08438, -4.87717],
							"size": [0.82813, 0.20313, 0.82813],
							"pivot": [-4.31138, 4.78359, 1.32999],
							"rotation": [0, -45, 0],
							"uv": {
								"north": {"uv": [9.25, 8.5], "uv_size": [0.1875, 0.0625]},
								"east": {"uv": [8.75, 9.25], "uv_size": [0.1875, 0.0625]},
								"south": {"uv": [9.25, 8.75], "uv_size": [0.1875, 0.0625]},
								"west": {"uv": [9, 9.25], "uv_size": [0.1875, 0.0625]},
								"up": {"uv": [9.4375, 6.9375], "uv_size": [-0.1875, -0.1875]},
								"down": {"uv": [7.1875, 9.4375], "uv_size": [-0.1875, -0.1875]}
							}
						},
						{
							"origin": [-1.41209, 3.26484, -4.9631],
							"size": [1, 0.2, 1],
							"pivot": [-4.31138, 4.78359, 1.32999],
							"rotation": [0, -45, 0],
							"uv": {
								"north": {"uv": [9.25, 8], "uv_size": [0.25, 0.0625]},
								"east": {"uv": [8.25, 9.25], "uv_size": [0.25, 0.0625]},
								"south": {"uv": [9.25, 8.25], "uv_size": [0.25, 0.0625]},
								"west": {"uv": [8.5, 9.25], "uv_size": [0.25, 0.0625]},
								"up": {"uv": [9.5, 6], "uv_size": [-0.25, -0.25]},
								"down": {"uv": [6.25, 9.5], "uv_size": [-0.25, -0.25]}
							}
						},
						{
							"origin": [-1.41209, 0.56484, -4.9631],
							"size": [1, 2.51953, 1],
							"pivot": [-4.31138, 4.78359, 1.32999],
							"rotation": [0, -45, 0],
							"uv": {
								"north": {"uv": [9, 4], "uv_size": [0.25, 0.625]},
								"east": {"uv": [9, 4.75], "uv_size": [0.25, 0.625]},
								"south": {"uv": [9, 5.5], "uv_size": [0.25, 0.625]},
								"west": {"uv": [9, 6.25], "uv_size": [0.25, 0.625]},
								"up": {"uv": [9.5, 4.5], "uv_size": [-0.25, -0.25]},
								"down": {"uv": [9.5, 4.75], "uv_size": [-0.25, -0.25]}
							}
						},
						{
							"origin": [-0.5231, 10.15695, 0.0405],
							"size": [0.89063, 0.25, 0.89063],
							"pivot": [-4.31138, 4.78359, 1.32999],
							"rotation": [-115, 0, 90],
							"uv": {
								"north": {"uv": [9.25, 7.5], "uv_size": [0.25, 0.0625]},
								"east": {"uv": [7.75, 9.25], "uv_size": [0.25, 0.0625]},
								"south": {"uv": [9.25, 7.75], "uv_size": [0.25, 0.0625]},
								"west": {"uv": [8, 9.25], "uv_size": [0.25, 0.0625]},
								"up": {"uv": [9.5, 5.75], "uv_size": [-0.25, -0.25]},
								"down": {"uv": [6, 9.5], "uv_size": [-0.25, -0.25]}
							}
						},
						{
							"origin": [-0.57778, 10.40695, -0.01419],
							"size": [1, 0.2, 1],
							"pivot": [-4.31138, 4.78359, 1.32999],
							"rotation": [-115, 0, 90],
							"uv": {
								"north": {"uv": [9.25, 7], "uv_size": [0.25, 0.0625]},
								"east": {"uv": [7.25, 9.25], "uv_size": [0.25, 0.0625]},
								"south": {"uv": [9.25, 7.25], "uv_size": [0.25, 0.0625]},
								"west": {"uv": [7.5, 9.25], "uv_size": [0.25, 0.0625]},
								"up": {"uv": [9.5, 5.5], "uv_size": [-0.25, -0.25]},
								"down": {"uv": [5.75, 9.5], "uv_size": [-0.25, -0.25]}
							}
						},
						{
							"origin": [-0.47778, 7.60695, 0.08581],
							"size": [0.8, 1, 0.8],
							"pivot": [-4.31138, 4.78359, 1.32999],
							"rotation": [-115, 0, 90],
							"uv": {
								"north": {"uv": [9.25, 6], "uv_size": [0.1875, 0.25]},
								"east": {"uv": [6.25, 9.25], "uv_size": [0.1875, 0.25]},
								"south": {"uv": [9.25, 6.25], "uv_size": [0.1875, 0.25]},
								"west": {"uv": [6.5, 9.25], "uv_size": [0.1875, 0.25]},
								"up": {"uv": [9.4375, 6.6875], "uv_size": [-0.1875, -0.1875]},
								"down": {"uv": [6.9375, 9.4375], "uv_size": [-0.1875, -0.1875]}
							}
						},
						{
							"origin": [-11.44492, 9.125, 3.44452],
							"size": [0.89063, 0.25, 0.89063],
							"pivot": [-4.31138, 4.78359, 1.32999],
							"rotation": [-180, 65, 0],
							"uv": {
								"north": {"uv": [9.25, 7.5], "uv_size": [0.25, 0.0625]},
								"east": {"uv": [7.75, 9.25], "uv_size": [0.25, 0.0625]},
								"south": {"uv": [9.25, 7.75], "uv_size": [0.25, 0.0625]},
								"west": {"uv": [8, 9.25], "uv_size": [0.25, 0.0625]},
								"up": {"uv": [9.5, 5.75], "uv_size": [-0.25, -0.25]},
								"down": {"uv": [6, 9.5], "uv_size": [-0.25, -0.25]}
							}
						},
						{
							"origin": [-11.49961, 9.375, 3.38983],
							"size": [1, 0.2, 1],
							"pivot": [-4.31138, 4.78359, 1.32999],
							"rotation": [-180, 65, 0],
							"uv": {
								"north": {"uv": [9.25, 7], "uv_size": [0.25, 0.0625]},
								"east": {"uv": [7.25, 9.25], "uv_size": [0.25, 0.0625]},
								"south": {"uv": [9.25, 7.25], "uv_size": [0.25, 0.0625]},
								"west": {"uv": [7.5, 9.25], "uv_size": [0.25, 0.0625]},
								"up": {"uv": [9.5, 5.5], "uv_size": [-0.25, -0.25]},
								"down": {"uv": [5.75, 9.5], "uv_size": [-0.25, -0.25]}
							}
						},
						{
							"origin": [-11.39961, 6.575, 3.48983],
							"size": [0.8, 1, 0.8],
							"pivot": [-4.31138, 4.78359, 1.32999],
							"rotation": [-180, 65, 0],
							"uv": {
								"north": {"uv": [9.25, 6], "uv_size": [0.1875, 0.25]},
								"east": {"uv": [6.25, 9.25], "uv_size": [0.1875, 0.25]},
								"south": {"uv": [9.25, 6.25], "uv_size": [0.1875, 0.25]},
								"west": {"uv": [6.5, 9.25], "uv_size": [0.1875, 0.25]},
								"up": {"uv": [9.4375, 6.6875], "uv_size": [-0.1875, -0.1875]},
								"down": {"uv": [6.9375, 9.4375], "uv_size": [-0.1875, -0.1875]}
							}
						},
						{
							"origin": [-11.49961, 7.325, 3.38983],
							"size": [1, 1.9, 1],
							"pivot": [-4.31138, 4.78359, 1.32999],
							"rotation": [-180, 65, 0],
							"uv": {
								"north": {"uv": [0.75, 9.25], "uv_size": [0.25, 0.5]},
								"east": {"uv": [1, 9.25], "uv_size": [0.25, 0.5]},
								"south": {"uv": [1.25, 9.25], "uv_size": [0.25, 0.5]},
								"west": {"uv": [1.5, 9.25], "uv_size": [0.25, 0.5]},
								"up": {"uv": [9.5, 5], "uv_size": [-0.25, -0.25]},
								"down": {"uv": [9.5, 5.25], "uv_size": [-0.25, -0.25]}
							}
						},
						{
							"origin": [-8.89521, 6.25, 12.68915],
							"size": [16.75, 3, 0],
							"pivot": [-4.31138, 4.78359, 1.32999],
							"rotation": [0, 25, 0],
							"uv": {
								"south": {"uv": [1.125, 21.125], "uv_size": [32.6875, 5.5]}
							}
						},
						{
							"origin": [-12.81138, 0.1, -8.36268],
							"size": [3.5, 2, 5.5],
							"pivot": [-4.31138, 4.78359, 1.32999],
							"rotation": [0, 0, 0],
							"uv": {
								"north": {"uv": [9, 0], "uv_size": [0.8125, 0.5]},
								"east": {"uv": [9, 1], "uv_size": [1.4375, 0.5]},
								"south": {"uv": [9, 0.5], "uv_size": [0.8125, 0.5]},
								"west": {"uv": [9, 1.5], "uv_size": [1.4375, 0.5]},
								"up": {"uv": [0, 0], "uv_size": [4.4375, 2.25]},
								"down": {"uv": [0, 4.5], "uv_size": [4.4375, -2.25]}
							}
						},
						{
							"origin": [-11.21138, 0.1, -2.86268],
							"size": [1.9, 2, 1.87734],
							"pivot": [-4.31138, 4.78359, 1.32999],
							"rotation": [0, 0, 0],
							"uv": {
								"north": {"uv": [9, 0], "uv_size": [4.4375, 0.5]},
								"east": {"uv": [9, 1], "uv_size": [2.25, 0.5]},
								"south": {"uv": [9, 0.5], "uv_size": [4.4375, 0.5]},
								"west": {"uv": [9, 1.5], "uv_size": [2.25, 0.5]},
								"up": {"uv": [0, 0], "uv_size": [4.4375, 2.25]},
								"down": {"uv": [0, 4.5], "uv_size": [4.4375, -2.25]}
							}
						},
						{
							"origin": [-12.81138, 0.1, 0.13732],
							"size": [3.5, 2, 0.5],
							"pivot": [-4.31138, 4.78359, 1.32999],
							"rotation": [0, 0, 0],
							"uv": {
								"north": {"uv": [9, 0], "uv_size": [4.4375, 0.5]},
								"east": {"uv": [9, 1], "uv_size": [2.25, 0.5]},
								"south": {"uv": [9, 0.5], "uv_size": [4.4375, 0.5]},
								"west": {"uv": [9, 1.5], "uv_size": [2.25, 0.5]},
								"up": {"uv": [0, 0], "uv_size": [4.4375, 2.25]},
								"down": {"uv": [0, 4.5], "uv_size": [4.4375, -2.25]}
							}
						},
						{
							"origin": [-12.81138, 0.1, -2.86268],
							"size": [0.5, 2, 3],
							"pivot": [-4.31138, 4.78359, 1.32999],
							"rotation": [0, 0, 0],
							"uv": {
								"north": {"uv": [9, 0], "uv_size": [4.4375, 0.5]},
								"east": {"uv": [9, 1], "uv_size": [2.25, 0.5]},
								"south": {"uv": [9, 0.5], "uv_size": [4.4375, 0.5]},
								"west": {"uv": [9, 1.5], "uv_size": [2.25, 0.5]},
								"up": {"uv": [0, 0], "uv_size": [4.4375, 2.25]},
								"down": {"uv": [0, 4.5], "uv_size": [4.4375, -2.25]}
							}
						},
						{
							"origin": [-11.21138, 0.1, -0.98534],
							"size": [0.7, 2, 1.15],
							"pivot": [-4.31138, 4.78359, 1.32999],
							"rotation": [0, 0, 0],
							"uv": {
								"north": {"uv": [9, 0], "uv_size": [4.4375, 0.5]},
								"east": {"uv": [9, 1], "uv_size": [2.25, 0.5]},
								"south": {"uv": [9, 0.5], "uv_size": [4.4375, 0.5]},
								"west": {"uv": [9, 1.5], "uv_size": [2.25, 0.5]},
								"up": {"uv": [0, 0], "uv_size": [4.4375, 2.25]},
								"down": {"uv": [0, 4.5], "uv_size": [4.4375, -2.25]}
							}
						},
						{
							"origin": [-12.32935, 0.1, -1.69393],
							"size": [1.11797, 2, 0.70859],
							"pivot": [-4.31138, 4.78359, 1.32999],
							"rotation": [0, 0, 0],
							"uv": {
								"north": {"uv": [9, 0], "uv_size": [4.4375, 0.5]},
								"east": {"uv": [9, 1], "uv_size": [2.25, 0.5]},
								"south": {"uv": [9, 0.5], "uv_size": [4.4375, 0.5]},
								"west": {"uv": [9, 1.5], "uv_size": [2.25, 0.5]},
								"up": {"uv": [0, 0], "uv_size": [4.4375, 2.25]},
								"down": {"uv": [0, 4.5], "uv_size": [4.4375, -2.25]}
							}
						},
						{
							"origin": [-12.81138, 0.05703, -8.36268],
							"size": [17.75, 0.1, 9],
							"inflate": -0.005,
							"pivot": [-4.31138, 4.78359, 1.32999],
							"rotation": [0, 0, 0],
							"uv": {
								"down": {"uv": [0, 4.5], "uv_size": [4.4375, -2.25]}
							}
						},
						{
							"origin": [-9.24521, 0.35, 8.42352],
							"size": [17.25, 9, 4],
							"pivot": [-4.31138, 4.78359, 1.32999],
							"rotation": [0, 25, 0],
							"uv": {
								"east": {"uv": [17.75, 0], "uv_size": [0.9375, 2.25]},
								"west": {"uv": [17.75, 0], "uv_size": [0.9375, 2.25]}
							}
						}
					]
				},
				{
					"name": "positioning",
					"pivot": [-3.025, -8.95, -11.225]
				},
				{
					"name": "ground",
					"parent": "positioning",
					"pivot": [0, 0, 0]
				},
				{
					"name": "fixed",
					"parent": "positioning",
					"pivot": [0, 6, 0]
				},
				{
					"name": "thirdperson_hand",
					"parent": "positioning",
					"pivot": [-0.025, 1.55, -0.225],
					"rotation": [0, -90, 0]
				}
			]
		}
	]
}