{
	"format_version": "1.12.0",
	"minecraft:geometry": [
		{
			"description": {
				"identifier": "geometry.unknown",
				"texture_width": 64,
				"texture_height": 64,
				"visible_bounds_width": 67,
				"visible_bounds_height": 5,
				"visible_bounds_offset": [0, 0.5, 0]
			},
			"bones": [
				{
					"name": "ocular",
					"pivot": [0, 1.23933, -0.0668],
					"cubes": [
						{
							"origin": [-0.726, 0.51333, -0.30578],
							"size": [1.452, 1.452, 0.47795],
							"uv": {
								"south": {"uv": [22, 15], "uv_size": [6, 6]}
							}
						}
					]
				},
				{
					"name": "ocular_ring",
					"pivot": [0, 2.24495, 0.37938],
					"cubes": [
						{
							"origin": [-0.23898, 2.16799, -0.10006],
							"size": [0.47795, 0.17545, 0.5082],
							"pivot": [0, 2.26363, 0.31553],
							"rotation": [-31.25, 0, 0],
							"uv": {
								"north": {"uv": [55, 3], "uv_size": [2, 1]},
								"east": {"uv": [55, 7], "uv_size": [2, 1]},
								"south": {"uv": [55, 11], "uv_size": [2, 1]},
								"west": {"uv": [55, 15], "uv_size": [2, 1]},
								"up": {"uv": [37, 50], "uv_size": [2, 2]},
								"down": {"uv": [50, 39], "uv_size": [2, -2]}
							}
						},
						{
							"origin": [0.68193, 2.99479, 0.00734],
							"size": [0.26015, 0.78045, 0.25107],
							"pivot": [0, 2.26363, 0.31553],
							"rotation": [37.5, 0, 0],
							"uv": {
								"north": {"uv": [9, 54], "uv_size": [1, 3]},
								"east": {"uv": [54, 9], "uv_size": [1, 3]},
								"south": {"uv": [10, 54], "uv_size": [1, 3]},
								"west": {"uv": [11, 54], "uv_size": [1, 3]}
							}
						},
						{
							"origin": [-0.1109, 2.66644, 0.00744],
							"size": [0.25995, 0.78025, 0.25087],
							"inflate": -0.001,
							"pivot": [0, 2.26363, 0.31553],
							"rotation": [28.48347, -25.49671, 38.42685],
							"uv": {
								"north": {"uv": [12, 54], "uv_size": [1, 3]},
								"east": {"uv": [13, 54], "uv_size": [1, 3]},
								"south": {"uv": [54, 13], "uv_size": [1, 3]},
								"west": {"uv": [14, 54], "uv_size": [1, 3]}
							}
						},
						{
							"origin": [-0.39023, 2.44293, 0.00734],
							"size": [0.78045, 0.26015, 0.25107],
							"pivot": [0, 2.26363, 0.31553],
							"rotation": [37.5, 0, 0],
							"uv": {
								"north": {"uv": [54, 16], "uv_size": [3, 1]},
								"south": {"uv": [54, 17], "uv_size": [3, 1]},
								"up": {"uv": [54, 18], "uv_size": [3, 1]},
								"down": {"uv": [54, 20], "uv_size": [3, -1]}
							}
						},
						{
							"origin": [-0.39023, 4.06695, 0.00734],
							"size": [0.78045, 0.26015, 0.25107],
							"pivot": [0, 2.26363, 0.31553],
							"rotation": [37.5, 0, 0],
							"uv": {
								"north": {"uv": [54, 35], "uv_size": [3, 1]},
								"south": {"uv": [54, 36], "uv_size": [3, 1]},
								"up": {"uv": [54, 43], "uv_size": [3, 1]},
								"down": {"uv": [44, 55], "uv_size": [3, -1]}
							}
						},
						{
							"origin": [1.47497, 2.66644, 0.00744],
							"size": [0.25995, 0.78025, 0.25087],
							"inflate": -0.001,
							"pivot": [0, 2.26363, 0.31553],
							"rotation": [28.48347, 25.49671, -38.42685],
							"uv": {
								"north": {"uv": [54, 44], "uv_size": [1, 3]},
								"east": {"uv": [47, 54], "uv_size": [1, 3]},
								"south": {"uv": [54, 47], "uv_size": [1, 3]},
								"west": {"uv": [50, 54], "uv_size": [1, 3]}
							}
						},
						{
							"origin": [-1.73492, 2.66644, 0.00744],
							"size": [0.25995, 0.78025, 0.25087],
							"inflate": -0.001,
							"pivot": [0, 2.26363, 0.31553],
							"rotation": [28.48347, -25.49671, 38.42685],
							"uv": {
								"north": {"uv": [55, 44], "uv_size": [-1, 3]},
								"east": {"uv": [51, 54], "uv_size": [-1, 3]},
								"south": {"uv": [55, 47], "uv_size": [-1, 3]},
								"west": {"uv": [48, 54], "uv_size": [-1, 3]}
							}
						},
						{
							"origin": [-0.94208, 2.99479, 0.00734],
							"size": [0.26015, 0.78045, 0.25107],
							"pivot": [0, 2.26363, 0.31553],
							"rotation": [37.5, 0, 0],
							"uv": {
								"north": {"uv": [10, 54], "uv_size": [-1, 3]},
								"east": {"uv": [12, 54], "uv_size": [-1, 3]},
								"south": {"uv": [11, 54], "uv_size": [-1, 3]},
								"west": {"uv": [55, 9], "uv_size": [-1, 3]}
							}
						},
						{
							"origin": [-0.14905, 2.66644, 0.00744],
							"size": [0.25995, 0.78025, 0.25087],
							"inflate": -0.001,
							"pivot": [0, 2.26363, 0.31553],
							"rotation": [28.48347, 25.49671, -38.42685],
							"uv": {
								"north": {"uv": [13, 54], "uv_size": [-1, 3]},
								"east": {"uv": [15, 54], "uv_size": [-1, 3]},
								"south": {"uv": [55, 13], "uv_size": [-1, 3]},
								"west": {"uv": [14, 54], "uv_size": [-1, 3]}
							}
						},
						{
							"origin": [-0.69197, 2.93505, 0.0081],
							"size": [1.38393, 1.14193, 0.09831],
							"inflate": 0.001,
							"pivot": [0, 2.26363, 0.31553],
							"rotation": [37.5, 0, 0],
							"uv": {
								"north": {"uv": [29, 4], "uv_size": [6, 5]},
								"south": {"uv": [6, 29], "uv_size": [6, 5]}
							}
						},
						{
							"origin": [-0.57097, 2.69305, 0.0081],
							"size": [1.14193, 0.24048, 0.09831],
							"inflate": 0.001,
							"pivot": [0, 2.26363, 0.31553],
							"rotation": [37.5, 0, 0],
							"uv": {
								"north": {"uv": [1, 33], "uv_size": [5, 1]},
								"south": {"uv": [12, 33], "uv_size": [5, 1]}
							}
						},
						{
							"origin": [1.73079, 2.81769, 0.00744],
							"size": [0.3023, 0.3265, 0.25087],
							"inflate": -0.001,
							"pivot": [0, 2.26363, 0.31553],
							"rotation": [28.48347, 25.49671, -38.42685],
							"uv": {
								"north": {"uv": [4, 56], "uv_size": [1, 1]},
								"south": {"uv": [56, 4], "uv_size": [1, 1]},
								"west": {"uv": [5, 56], "uv_size": [1, 1]},
								"up": {"uv": [56, 5], "uv_size": [1, 1]},
								"down": {"uv": [6, 57], "uv_size": [1, -1]}
							}
						},
						{
							"origin": [-2.03309, 2.81769, 0.00744],
							"size": [0.3023, 0.3265, 0.25087],
							"inflate": -0.001,
							"pivot": [0, 2.26363, 0.31553],
							"rotation": [28.48347, -25.49671, 38.42685],
							"uv": {
								"north": {"uv": [56, 6], "uv_size": [1, 1]},
								"east": {"uv": [7, 56], "uv_size": [1, 1]},
								"south": {"uv": [8, 56], "uv_size": [1, 1]},
								"up": {"uv": [56, 9], "uv_size": [1, 1]},
								"down": {"uv": [56, 11], "uv_size": [1, -1]}
							}
						},
						{
							"origin": [0.68203, 0.85223, -0.06367],
							"size": [0.25995, 0.78025, 0.47775],
							"inflate": -0.001,
							"pivot": [0, 1.24236, 0.02395],
							"rotation": [0, 0, -45],
							"uv": {
								"north": {"uv": [52, 46], "uv_size": [1, 3]},
								"east": {"uv": [24, 47], "uv_size": [2, 3]},
								"south": {"uv": [52, 49], "uv_size": [1, 3]},
								"west": {"uv": [47, 29], "uv_size": [2, 3]}
							}
						},
						{
							"origin": [-0.39023, 1.9243, -0.06377],
							"size": [0.78045, 0.26015, 0.47795],
							"uv": {
								"north": {"uv": [52, 41], "uv_size": [3, 1]},
								"south": {"uv": [52, 42], "uv_size": [3, 1]},
								"up": {"uv": [47, 17], "uv_size": [3, 2]},
								"down": {"uv": [47, 23], "uv_size": [3, -2]}
							}
						},
						{
							"origin": [-0.39023, 0.30027, -0.06377],
							"size": [0.78045, 0.26015, 0.47795],
							"uv": {
								"north": {"uv": [52, 37], "uv_size": [3, 1]},
								"south": {"uv": [52, 38], "uv_size": [3, 1]},
								"up": {"uv": [47, 15], "uv_size": [3, 2]},
								"down": {"uv": [16, 49], "uv_size": [3, -2]}
							}
						},
						{
							"origin": [0.68203, 0.85223, -0.06367],
							"size": [0.25995, 0.78025, 0.47775],
							"inflate": -0.001,
							"pivot": [0, 1.24236, 0.02395],
							"rotation": [0, 0, 45],
							"uv": {
								"north": {"uv": [42, 52], "uv_size": [1, 3]},
								"east": {"uv": [19, 47], "uv_size": [2, 3]},
								"south": {"uv": [43, 52], "uv_size": [1, 3]},
								"west": {"uv": [22, 47], "uv_size": [2, 3]}
							}
						},
						{
							"origin": [0.68193, 0.85213, -0.06377],
							"size": [0.26015, 0.78045, 0.47795],
							"uv": {
								"north": {"uv": [52, 52], "uv_size": [1, 3]},
								"east": {"uv": [32, 47], "uv_size": [2, 3]},
								"south": {"uv": [53, 9], "uv_size": [1, 3]},
								"west": {"uv": [47, 32], "uv_size": [2, 3]}
							}
						},
						{
							"origin": [-0.94198, 0.85223, -0.06367],
							"size": [0.25995, 0.78025, 0.47775],
							"inflate": -0.001,
							"pivot": [0, 1.24236, 0.02395],
							"rotation": [0, 0, 45],
							"uv": {
								"north": {"uv": [53, 46], "uv_size": [-1, 3]},
								"east": {"uv": [49, 29], "uv_size": [-2, 3]},
								"south": {"uv": [53, 49], "uv_size": [-1, 3]},
								"west": {"uv": [26, 47], "uv_size": [-2, 3]}
							}
						},
						{
							"origin": [-0.94208, 0.85213, -0.06377],
							"size": [0.26015, 0.78045, 0.47795],
							"uv": {
								"north": {"uv": [53, 52], "uv_size": [-1, 3]},
								"east": {"uv": [49, 32], "uv_size": [-2, 3]},
								"south": {"uv": [54, 9], "uv_size": [-1, 3]},
								"west": {"uv": [34, 47], "uv_size": [-2, 3]}
							}
						},
						{
							"origin": [-0.94198, 0.85223, -0.06367],
							"size": [0.25995, 0.78025, 0.47775],
							"inflate": -0.001,
							"pivot": [0, 1.24236, 0.02395],
							"rotation": [0, 0, -45],
							"uv": {
								"north": {"uv": [43, 52], "uv_size": [-1, 3]},
								"east": {"uv": [24, 47], "uv_size": [-2, 3]},
								"south": {"uv": [44, 52], "uv_size": [-1, 3]},
								"west": {"uv": [21, 47], "uv_size": [-2, 3]}
							}
						},
						{
							"origin": [0.2904, 1.95758, 0.23873],
							"size": [0.17545, 0.37812, 0.17545],
							"pivot": [0.37813, 2.26008, 0.32645],
							"rotation": [-45, 0, 0],
							"uv": {
								"north": {"uv": [22, 34], "uv_size": [1, 2]},
								"east": {"uv": [35, 41], "uv_size": [1, 2]},
								"south": {"uv": [16, 45], "uv_size": [1, 2]},
								"west": {"uv": [51, 54], "uv_size": [1, 2]},
								"up": {"uv": [1, 56], "uv_size": [1, 1]}
							}
						},
						{
							"origin": [-0.46585, 1.95758, 0.23873],
							"size": [0.17545, 0.37812, 0.17545],
							"pivot": [-0.37813, 2.26008, 0.32645],
							"rotation": [-45, 0, 0],
							"uv": {
								"north": {"uv": [55, 1], "uv_size": [1, 2]},
								"east": {"uv": [55, 5], "uv_size": [1, 2]},
								"south": {"uv": [55, 9], "uv_size": [1, 2]},
								"west": {"uv": [55, 13], "uv_size": [1, 2]},
								"up": {"uv": [56, 1], "uv_size": [1, 1]}
							}
						},
						{
							"origin": [-0.3025, 2.16933, 0.29166],
							"size": [0.605, 0.07562, 0.07562],
							"pivot": [0, 2.24495, 0.37938],
							"rotation": [-45, 0, 0],
							"uv": {
								"north": {"uv": [53, 39], "uv_size": [3, 1]},
								"east": {"uv": [2, 56], "uv_size": [1, 1]},
								"south": {"uv": [53, 40], "uv_size": [3, 1]},
								"west": {"uv": [56, 2], "uv_size": [1, 1]},
								"up": {"uv": [54, 8], "uv_size": [3, 1]}
							}
						}
					]
				},
				{
					"name": "division",
					"pivot": [0, 1.23933, -17.7768],
					"cubes": [
						{
							"origin": [-0.256, 0.98333, -18.01578],
							"size": [0.512, 0.512, 0.47795],
							"uv": {
								"south": {"uv": [1, 1], "uv_size": [21, 21]}
							}
						}
					]
				},
				{
					"name": "aimpoint",
					"pivot": [0.09109, 0.76635, -2.84936]
				},
				{
					"name": "scope_view",
					"pivot": [-2.2, 0.47849, 7.50668],
					"rotation": [0, 0, -45]
				},
				{
					"name": "scope_view_2",
					"pivot": [0, 1.23474, 7.50668]
				},
				{
					"name": "scope_body",
					"pivot": [0, -0.40838, 0.00668],
					"cubes": [
						{
							"origin": [0.62739, 0.88335, -0.49841],
							"size": [0.23934, 0.71801, 0.43971],
							"uv": {
								"north": {"uv": [36, 53], "uv_size": [1, 3]},
								"south": {"uv": [39, 53], "uv_size": [1, 3]},
								"west": {"uv": [47, 35], "uv_size": [2, 3]}
							}
						},
						{
							"origin": [0.62739, 0.88335, -0.49841],
							"size": [0.23934, 0.71801, 0.43971],
							"pivot": [0, 1.24236, -0.27855],
							"rotation": [0, 0, -45],
							"uv": {
								"north": {"uv": [40, 53], "uv_size": [1, 3]},
								"south": {"uv": [41, 53], "uv_size": [1, 3]},
								"west": {"uv": [37, 47], "uv_size": [2, 3]}
							}
						},
						{
							"origin": [0.62739, 0.88335, -0.49841],
							"size": [0.23934, 0.71801, 0.43971],
							"pivot": [0, 1.24236, -0.27855],
							"rotation": [0, 0, 45],
							"uv": {
								"north": {"uv": [53, 43], "uv_size": [1, 3]},
								"south": {"uv": [53, 46], "uv_size": [1, 3]},
								"west": {"uv": [47, 38], "uv_size": [2, 3]}
							}
						},
						{
							"origin": [-0.86672, 0.88335, -0.49841],
							"size": [0.23934, 0.71801, 0.43971],
							"pivot": [0, 1.24236, -0.27855],
							"rotation": [0, 0, 45],
							"uv": {
								"north": {"uv": [41, 53], "uv_size": [-1, 3]},
								"east": {"uv": [39, 47], "uv_size": [-2, 3]},
								"south": {"uv": [42, 53], "uv_size": [-1, 3]}
							}
						},
						{
							"origin": [-0.86672, 0.88335, -0.49841],
							"size": [0.23934, 0.71801, 0.43971],
							"uv": {
								"north": {"uv": [37, 53], "uv_size": [-1, 3]},
								"east": {"uv": [49, 35], "uv_size": [-2, 3]},
								"south": {"uv": [40, 53], "uv_size": [-1, 3]}
							}
						},
						{
							"origin": [-0.86672, 0.88335, -0.49841],
							"size": [0.23934, 0.71801, 0.43971],
							"pivot": [0, 1.24236, -0.27855],
							"rotation": [0, 0, -45],
							"uv": {
								"north": {"uv": [54, 43], "uv_size": [-1, 3]},
								"east": {"uv": [49, 38], "uv_size": [-2, 3]},
								"south": {"uv": [54, 46], "uv_size": [-1, 3]}
							}
						},
						{
							"origin": [-0.35901, 1.86974, -0.49841],
							"size": [0.71801, 0.23934, 0.43971],
							"uv": {
								"north": {"uv": [53, 4], "uv_size": [3, 1]},
								"south": {"uv": [53, 12], "uv_size": [3, 1]},
								"up": {"uv": [39, 47], "uv_size": [3, 2]}
							}
						},
						{
							"origin": [-0.35901, 0.37564, -0.49841],
							"size": [0.71801, 0.23934, 0.43971],
							"uv": {
								"north": {"uv": [53, 33], "uv_size": [3, 1]},
								"south": {"uv": [53, 34], "uv_size": [3, 1]},
								"down": {"uv": [47, 43], "uv_size": [3, -2]}
							}
						},
						{
							"origin": [-0.6239, -0.32874, -3.17816],
							"size": [1.25, 0.45965, 2.6624],
							"inflate": 0.002,
							"uv": {
								"north": {"uv": [41, 5], "uv_size": [5, 2]},
								"east": {"uv": [33, 13], "uv_size": [11, 2]},
								"south": {"uv": [42, 21], "uv_size": [5, 2]},
								"west": {"uv": [33, 30], "uv_size": [11, 2]},
								"down": {"uv": [1, 33], "uv_size": [5, -11]}
							}
						},
						{
							"origin": [-0.726, -0.23229, -1.72596],
							"size": [1.452, 0.484, 0.968],
							"uv": {
								"north": {"uv": [39, 11], "uv_size": [6, 2]},
								"east": {"uv": [46, 7], "uv_size": [4, 2]},
								"south": {"uv": [40, 19], "uv_size": [6, 2]},
								"west": {"uv": [46, 19], "uv_size": [4, 2]},
								"up": {"uv": [27, 30], "uv_size": [6, 4]},
								"down": {"uv": [33, 13], "uv_size": [6, -4]}
							}
						},
						{
							"origin": [0.726, -0.17179, -1.36296],
							"size": [0.484, 0.363, 0.363],
							"pivot": [0.121, 0.00971, -1.18146],
							"rotation": [-45, 0, 0],
							"uv": {
								"north": {"uv": [52, 13], "uv_size": [2, 2]},
								"east": {"uv": [15, 52], "uv_size": [2, 2]},
								"south": {"uv": [52, 15], "uv_size": [2, 2]},
								"west": {"uv": [52, 17], "uv_size": [2, 2]},
								"up": {"uv": [52, 19], "uv_size": [2, 2]},
								"down": {"uv": [52, 23], "uv_size": [2, -2]}
							}
						},
						{
							"origin": [-0.847, -0.11129, -1.30246],
							"size": [0.121, 0.242, 0.242],
							"pivot": [0.121, 0.00971, -1.18146],
							"rotation": [-45, 0, 0],
							"uv": {
								"north": {"uv": [56, 24], "uv_size": [1, 1]},
								"east": {"uv": [26, 56], "uv_size": [1, 1]},
								"south": {"uv": [27, 56], "uv_size": [1, 1]},
								"west": {"uv": [28, 56], "uv_size": [1, 1]},
								"up": {"uv": [56, 28], "uv_size": [1, 1]},
								"down": {"uv": [29, 57], "uv_size": [1, -1]}
							}
						},
						{
							"origin": [-0.45132, 0.05972, -3.17806],
							"size": [0.90265, 0.2422, 2.6622],
							"inflate": 0.001,
							"uv": {
								"north": {"uv": [52, 23], "uv_size": [4, 1]},
								"south": {"uv": [52, 24], "uv_size": [4, 1]},
								"up": {"uv": [13, 22], "uv_size": [4, 11]}
							}
						},
						{
							"origin": [0.3839, -0.11129, -3.17796],
							"size": [0.242, 0.242, 2.662],
							"pivot": [0.6259, 0.13071, -1.96796],
							"rotation": [0, 0, 45],
							"uv": {
								"north": {"uv": [56, 29], "uv_size": [1, 1]},
								"south": {"uv": [56, 30], "uv_size": [1, 1]},
								"up": {"uv": [21, 40], "uv_size": [1, 11]},
								"down": {"uv": [29, 52], "uv_size": [1, -11]}
							}
						},
						{
							"origin": [-0.6259, -0.10909, -3.18016],
							"size": [0.242, 0.242, 2.662],
							"pivot": [-0.6259, 0.13291, -1.97016],
							"rotation": [0, 0, -45],
							"uv": {
								"north": {"uv": [56, 31], "uv_size": [1, 1]},
								"south": {"uv": [56, 33], "uv_size": [1, 1]},
								"up": {"uv": [30, 41], "uv_size": [1, 11]},
								"down": {"uv": [31, 52], "uv_size": [1, -11]}
							}
						},
						{
							"origin": [0.53068, 0.85213, -1.6519],
							"size": [0.56265, 0.78045, 1.38545],
							"pivot": [0.15125, 1.24236, -0.65667],
							"rotation": [0, 0, 45],
							"uv": {
								"north": {"uv": [46, 47], "uv_size": [2, 3]},
								"south": {"uv": [1, 48], "uv_size": [2, 3]},
								"west": {"uv": [33, 32], "uv_size": [6, 3]}
							}
						},
						{
							"origin": [0.53068, 0.85213, -1.6519],
							"size": [0.56265, 0.78045, 1.38545],
							"uv": {
								"north": {"uv": [26, 48], "uv_size": [2, 3]},
								"south": {"uv": [48, 46], "uv_size": [2, 3]},
								"west": {"uv": [1, 34], "uv_size": [6, 3]}
							}
						},
						{
							"origin": [0.53068, 0.85213, -1.6519],
							"size": [0.56265, 0.78045, 1.38545],
							"pivot": [0.15125, 1.24236, -0.65667],
							"rotation": [0, 0, -45],
							"uv": {
								"north": {"uv": [49, 1], "uv_size": [2, 3]},
								"south": {"uv": [8, 49], "uv_size": [2, 3]},
								"west": {"uv": [7, 34], "uv_size": [6, 3]}
							}
						},
						{
							"origin": [-1.09333, 0.85213, -1.6519],
							"size": [0.56265, 0.78045, 1.38545],
							"pivot": [-0.15125, 1.24236, -0.65667],
							"rotation": [0, 0, 45],
							"uv": {
								"north": {"uv": [51, 1], "uv_size": [-2, 3]},
								"east": {"uv": [13, 34], "uv_size": [-6, 3]},
								"south": {"uv": [10, 49], "uv_size": [-2, 3]}
							}
						},
						{
							"origin": [-1.09333, 0.85213, -1.6519],
							"size": [0.56265, 0.78045, 1.38545],
							"uv": {
								"north": {"uv": [28, 48], "uv_size": [-2, 3]},
								"east": {"uv": [7, 34], "uv_size": [-6, 3]},
								"south": {"uv": [50, 46], "uv_size": [-2, 3]}
							}
						},
						{
							"origin": [-1.09333, 0.85213, -1.6519],
							"size": [0.56265, 0.78045, 1.38545],
							"pivot": [-0.15125, 1.24236, -0.65667],
							"rotation": [0, 0, -45],
							"uv": {
								"north": {"uv": [48, 47], "uv_size": [-2, 3]},
								"east": {"uv": [39, 32], "uv_size": [-6, 3]},
								"south": {"uv": [3, 48], "uv_size": [-2, 3]}
							}
						},
						{
							"origin": [-0.54148, 0.30027, -1.6519],
							"size": [1.08295, 0.53515, 1.38545],
							"uv": {
								"north": {"uv": [49, 43], "uv_size": [4, 1]},
								"south": {"uv": [49, 44], "uv_size": [4, 1]},
								"down": {"uv": [29, 15], "uv_size": [4, -6]}
							}
						},
						{
							"origin": [-0.54148, 1.6493, -1.6519],
							"size": [1.08295, 0.53515, 1.38545],
							"uv": {
								"north": {"uv": [49, 45], "uv_size": [4, 1]},
								"south": {"uv": [4, 50], "uv_size": [4, 1]},
								"up": {"uv": [23, 30], "uv_size": [4, 6]}
							}
						},
						{
							"origin": [-0.37813, 2.18102, -1.42575],
							"size": [0.75625, 0.68063, 0.75625],
							"pivot": [0, 2.18102, -1.04763],
							"rotation": [0, -45, 0],
							"uv": {
								"north": {"uv": [38, 44], "uv_size": [3, 3]},
								"east": {"uv": [44, 38], "uv_size": [3, 3]},
								"south": {"uv": [41, 44], "uv_size": [3, 3]},
								"west": {"uv": [44, 41], "uv_size": [3, 3]},
								"up": {"uv": [44, 44], "uv_size": [3, 3]},
								"down": {"uv": [1, 48], "uv_size": [3, -3]}
							}
						}
					]
				},
				{
					"name": "knob",
					"parent": "scope_body",
					"pivot": [0, 2.3357, -0.87145]
				},
				{
					"name": "scope_hide",
					"parent": "scope_body",
					"pivot": [0, 3.21348, -4.68856],
					"cubes": [
						{
							"origin": [0.79295, 0.7886, -5.30005],
							"size": [0.3025, 0.9075, 0.9075],
							"uv": {
								"north": {"uv": [12, 29], "uv_size": [1, 4]},
								"east": {"uv": [1, 37], "uv_size": [4, 4]},
								"south": {"uv": [49, 23], "uv_size": [1, 4]},
								"west": {"uv": [5, 37], "uv_size": [4, 4]}
							}
						},
						{
							"origin": [0.79295, 1.69611, -5.30005],
							"size": [0.3025, 0.9075, 0.9075],
							"pivot": [1.09545, 1.69611, -4.99755],
							"rotation": [0, 0, -45],
							"uv": {
								"north": {"uv": [49, 27], "uv_size": [1, 4]},
								"east": {"uv": [9, 37], "uv_size": [4, 4]},
								"south": {"uv": [49, 31], "uv_size": [1, 4]},
								"west": {"uv": [13, 37], "uv_size": [4, 4]}
							}
						},
						{
							"origin": [0.79295, -0.1189, -5.30005],
							"size": [0.3025, 0.9075, 0.9075],
							"pivot": [1.09545, 0.7886, -4.99755],
							"rotation": [0, 0, 45],
							"uv": {
								"north": {"uv": [35, 49], "uv_size": [1, 4]},
								"east": {"uv": [25, 37], "uv_size": [4, 4]},
								"south": {"uv": [49, 35], "uv_size": [1, 4]},
								"west": {"uv": [29, 37], "uv_size": [4, 4]}
							}
						},
						{
							"origin": [-1.09545, 0.7886, -5.30005],
							"size": [0.3025, 0.9075, 0.9075],
							"uv": {
								"north": {"uv": [13, 29], "uv_size": [-1, 4]},
								"east": {"uv": [9, 37], "uv_size": [-4, 4]},
								"south": {"uv": [50, 23], "uv_size": [-1, 4]},
								"west": {"uv": [5, 37], "uv_size": [-4, 4]}
							}
						},
						{
							"origin": [-1.09545, 1.69611, -5.30005],
							"size": [0.3025, 0.9075, 0.9075],
							"pivot": [-1.09545, 1.69611, -4.99755],
							"rotation": [0, 0, 45],
							"uv": {
								"north": {"uv": [50, 27], "uv_size": [-1, 4]},
								"east": {"uv": [17, 37], "uv_size": [-4, 4]},
								"south": {"uv": [50, 31], "uv_size": [-1, 4]},
								"west": {"uv": [13, 37], "uv_size": [-4, 4]}
							}
						},
						{
							"origin": [-1.09545, -0.1189, -5.30005],
							"size": [0.3025, 0.9075, 0.9075],
							"pivot": [-1.09545, 0.7886, -4.99755],
							"rotation": [0, 0, -45],
							"uv": {
								"north": {"uv": [36, 49], "uv_size": [-1, 4]},
								"east": {"uv": [33, 37], "uv_size": [-4, 4]},
								"south": {"uv": [50, 35], "uv_size": [-1, 4]},
								"west": {"uv": [29, 37], "uv_size": [-4, 4]}
							}
						},
						{
							"origin": [-0.45375, 2.03531, -5.30005],
							"size": [0.9075, 0.3025, 0.9075],
							"uv": {
								"north": {"uv": [38, 29], "uv_size": [4, 1]},
								"south": {"uv": [49, 4], "uv_size": [4, 1]},
								"up": {"uv": [38, 21], "uv_size": [4, 4]},
								"down": {"uv": [38, 29], "uv_size": [4, -4]}
							}
						},
						{
							"origin": [-0.45375, 0.14691, -5.30005],
							"size": [0.9075, 0.3025, 0.9075],
							"uv": {
								"north": {"uv": [49, 39], "uv_size": [4, 1]},
								"south": {"uv": [49, 40], "uv_size": [4, 1]},
								"up": {"uv": [39, 7], "uv_size": [4, 4]},
								"down": {"uv": [36, 43], "uv_size": [4, -4]}
							}
						},
						{
							"origin": [-0.39023, 0.30027, -4.39709],
							"size": [0.78045, 0.26015, 0.78045],
							"uv": {
								"south": {"uv": [46, 9], "uv_size": [3, 1]},
								"down": {"uv": [35, 30], "uv_size": [3, -3]}
							}
						},
						{
							"origin": [-0.39023, 1.9243, -4.39709],
							"size": [0.78045, 0.26015, 0.78045],
							"uv": {
								"south": {"uv": [52, 25], "uv_size": [3, 1]},
								"up": {"uv": [32, 41], "uv_size": [3, 3]}
							}
						},
						{
							"origin": [0.68203, 0.85223, -4.39699],
							"size": [0.25995, 0.78025, 0.78025],
							"inflate": -0.001,
							"pivot": [0, 1.24236, -4.00687],
							"rotation": [0, 0, 45],
							"uv": {
								"south": {"uv": [39, 32], "uv_size": [1, 3]},
								"west": {"uv": [22, 42], "uv_size": [3, 3]}
							}
						},
						{
							"origin": [0.68203, 0.85223, -4.39699],
							"size": [0.25995, 0.78025, 0.78025],
							"inflate": -0.001,
							"pivot": [0, 1.24236, -4.00687],
							"rotation": [0, 0, -45],
							"uv": {
								"south": {"uv": [20, 44], "uv_size": [1, 3]},
								"west": {"uv": [42, 23], "uv_size": [3, 3]}
							}
						},
						{
							"origin": [0.68193, 0.85213, -4.39709],
							"size": [0.26015, 0.78045, 0.78045],
							"uv": {
								"south": {"uv": [17, 52], "uv_size": [1, 3]},
								"west": {"uv": [42, 26], "uv_size": [3, 3]}
							}
						},
						{
							"origin": [-0.94198, 0.85223, -4.39699],
							"size": [0.25995, 0.78025, 0.78025],
							"inflate": -0.001,
							"pivot": [0, 1.24236, -4.00687],
							"rotation": [0, 0, 45],
							"uv": {
								"east": {"uv": [45, 23], "uv_size": [-3, 3]},
								"south": {"uv": [21, 44], "uv_size": [-1, 3]}
							}
						},
						{
							"origin": [-0.94208, 0.85213, -4.39709],
							"size": [0.26015, 0.78045, 0.78045],
							"uv": {
								"east": {"uv": [45, 26], "uv_size": [-3, 3]},
								"south": {"uv": [18, 52], "uv_size": [-1, 3]}
							}
						},
						{
							"origin": [-0.94198, 0.85223, -4.39699],
							"size": [0.25995, 0.78025, 0.78025],
							"inflate": -0.001,
							"pivot": [0, 1.24236, -4.00687],
							"rotation": [0, 0, -45],
							"uv": {
								"east": {"uv": [25, 42], "uv_size": [-3, 3]},
								"south": {"uv": [40, 32], "uv_size": [-1, 3]}
							}
						},
						{
							"origin": [-0.847, 0.39233, -4.90378],
							"size": [1.694, 1.694, 0.47795],
							"uv": {
								"north": {"uv": [22, 1], "uv_size": [7, 7]}
							}
						},
						{
							"origin": [-0.32279, 0.46306, -3.63693],
							"size": [0.64559, 0.2152, 2.81148],
							"uv": {
								"down": {"uv": [17, 34], "uv_size": [3, -12]}
							}
						},
						{
							"origin": [-0.32279, 1.80646, -3.63693],
							"size": [0.64559, 0.21519, 2.81148],
							"uv": {
								"up": {"uv": [20, 22], "uv_size": [3, 12]}
							}
						},
						{
							"origin": [0.5641, 0.91956, -3.63693],
							"size": [0.21519, 0.64559, 2.81148],
							"pivot": [0, 1.24236, -1.14824],
							"rotation": [0, 0, 45],
							"uv": {
								"west": {"uv": [23, 21], "uv_size": [12, 3]}
							}
						},
						{
							"origin": [0.5641, 0.91956, -3.63693],
							"size": [0.21519, 0.64559, 2.81148],
							"pivot": [0, 1.24236, -1.14824],
							"rotation": [0, 0, -45],
							"uv": {
								"west": {"uv": [23, 24], "uv_size": [12, 3]}
							}
						},
						{
							"origin": [0.5641, 0.91956, -3.63693],
							"size": [0.21519, 0.64559, 2.81148],
							"uv": {
								"west": {"uv": [23, 27], "uv_size": [12, 3]}
							}
						},
						{
							"origin": [-0.77929, 0.91956, -3.63693],
							"size": [0.21519, 0.64559, 2.81148],
							"pivot": [0, 1.24236, -1.14824],
							"rotation": [0, 0, 45],
							"uv": {
								"east": {"uv": [35, 24], "uv_size": [-12, 3]}
							}
						},
						{
							"origin": [-0.77929, 0.91956, -3.63693],
							"size": [0.21519, 0.64559, 2.81148],
							"uv": {
								"east": {"uv": [35, 27], "uv_size": [-12, 3]}
							}
						},
						{
							"origin": [-0.77929, 0.91956, -3.63693],
							"size": [0.21519, 0.64559, 2.81148],
							"pivot": [0, 1.24236, -1.14824],
							"rotation": [0, 0, -45],
							"uv": {
								"east": {"uv": [35, 21], "uv_size": [-12, 3]}
							}
						},
						{
							"origin": [-0.3025, 2.93352, -5.63863],
							"size": [0.605, 0.07563, 0.07562],
							"pivot": [0, 3.21348, -4.68856],
							"rotation": [45, 0, 0],
							"uv": {
								"north": {"uv": [54, 50], "uv_size": [3, 1]},
								"east": {"uv": [56, 12], "uv_size": [1, 1]},
								"south": {"uv": [54, 51], "uv_size": [3, 1]},
								"west": {"uv": [56, 13], "uv_size": [1, 1]},
								"up": {"uv": [54, 52], "uv_size": [3, 1]}
							}
						},
						{
							"origin": [-1.48823, 2.9307, -4.30771],
							"size": [0.3628, 0.39184, 0.30109],
							"inflate": -0.001,
							"pivot": [-0.00078, 3.21682, -4.15716],
							"rotation": [-36.45156, 30.71636, 34.66437],
							"uv": {
								"north": {"uv": [50, 41], "uv_size": [2, 2]},
								"east": {"uv": [17, 55], "uv_size": [1, 2]},
								"south": {"uv": [42, 50], "uv_size": [2, 2]},
								"up": {"uv": [55, 20], "uv_size": [2, 1]},
								"down": {"uv": [55, 22], "uv_size": [2, -1]}
							}
						},
						{
							"origin": [-1.13073, 2.7491, -4.30781],
							"size": [0.31218, 0.93654, 0.30129],
							"pivot": [-0.00078, 3.21682, -4.15716],
							"rotation": [-36.45156, 30.71636, 34.66437],
							"uv": {
								"north": {"uv": [33, 50], "uv_size": [1, 4]},
								"east": {"uv": [44, 50], "uv_size": [1, 4]},
								"south": {"uv": [45, 50], "uv_size": [1, 4]},
								"west": {"uv": [46, 50], "uv_size": [1, 4]}
							}
						},
						{
							"origin": [0.81809, 2.748, -4.30781],
							"size": [0.31218, 0.93654, 0.30129],
							"pivot": [-0.00078, 3.21682, -4.15716],
							"rotation": [-36.45156, -30.71636, -34.66437],
							"uv": {
								"north": {"uv": [50, 46], "uv_size": [1, 4]},
								"east": {"uv": [47, 50], "uv_size": [1, 4]},
								"south": {"uv": [50, 50], "uv_size": [1, 4]},
								"west": {"uv": [1, 51], "uv_size": [1, 4]}
							}
						},
						{
							"origin": [-0.46817, 4.03525, -4.30771],
							"size": [0.93634, 0.31198, 0.30109],
							"inflate": -0.001,
							"pivot": [-0.00078, 3.21682, -4.15716],
							"rotation": [-46.25, 0, 0],
							"uv": {
								"north": {"uv": [51, 1], "uv_size": [4, 1]},
								"south": {"uv": [51, 2], "uv_size": [4, 1]},
								"up": {"uv": [51, 3], "uv_size": [4, 1]},
								"down": {"uv": [4, 52], "uv_size": [4, -1]}
							}
						},
						{
							"origin": [1.12277, 2.9296, -4.30771],
							"size": [0.3628, 0.39184, 0.30109],
							"inflate": -0.001,
							"pivot": [-0.00078, 3.21682, -4.15716],
							"rotation": [-36.45156, -30.71636, -34.66437],
							"uv": {
								"north": {"uv": [51, 9], "uv_size": [2, 2]},
								"south": {"uv": [51, 11], "uv_size": [2, 2]},
								"west": {"uv": [18, 55], "uv_size": [1, 2]},
								"up": {"uv": [55, 22], "uv_size": [2, 1]},
								"down": {"uv": [55, 26], "uv_size": [2, -1]}
							}
						},
						{
							"origin": [-0.83051, 2.38631, -4.12555],
							"size": [1.66102, 1.66102, 0.11827],
							"inflate": 0.001,
							"pivot": [-0.00078, 3.21682, -4.15716],
							"rotation": [-46.25, 0, 0],
							"uv": {
								"north": {"uv": [6, 22], "uv_size": [7, 7]},
								"south": {"uv": [22, 8], "uv_size": [7, 7]}
							}
						},
						{
							"origin": [-1.1304, 2.74865, -4.30771],
							"size": [0.31198, 0.93634, 0.30109],
							"inflate": -0.001,
							"pivot": [-0.00078, 3.21682, -4.15716],
							"rotation": [-46.25, 0, 0],
							"uv": {
								"north": {"uv": [2, 51], "uv_size": [1, 4]},
								"east": {"uv": [51, 13], "uv_size": [1, 4]},
								"south": {"uv": [51, 17], "uv_size": [1, 4]},
								"west": {"uv": [21, 51], "uv_size": [1, 4]}
							}
						},
						{
							"origin": [-1.13073, 2.748, -4.30781],
							"size": [0.31218, 0.93654, 0.30129],
							"pivot": [-0.00078, 3.21682, -4.15716],
							"rotation": [-36.45156, -30.71636, -34.66437],
							"uv": {
								"north": {"uv": [51, 21], "uv_size": [1, 4]},
								"east": {"uv": [51, 25], "uv_size": [1, 4]},
								"south": {"uv": [26, 51], "uv_size": [1, 4]},
								"west": {"uv": [27, 51], "uv_size": [1, 4]}
							}
						},
						{
							"origin": [-0.46817, 2.08642, -4.30771],
							"size": [0.93634, 0.31198, 0.30109],
							"inflate": -0.001,
							"pivot": [-0.00078, 3.21682, -4.15716],
							"rotation": [-46.25, 0, 0],
							"uv": {
								"north": {"uv": [51, 29], "uv_size": [4, 1]},
								"south": {"uv": [51, 30], "uv_size": [4, 1]},
								"up": {"uv": [51, 31], "uv_size": [4, 1]},
								"down": {"uv": [51, 33], "uv_size": [4, -1]}
							}
						},
						{
							"origin": [0.81809, 2.7491, -4.30781],
							"size": [0.31218, 0.93654, 0.30129],
							"pivot": [-0.00078, 3.21682, -4.15716],
							"rotation": [-36.45156, 30.71636, 34.66437],
							"uv": {
								"north": {"uv": [28, 51], "uv_size": [1, 4]},
								"east": {"uv": [51, 46], "uv_size": [1, 4]},
								"south": {"uv": [51, 50], "uv_size": [1, 4]},
								"west": {"uv": [4, 52], "uv_size": [1, 4]}
							}
						},
						{
							"origin": [0.81842, 2.74865, -4.30771],
							"size": [0.31198, 0.93634, 0.30109],
							"inflate": -0.001,
							"pivot": [-0.00078, 3.21682, -4.15716],
							"rotation": [-46.25, 0, 0],
							"uv": {
								"north": {"uv": [5, 52], "uv_size": [1, 4]},
								"east": {"uv": [6, 52], "uv_size": [1, 4]},
								"south": {"uv": [7, 52], "uv_size": [1, 4]},
								"west": {"uv": [8, 52], "uv_size": [1, 4]}
							}
						},
						{
							"origin": [-0.23898, 2.30756, -5.26509],
							"size": [0.47795, 0.17545, 0.5082],
							"pivot": [0, 2.42073, -5.17049],
							"rotation": [19.75, 0, 0],
							"uv": {
								"north": {"uv": [26, 55], "uv_size": [2, 1]},
								"east": {"uv": [55, 26], "uv_size": [2, 1]},
								"south": {"uv": [55, 27], "uv_size": [2, 1]},
								"west": {"uv": [28, 55], "uv_size": [2, 1]},
								"up": {"uv": [51, 33], "uv_size": [2, 2]},
								"down": {"uv": [9, 54], "uv_size": [2, -2]}
							}
						},
						{
							"origin": [-0.46585, 2.6799, -5.69033],
							"size": [0.17545, 0.37813, 0.17545],
							"pivot": [0, 3.21348, -4.68856],
							"rotation": [45, 0, 0],
							"uv": {
								"north": {"uv": [21, 55], "uv_size": [1, 2]},
								"east": {"uv": [55, 28], "uv_size": [1, 2]},
								"south": {"uv": [30, 55], "uv_size": [1, 2]},
								"west": {"uv": [55, 30], "uv_size": [1, 2]},
								"up": {"uv": [56, 14], "uv_size": [1, 1]}
							}
						},
						{
							"origin": [0.2904, 2.6799, -5.69033],
							"size": [0.17545, 0.37813, 0.17545],
							"pivot": [0, 3.21348, -4.68856],
							"rotation": [45, 0, 0],
							"uv": {
								"north": {"uv": [31, 55], "uv_size": [1, 2]},
								"east": {"uv": [37, 55], "uv_size": [1, 2]},
								"south": {"uv": [55, 37], "uv_size": [1, 2]},
								"west": {"uv": [38, 55], "uv_size": [1, 2]},
								"up": {"uv": [56, 23], "uv_size": [1, 1]}
							}
						}
					]
				},
				{
					"name": "mount_hide",
					"parent": "scope_hide",
					"pivot": [0, 1.36506, -2.65174],
					"cubes": [
						{
							"origin": [-0.54213, 0.30109, -3.17993],
							"size": [1.08428, 0.49852, 1.05313],
							"uv": {
								"north": {"uv": [35, 7], "uv_size": [4, 2]},
								"south": {"uv": [45, 3], "uv_size": [4, 2]},
								"down": {"uv": [36, 39], "uv_size": [4, -4]}
							}
						},
						{
							"origin": [-0.55772, 1.86152, -3.17993],
							"size": [1.11544, 0.26795, 1.05313],
							"uv": {
								"north": {"uv": [50, 5], "uv_size": [4, 1]},
								"south": {"uv": [50, 6], "uv_size": [4, 1]},
								"up": {"uv": [41, 1], "uv_size": [4, 4]}
							}
						},
						{
							"origin": [0.88787, 0.36878, -3.17993],
							"size": [0.11217, 1.11543, 1.05313],
							"pivot": [0, 1.27292, -2.64672],
							"rotation": [0, 0, -45],
							"uv": {
								"north": {"uv": [50, 15], "uv_size": [1, 4]},
								"south": {"uv": [19, 50], "uv_size": [1, 4]},
								"west": {"uv": [5, 41], "uv_size": [4, 4]}
							}
						},
						{
							"origin": [0.76693, 1.23791, -3.17993],
							"size": [0.57954, 0.10282, 1.05313],
							"uv": {
								"north": {"uv": [25, 36], "uv_size": [2, 1]},
								"south": {"uv": [42, 29], "uv_size": [2, 1]},
								"west": {"uv": [50, 7], "uv_size": [4, 1]},
								"down": {"uv": [8, 49], "uv_size": [2, -4]}
							}
						},
						{
							"origin": [0.76693, 0.86402, -3.17993],
							"size": [0.57954, 0.3365, 1.05313],
							"uv": {
								"north": {"uv": [43, 10], "uv_size": [2, 1]},
								"south": {"uv": [38, 43], "uv_size": [2, 1]},
								"west": {"uv": [50, 8], "uv_size": [4, 1]},
								"up": {"uv": [10, 45], "uv_size": [2, 4]}
							}
						},
						{
							"origin": [0.75545, 0.47783, -3.17993],
							"size": [0.13242, 1.00639, 1.05313],
							"pivot": [0, 1.27292, -2.64672],
							"rotation": [0, 0, -45],
							"uv": {
								"north": {"uv": [50, 19], "uv_size": [1, 4]},
								"south": {"uv": [20, 50], "uv_size": [1, 4]}
							}
						},
						{
							"origin": [0.61524, 0.61026, -3.17993],
							"size": [0.14021, 0.87396, 1.05313],
							"pivot": [0, 1.27292, -2.64672],
							"rotation": [0, 0, -45],
							"uv": {
								"north": {"uv": [22, 50], "uv_size": [1, 4]},
								"south": {"uv": [23, 50], "uv_size": [1, 4]}
							}
						},
						{
							"origin": [-1.00003, 0.36878, -3.17993],
							"size": [0.11217, 1.11543, 1.05313],
							"pivot": [0, 1.27292, -2.64672],
							"rotation": [0, 0, 45],
							"uv": {
								"north": {"uv": [50, 23], "uv_size": [1, 4]},
								"east": {"uv": [9, 41], "uv_size": [4, 4]},
								"south": {"uv": [24, 50], "uv_size": [1, 4]}
							}
						},
						{
							"origin": [-0.88787, 0.47783, -3.17993],
							"size": [0.13242, 1.00639, 1.05313],
							"pivot": [0, 1.27292, -2.64672],
							"rotation": [0, 0, 45],
							"uv": {
								"north": {"uv": [25, 50], "uv_size": [1, 4]},
								"south": {"uv": [50, 27], "uv_size": [1, 4]}
							}
						},
						{
							"origin": [-0.75545, 0.61026, -3.17993],
							"size": [0.14021, 0.87396, 1.05313],
							"pivot": [0, 1.27292, -2.64672],
							"rotation": [0, 0, 45],
							"uv": {
								"north": {"uv": [50, 31], "uv_size": [1, 4]},
								"south": {"uv": [32, 50], "uv_size": [1, 4]}
							}
						},
						{
							"origin": [-1.34646, 1.23791, -3.17993],
							"size": [0.57954, 0.10282, 1.05313],
							"uv": {
								"north": {"uv": [45, 12], "uv_size": [2, 1]},
								"east": {"uv": [50, 35], "uv_size": [4, 1]},
								"south": {"uv": [54, 53], "uv_size": [2, 1]},
								"down": {"uv": [12, 49], "uv_size": [2, -4]}
							}
						},
						{
							"origin": [-1.34646, 0.86402, -3.17993],
							"size": [0.57954, 0.3365, 1.05313],
							"uv": {
								"north": {"uv": [54, 54], "uv_size": [2, 1]},
								"east": {"uv": [50, 36], "uv_size": [4, 1]},
								"south": {"uv": [1, 55], "uv_size": [2, 1]},
								"up": {"uv": [14, 45], "uv_size": [2, 4]}
							}
						},
						{
							"origin": [-1.09533, 1.76446, -2.95829],
							"size": [0.23368, 0.31157, 0.23368],
							"pivot": [0, 1.27292, -2.64672],
							"rotation": [0, 0, -22.5],
							"uv": {
								"north": {"uv": [55, 45], "uv_size": [1, 1]},
								"east": {"uv": [46, 55], "uv_size": [1, 1]},
								"south": {"uv": [55, 46], "uv_size": [1, 1]},
								"west": {"uv": [52, 56], "uv_size": [-1, 1]},
								"up": {"uv": [55, 47], "uv_size": [1, 1]}
							}
						},
						{
							"origin": [-1.09533, 1.76446, -2.56883],
							"size": [0.23368, 0.31157, 0.23368],
							"pivot": [0, 1.27292, -2.64672],
							"rotation": [0, 0, -22.5],
							"uv": {
								"north": {"uv": [55, 49], "uv_size": [1, 1]},
								"east": {"uv": [52, 55], "uv_size": [1, 1]},
								"south": {"uv": [53, 55], "uv_size": [1, 1]},
								"west": {"uv": [52, 56], "uv_size": [-1, 1]},
								"up": {"uv": [54, 55], "uv_size": [1, 1]}
							}
						},
						{
							"origin": [0.86164, 1.76446, -2.56883],
							"size": [0.23368, 0.31157, 0.23368],
							"pivot": [0, 1.27292, -2.64672],
							"rotation": [0, 0, 22.5],
							"uv": {
								"north": {"uv": [56, 49], "uv_size": [-1, 1]},
								"east": {"uv": [51, 56], "uv_size": [1, 1]},
								"south": {"uv": [54, 55], "uv_size": [-1, 1]},
								"west": {"uv": [53, 55], "uv_size": [-1, 1]},
								"up": {"uv": [55, 55], "uv_size": [-1, 1]}
							}
						},
						{
							"origin": [0.86164, 1.76446, -2.95829],
							"size": [0.23368, 0.31157, 0.23368],
							"pivot": [0, 1.27292, -2.64672],
							"rotation": [0, 0, 22.5],
							"uv": {
								"north": {"uv": [56, 45], "uv_size": [-1, 1]},
								"east": {"uv": [51, 56], "uv_size": [1, 1]},
								"south": {"uv": [56, 46], "uv_size": [-1, 1]},
								"west": {"uv": [47, 55], "uv_size": [-1, 1]},
								"up": {"uv": [56, 47], "uv_size": [-1, 1]}
							}
						},
						{
							"origin": [-0.1129, 0.16581, -3.1798],
							"size": [0.9812, 0.3892, 1.05286],
							"inflate": -0.001,
							"pivot": [0, 1.27292, -2.64672],
							"rotation": [0, 0, -35],
							"uv": {
								"north": {"uv": [45, 10], "uv_size": [4, 2]},
								"south": {"uv": [22, 45], "uv_size": [4, 2]},
								"west": {"uv": [45, 23], "uv_size": [4, 2]},
								"down": {"uv": [13, 45], "uv_size": [4, -4]}
							}
						},
						{
							"origin": [-0.86828, 0.16581, -3.1798],
							"size": [0.9812, 0.3892, 1.05286],
							"inflate": -0.001,
							"pivot": [0, 1.27292, -2.64672],
							"rotation": [0, 0, 35],
							"uv": {
								"north": {"uv": [49, 10], "uv_size": [-4, 2]},
								"east": {"uv": [49, 23], "uv_size": [-4, 2]},
								"south": {"uv": [26, 45], "uv_size": [-4, 2]},
								"down": {"uv": [17, 45], "uv_size": [-4, -4]}
							}
						}
					]
				}
			]
		}
	]
}