{
	"format_version": "1.21.0",
	"minecraft:geometry": [
		{
			"description": {
				"identifier": "geometry.unknown",
				"texture_width": 512,
				"texture_height": 512,
				"visible_bounds_width": 16,
				"visible_bounds_height": 10,
				"visible_bounds_offset": [0, 1, 0]
			},
			"bones": [
				{
					"name": "root",
					"pivot": [0, -0.38594, 0]
				},
				{
					"name": "scope_view",
					"parent": "root",
					"pivot": [0, 1.677, 10.33419]
				},
				{
					"name": "division",
					"parent": "root",
					"pivot": [0, 1.677, -117.58581],
					"cubes": [
						{
							"origin": [-11.232, 1.5522, -116.54581],
							"size": [1.872, 0.2496, 0],
							"uv": {
								"south": {"uv": [419, 133], "uv_size": [1, -1]}
							}
						},
						{
							"origin": [-6.7058, 8.20827, -116.54581],
							"size": [0.1755, 0.1755, 0],
							"pivot": [0, 1.67703, -116.54581],
							"rotation": [0, 0, -45],
							"uv": {
								"south": {"uv": [419, 133], "uv_size": [1, -1]}
							}
						},
						{
							"origin": [-8.2079, 9.35357, -116.54581],
							"size": [0.5304, 0.5304, 0],
							"pivot": [0, 1.67703, -116.54581],
							"rotation": [0, 0, -45],
							"uv": {
								"south": {"uv": [419, 133], "uv_size": [1, -1]}
							}
						},
						{
							"origin": [-18.72, 1.3026, -116.54581],
							"size": [7.488, 0.7488, 0],
							"uv": {
								"south": {"uv": [419, 133], "uv_size": [1, -1]}
							}
						},
						{
							"origin": [-71.24, -27.755, -116.54581],
							"size": [53.04, 58.864, 0],
							"uv": {
								"south": {"uv": [419, 133], "uv_size": [1, -1]}
							}
						},
						{
							"origin": [18.2, -27.755, -116.54581],
							"size": [53.04, 58.864, 0],
							"uv": {
								"south": {"uv": [420, 133], "uv_size": [-1, -1]}
							}
						},
						{
							"origin": [18.2, -27.755, -116.54581],
							"size": [53.04, 58.864, 0],
							"pivot": [0, 1.67702, -116.54581],
							"rotation": [0, 0, -90],
							"uv": {
								"south": {"uv": [420, 133], "uv_size": [-1, -1]}
							}
						},
						{
							"origin": [-71.24, -27.755, -116.54581],
							"size": [53.04, 58.864, 0],
							"pivot": [0, 1.67702, -116.54581],
							"rotation": [0, 0, -90],
							"uv": {
								"south": {"uv": [419, 133], "uv_size": [1, -1]}
							}
						},
						{
							"origin": [18.2, -27.755, -116.54581],
							"size": [53.04, 58.864, 0],
							"pivot": [0, 1.67702, -116.54581],
							"rotation": [0, 0, -45],
							"uv": {
								"south": {"uv": [420, 133], "uv_size": [-1, -1]}
							}
						},
						{
							"origin": [-71.24, -27.755, -116.54581],
							"size": [53.04, 58.864, 0],
							"pivot": [0, 1.67702, -116.54581],
							"rotation": [0, 0, -45],
							"uv": {
								"south": {"uv": [419, 133], "uv_size": [1, -1]}
							}
						},
						{
							"origin": [-71.24, -27.755, -116.54581],
							"size": [53.04, 58.864, 0],
							"pivot": [0, 1.67702, -116.54581],
							"rotation": [0, 0, 45],
							"uv": {
								"south": {"uv": [419, 133], "uv_size": [1, -1]}
							}
						},
						{
							"origin": [18.2, -27.755, -116.54581],
							"size": [53.04, 58.864, 0],
							"pivot": [0, 1.67702, -116.54581],
							"rotation": [0, 0, 45],
							"uv": {
								"south": {"uv": [420, 133], "uv_size": [-1, -1]}
							}
						},
						{
							"origin": [9.36, 1.5522, -116.54581],
							"size": [1.872, 0.2496, 0],
							"uv": {
								"south": {"uv": [420, 133], "uv_size": [-1, -1]}
							}
						},
						{
							"origin": [11.232, 1.3026, -116.54581],
							"size": [7.488, 0.7488, 0],
							"uv": {
								"south": {"uv": [420, 133], "uv_size": [-1, -1]}
							}
						},
						{
							"origin": [6.5303, 8.20827, -116.54581],
							"size": [0.1755, 0.1755, 0],
							"pivot": [0, 1.67703, -116.54581],
							"rotation": [0, 0, 45],
							"uv": {
								"south": {"uv": [420, 133], "uv_size": [-1, -1]}
							}
						},
						{
							"origin": [7.6775, 9.35357, -116.54581],
							"size": [0.5304, 0.5304, 0],
							"pivot": [0, 1.67703, -116.54581],
							"rotation": [0, 0, 45],
							"uv": {
								"south": {"uv": [420, 133], "uv_size": [-1, -1]}
							}
						},
						{
							"origin": [-11.232, 1.5522, -116.54581],
							"size": [1.872, 0.2496, 0],
							"pivot": [0, 1.67703, -116.54581],
							"rotation": [0, 0, 90],
							"uv": {
								"south": {"uv": [419, 133], "uv_size": [1, -1]}
							}
						},
						{
							"origin": [-18.72, 1.3026, -116.54581],
							"size": [7.488, 0.7488, 0],
							"pivot": [0, 1.67703, -116.54581],
							"rotation": [0, 0, 90],
							"uv": {
								"south": {"uv": [419, 133], "uv_size": [1, -1]}
							}
						},
						{
							"origin": [-6.7058, 8.20827, -116.54581],
							"size": [0.1755, 0.1755, 0],
							"pivot": [0, 1.67703, -116.54581],
							"rotation": [0, 0, 45],
							"uv": {
								"south": {"uv": [419, 133], "uv_size": [1, -1]}
							}
						},
						{
							"origin": [-8.2079, 9.35357, -116.54581],
							"size": [0.5304, 0.5304, 0],
							"pivot": [0, 1.67703, -116.54581],
							"rotation": [0, 0, 45],
							"uv": {
								"south": {"uv": [419, 133], "uv_size": [1, -1]}
							}
						},
						{
							"origin": [7.6775, 9.35357, -116.54581],
							"size": [0.5304, 0.5304, 0],
							"pivot": [0, 1.67703, -116.54581],
							"rotation": [0, 0, 135],
							"uv": {
								"south": {"uv": [420, 133], "uv_size": [-1, -1]}
							}
						},
						{
							"origin": [6.5303, 8.20827, -116.54581],
							"size": [0.1755, 0.1755, 0],
							"pivot": [0, 1.67703, -116.54581],
							"rotation": [0, 0, 135],
							"uv": {
								"south": {"uv": [420, 133], "uv_size": [-1, -1]}
							}
						},
						{
							"origin": [11.232, 1.3026, -116.54581],
							"size": [7.488, 0.7488, 0],
							"pivot": [0, 1.67703, -116.54581],
							"rotation": [0, 0, 90],
							"uv": {
								"south": {"uv": [420, 133], "uv_size": [-1, -1]}
							}
						},
						{
							"origin": [9.36, 1.5522, -116.54581],
							"size": [1.872, 0.2496, 0],
							"pivot": [0, 1.67703, -116.54581],
							"rotation": [0, 0, 90],
							"uv": {
								"south": {"uv": [420, 133], "uv_size": [-1, -1]}
							}
						}
					]
				},
				{
					"name": "division_illuminated",
					"parent": "division",
					"pivot": [0, 1.67703, -116.54581],
					"cubes": [
						{
							"origin": [-9.36, -7.683, -116.54581],
							"size": [18.72, 18.72, 0],
							"uv": {
								"south": {"uv": [286, 125], "uv_size": [129, 129]}
							}
						}
					]
				},
				{
					"name": "ocular_ring",
					"parent": "root",
					"pivot": [0, 1.67781, 0.95727],
					"cubes": [
						{
							"origin": [-0.40806, 2.44255, 3.12171],
							"size": [0.81613, 0.22042, 2.05921],
							"uv": {
								"north": {"uv": [258, 248], "uv_size": [4, 1]},
								"south": {"uv": [258, 250], "uv_size": [4, 1]},
								"up": {"uv": [103, 223], "uv_size": [4, 9]},
								"down": {"uv": [47, 233], "uv_size": [4, -9]}
							}
						},
						{
							"origin": [0.76473, 1.26975, 3.12171],
							"size": [0.22042, 0.81613, 2.05921],
							"uv": {
								"north": {"uv": [258, 252], "uv_size": [1, 4]},
								"east": {"uv": [222, 164], "uv_size": [9, 4]},
								"south": {"uv": [256, 258], "uv_size": [1, 4]},
								"west": {"uv": [224, 114], "uv_size": [9, 4]}
							}
						},
						{
							"origin": [2.12975, 0.70433, 3.12171],
							"size": [0.22042, 0.81613, 2.05921],
							"pivot": [0, -0.25261, -62.11027],
							"rotation": [0, 0, -45],
							"uv": {
								"north": {"uv": [258, 257], "uv_size": [1, 4]},
								"east": {"uv": [224, 119], "uv_size": [9, 4]},
								"south": {"uv": [4, 259], "uv_size": [1, 4]},
								"west": {"uv": [224, 124], "uv_size": [9, 4]}
							}
						},
						{
							"origin": [-0.60029, 0.70433, 3.12171],
							"size": [0.22042, 0.81613, 2.05921],
							"pivot": [0, -0.25261, -62.11027],
							"rotation": [0, 0, 45],
							"uv": {
								"north": {"uv": [15, 259], "uv_size": [1, 4]},
								"east": {"uv": [224, 187], "uv_size": [9, 4]},
								"south": {"uv": [259, 16], "uv_size": [1, 4]},
								"west": {"uv": [224, 192], "uv_size": [9, 4]}
							}
						},
						{
							"origin": [0.37987, 0.70433, 3.12171],
							"size": [0.22042, 0.81613, 2.05921],
							"pivot": [0, -0.25261, -62.11027],
							"rotation": [0, 0, -45],
							"uv": {
								"north": {"uv": [16, 259], "uv_size": [-1, 4]},
								"east": {"uv": [233, 192], "uv_size": [-9, 4]},
								"south": {"uv": [260, 16], "uv_size": [-1, 4]},
								"west": {"uv": [233, 187], "uv_size": [-9, 4]}
							}
						},
						{
							"origin": [-0.98515, 1.26975, 3.12171],
							"size": [0.22042, 0.81613, 2.05921],
							"uv": {
								"north": {"uv": [259, 252], "uv_size": [-1, 4]},
								"east": {"uv": [233, 114], "uv_size": [-9, 4]},
								"south": {"uv": [257, 258], "uv_size": [-1, 4]},
								"west": {"uv": [231, 164], "uv_size": [-9, 4]}
							}
						},
						{
							"origin": [-2.35017, 0.70433, 3.12171],
							"size": [0.22042, 0.81613, 2.05921],
							"pivot": [0, -0.25261, -62.11027],
							"rotation": [0, 0, 45],
							"uv": {
								"north": {"uv": [259, 257], "uv_size": [-1, 4]},
								"east": {"uv": [233, 124], "uv_size": [-9, 4]},
								"south": {"uv": [5, 259], "uv_size": [-1, 4]},
								"west": {"uv": [233, 119], "uv_size": [-9, 4]}
							}
						},
						{
							"origin": [-0.40806, 0.69265, 3.12171],
							"size": [0.81613, 0.22043, 2.05921],
							"uv": {
								"north": {"uv": [259, 11], "uv_size": [4, 1]},
								"south": {"uv": [259, 31], "uv_size": [4, 1]},
								"up": {"uv": [29, 225], "uv_size": [4, 9]},
								"down": {"uv": [193, 234], "uv_size": [4, -9]}
							}
						}
					]
				},
				{
					"name": "cover_back",
					"parent": "ocular_ring",
					"pivot": [0.00045, 3.03991, 5.10614],
					"cubes": [
						{
							"origin": [-0.44991, 2.51945, 4.2145],
							"size": [0.89979, 0.24302, 0.74474],
							"uv": {
								"north": {"uv": [364, 20], "uv_size": [4, 1]},
								"south": {"uv": [364, 22], "uv_size": [4, 1]},
								"up": {"uv": [350, 0], "uv_size": [4, 3]},
								"down": {"uv": [350, 7], "uv_size": [4, -3]}
							}
						},
						{
							"origin": [0.84309, 1.22644, 4.2145],
							"size": [0.24303, 0.89979, 0.74474],
							"uv": {
								"north": {"uv": [364, 35], "uv_size": [1, 4]},
								"east": {"uv": [349, 27], "uv_size": [3, 4]},
								"south": {"uv": [364, 40], "uv_size": [1, 4]},
								"west": {"uv": [349, 32], "uv_size": [3, 4]}
							}
						},
						{
							"origin": [2.20707, 0.66147, 4.21539],
							"size": [0.24303, 0.89979, 0.74296],
							"pivot": [0, -0.25261, -62.11027],
							"rotation": [0, 0, -45],
							"uv": {
								"north": {"uv": [336, 50], "uv_size": [1, 4]},
								"east": {"uv": [322, 35], "uv_size": [3, 4]},
								"south": {"uv": [364, 30], "uv_size": [1, 4]},
								"west": {"uv": [338, 35], "uv_size": [3, 4]}
							}
						},
						{
							"origin": [-0.52088, 0.66145, 4.21539],
							"size": [0.24303, 0.89979, 0.74296],
							"pivot": [0, -0.25261, -62.11027],
							"rotation": [0, 0, 45],
							"uv": {
								"north": {"uv": [332, 50], "uv_size": [1, 4]},
								"east": {"uv": [314, 35], "uv_size": [3, 4]},
								"south": {"uv": [334, 50], "uv_size": [1, 4]},
								"west": {"uv": [318, 35], "uv_size": [3, 4]}
							}
						},
						{
							"origin": [-2.45013, 0.66145, 4.21539],
							"size": [0.24302, 0.89979, 0.74296],
							"pivot": [0, -0.25261, -62.11027],
							"rotation": [0, 0, 45],
							"uv": {
								"north": {"uv": [322, 50], "uv_size": [1, 4]},
								"east": {"uv": [346, 15], "uv_size": [3, 4]},
								"south": {"uv": [324, 50], "uv_size": [1, 4]},
								"west": {"uv": [345, 32], "uv_size": [3, 4]}
							}
						},
						{
							"origin": [-1.08616, 1.22644, 4.2145],
							"size": [0.24302, 0.89979, 0.74474],
							"uv": {
								"north": {"uv": [318, 50], "uv_size": [1, 4]},
								"east": {"uv": [346, 5], "uv_size": [3, 4]},
								"south": {"uv": [320, 50], "uv_size": [1, 4]},
								"west": {"uv": [346, 10], "uv_size": [3, 4]}
							}
						},
						{
							"origin": [0.27783, 0.66147, 4.21539],
							"size": [0.24302, 0.89979, 0.74296],
							"pivot": [0, -0.25261, -62.11027],
							"rotation": [0, 0, -45],
							"uv": {
								"north": {"uv": [314, 50], "uv_size": [1, 4]},
								"east": {"uv": [345, 27], "uv_size": [3, 4]},
								"south": {"uv": [316, 50], "uv_size": [1, 4]},
								"west": {"uv": [346, 0], "uv_size": [3, 4]}
							}
						},
						{
							"origin": [-0.44991, 0.5902, 4.2145],
							"size": [0.89979, 0.24302, 0.74474],
							"uv": {
								"north": {"uv": [334, 14], "uv_size": [4, 1]},
								"south": {"uv": [339, 49], "uv_size": [4, 1]},
								"up": {"uv": [314, 31], "uv_size": [4, 3]},
								"down": {"uv": [319, 34], "uv_size": [4, -3]}
							}
						}
					]
				},
				{
					"name": "aa",
					"parent": "cover_back",
					"pivot": [0.00045, 1.68588, 5.10614],
					"rotation": [0, 0, -45],
					"cubes": [
						{
							"origin": [-0.39032, 2.76026, 4.62566],
							"size": [0.18018, 0.33972, 0.33277],
							"uv": {
								"north": {"uv": [336, 57], "uv_size": [1, 1]},
								"east": {"uv": [371, 29], "uv_size": [1, 1]},
								"south": {"uv": [352, 57], "uv_size": [1, 1]},
								"west": {"uv": [354, 57], "uv_size": [1, 1]},
								"up": {"uv": [371, 40], "uv_size": [1, 1]}
							}
						},
						{
							"origin": [0.2101, 2.76026, 4.62566],
							"size": [0.18018, 0.33972, 0.33277],
							"uv": {
								"north": {"uv": [350, 56], "uv_size": [1, 1]},
								"east": {"uv": [370, 46], "uv_size": [1, 1]},
								"south": {"uv": [370, 48], "uv_size": [1, 1]},
								"west": {"uv": [332, 57], "uv_size": [1, 1]},
								"up": {"uv": [334, 57], "uv_size": [1, 1]}
							}
						}
					]
				},
				{
					"name": "cover_backk",
					"parent": "aa",
					"pivot": [-0.00002, 2.91977, 4.80552],
					"rotation": [-140, 0, 0],
					"cubes": [
						{
							"origin": [-0.44991, 0.5902, 4.9568],
							"size": [0.89979, 0.24302, 0.31231],
							"uv": {
								"north": {"uv": [363, 50], "uv_size": [4, 1]},
								"south": {"uv": [365, 3], "uv_size": [4, 1]},
								"up": {"uv": [365, 5], "uv_size": [4, 1]},
								"down": {"uv": [338, 52], "uv_size": [4, -1]}
							}
						},
						{
							"origin": [26.63701, -11.39229, 4.95769],
							"size": [0.24302, 0.89979, 0.31052],
							"pivot": [-1.3706, -38.09786, 57.73999],
							"rotation": [0, 0, -45],
							"uv": {
								"north": {"uv": [343, 51], "uv_size": [1, 4]},
								"east": {"uv": [345, 51], "uv_size": [1, 4]},
								"south": {"uv": [347, 51], "uv_size": [1, 4]},
								"west": {"uv": [349, 51], "uv_size": [1, 4]}
							}
						},
						{
							"origin": [26.40821, -11.04909, 5.0712],
							"size": [0.2288, 0.32779, 0.14071],
							"pivot": [-1.3706, -38.09786, 57.73999],
							"rotation": [0, 0, -45],
							"uv": {
								"north": {"uv": [365, 57], "uv_size": [1, 1]},
								"east": {"uv": [371, 52], "uv_size": [1, 1]},
								"south": {"uv": [367, 57], "uv_size": [1, 1]},
								"up": {"uv": [371, 54], "uv_size": [1, 1]},
								"down": {"uv": [371, 57], "uv_size": [1, -1]}
							}
						},
						{
							"origin": [-27.43989, -9.11078, 5.0712],
							"size": [0.2288, 0.32779, 0.14071],
							"pivot": [-1.3706, -38.09786, 57.73999],
							"rotation": [0, 0, 45],
							"uv": {
								"north": {"uv": [314, 58], "uv_size": [1, 1]},
								"south": {"uv": [316, 58], "uv_size": [1, 1]},
								"west": {"uv": [372, 2], "uv_size": [1, 1]},
								"up": {"uv": [318, 58], "uv_size": [1, 1]},
								"down": {"uv": [372, 5], "uv_size": [1, -1]}
							}
						},
						{
							"origin": [-1.08616, 1.22644, 4.9568],
							"size": [0.24302, 0.89979, 0.31231],
							"uv": {
								"north": {"uv": [351, 51], "uv_size": [1, 4]},
								"east": {"uv": [366, 24], "uv_size": [1, 4]},
								"south": {"uv": [366, 29], "uv_size": [1, 4]},
								"west": {"uv": [366, 34], "uv_size": [1, 4]}
							}
						},
						{
							"origin": [-29.61219, -9.45401, 4.95769],
							"size": [0.24302, 0.89979, 0.31052],
							"pivot": [-1.3706, -38.09786, 57.73999],
							"rotation": [0, 0, 45],
							"uv": {
								"north": {"uv": [353, 52], "uv_size": [1, 4]},
								"east": {"uv": [366, 39], "uv_size": [1, 4]},
								"south": {"uv": [355, 52], "uv_size": [1, 4]},
								"west": {"uv": [363, 52], "uv_size": [1, 4]}
							}
						},
						{
							"origin": [-27.68295, -9.45401, 4.95769],
							"size": [0.24303, 0.89979, 0.31052],
							"pivot": [-1.3706, -38.09786, 57.73999],
							"rotation": [0, 0, 45],
							"uv": {
								"north": {"uv": [365, 52], "uv_size": [1, 4]},
								"east": {"uv": [367, 7], "uv_size": [1, 4]},
								"south": {"uv": [326, 53], "uv_size": [1, 4]},
								"west": {"uv": [328, 53], "uv_size": [1, 4]}
							}
						},
						{
							"origin": [28.56626, -11.39229, 4.95769],
							"size": [0.24302, 0.89979, 0.31052],
							"pivot": [-1.3706, -38.09786, 57.73999],
							"rotation": [0, 0, -45],
							"uv": {
								"north": {"uv": [330, 53], "uv_size": [1, 4]},
								"east": {"uv": [338, 53], "uv_size": [1, 4]},
								"south": {"uv": [340, 53], "uv_size": [1, 4]},
								"west": {"uv": [357, 53], "uv_size": [1, 4]}
							}
						},
						{
							"origin": [0.84309, 1.22644, 4.9568],
							"size": [0.24303, 0.89979, 0.31231],
							"uv": {
								"north": {"uv": [359, 53], "uv_size": [1, 4]},
								"east": {"uv": [361, 53], "uv_size": [1, 4]},
								"south": {"uv": [367, 52], "uv_size": [1, 4]},
								"west": {"uv": [368, 24], "uv_size": [1, 4]}
							}
						},
						{
							"origin": [-0.84462, 0.83322, 5.19704],
							"size": [1.68919, 1.6892, 0.07207],
							"uv": {
								"north": {"uv": [326, 0], "uv_size": [7, 7]},
								"south": {"uv": [326, 8], "uv_size": [7, 7]}
							}
						},
						{
							"origin": [-0.44991, 2.51945, 4.9568],
							"size": [0.89979, 0.24302, 0.31231],
							"uv": {
								"north": {"uv": [366, 44], "uv_size": [4, 1]},
								"south": {"uv": [367, 12], "uv_size": [4, 1]},
								"up": {"uv": [367, 14], "uv_size": [4, 1]},
								"down": {"uv": [368, 1], "uv_size": [4, -1]}
							}
						},
						{
							"origin": [-0.20967, -71.22269, -0.40846],
							"size": [0.41931, 0.24024, 0.3003],
							"pivot": [-1.3706, -38.09786, 57.73999],
							"rotation": [-67.5, 0, 0],
							"uv": {
								"north": {"uv": [339, 47], "uv_size": [2, 1]},
								"east": {"uv": [370, 5], "uv_size": [1, 1]},
								"south": {"uv": [368, 50], "uv_size": [2, 1]},
								"west": {"uv": [370, 27], "uv_size": [1, 1]},
								"up": {"uv": [369, 10], "uv_size": [2, 1]}
							}
						},
						{
							"origin": [-0.21014, 2.73961, 4.68572],
							"size": [0.42024, 0.3003, 0.42042],
							"uv": {
								"north": {"uv": [332, 55], "uv_size": [2, 1]},
								"east": {"uv": [369, 20], "uv_size": [2, 1]},
								"south": {"uv": [335, 55], "uv_size": [2, 1]},
								"west": {"uv": [369, 22], "uv_size": [2, 1]},
								"up": {"uv": [368, 29], "uv_size": [2, 2]},
								"down": {"uv": [310, 2], "uv_size": [2, -2]}
							}
						},
						{
							"origin": [-0.45038, 2.85973, 4.74578],
							"size": [0.90072, 0.12012, 0.12012],
							"uv": {
								"north": {"uv": [368, 32], "uv_size": [4, 1]},
								"east": {"uv": [371, 42], "uv_size": [1, 1]},
								"south": {"uv": [368, 34], "uv_size": [4, 1]},
								"west": {"uv": [371, 44], "uv_size": [1, 1]},
								"up": {"uv": [368, 36], "uv_size": [4, 1]},
								"down": {"uv": [368, 39], "uv_size": [4, -1]}
							}
						}
					]
				},
				{
					"name": "ocular",
					"parent": "root",
					"pivot": [0, 1.67959, 4.72332],
					"cubes": [
						{
							"origin": [-0.7736, 0.90599, 4.72332],
							"size": [1.54721, 1.54722, 0],
							"uv": {
								"south": {"uv": [224, 220], "uv_size": [8, 8]}
							}
						}
					]
				},
				{
					"name": "scope_body",
					"parent": "root",
					"pivot": [0, -0.38594, 0]
				},
				{
					"name": "mount",
					"parent": "scope_body",
					"pivot": [-0.56056, 0.14472, -4.64833],
					"cubes": [
						{
							"origin": [-0.625, -0.38152, -6.13553],
							"size": [1.25, 0.572, 6.12955],
							"uv": {
								"north": {"uv": [125, 246], "uv_size": [5, 3]},
								"east": {"uv": [174, 24], "uv_size": [27, 3]},
								"south": {"uv": [246, 141], "uv_size": [5, 3]},
								"west": {"uv": [175, 135], "uv_size": [27, 3]},
								"up": {"uv": [76, 137], "uv_size": [5, 27]},
								"down": {"uv": [91, 169], "uv_size": [5, -27]}
							}
						},
						{
							"origin": [0.62306, 40.31686, -21.8739],
							"size": [0.4576, 0.4576, 0.4576],
							"pivot": [0.0625, -0.25261, -62.11027],
							"rotation": [-45, 0, 0],
							"uv": {
								"north": {"uv": [259, 172], "uv_size": [2, 2]},
								"east": {"uv": [259, 185], "uv_size": [2, 2]},
								"south": {"uv": [259, 198], "uv_size": [2, 2]},
								"west": {"uv": [259, 208], "uv_size": [2, 2]},
								"up": {"uv": [259, 220], "uv_size": [2, 2]},
								"down": {"uv": [259, 237], "uv_size": [2, -2]}
							}
						},
						{
							"origin": [0.62306, 42.74365, -19.44711],
							"size": [0.4576, 0.4576, 0.4576],
							"pivot": [0.0625, -0.25261, -62.11027],
							"rotation": [-45, 0, 0],
							"uv": {
								"north": {"uv": [259, 172], "uv_size": [2, 2]},
								"east": {"uv": [259, 185], "uv_size": [2, 2]},
								"south": {"uv": [259, 198], "uv_size": [2, 2]},
								"west": {"uv": [259, 208], "uv_size": [2, 2]},
								"up": {"uv": [259, 220], "uv_size": [2, 2]},
								"down": {"uv": [259, 237], "uv_size": [2, -2]}
							}
						},
						{
							"origin": [-0.67496, 42.85805, -19.33271],
							"size": [0.2288, 0.2288, 0.22879],
							"pivot": [0, -0.25261, -62.11027],
							"rotation": [-45, 0, 0],
							"uv": {
								"north": {"uv": [306, 1], "uv_size": [-1, 1]},
								"east": {"uv": [307, 1], "uv_size": [-1, 1]},
								"south": {"uv": [308, 1], "uv_size": [-1, 1]},
								"west": {"uv": [305, 1], "uv_size": [-1, 1]},
								"up": {"uv": [306, 0], "uv_size": [-1, 1]},
								"down": {"uv": [307, 1], "uv_size": [-1, -1]}
							}
						},
						{
							"origin": [-0.67496, 40.43126, -21.7595],
							"size": [0.2288, 0.2288, 0.2288],
							"pivot": [0, -0.25261, -62.11027],
							"rotation": [-45, 0, 0],
							"uv": {
								"north": {"uv": [306, 1], "uv_size": [-1, 1]},
								"east": {"uv": [307, 1], "uv_size": [-1, 1]},
								"south": {"uv": [308, 1], "uv_size": [-1, 1]},
								"west": {"uv": [305, 1], "uv_size": [-1, 1]},
								"up": {"uv": [306, 0], "uv_size": [-1, 1]},
								"down": {"uv": [307, 1], "uv_size": [-1, -1]}
							}
						}
					]
				},
				{
					"name": "knob",
					"parent": "scope_body",
					"pivot": [-1.144, 1.66807, -2.68278],
					"cubes": [
						{
							"origin": [-0.16349, 2.33653, -3.07741],
							"size": [0.32698, 0.36924, 0.78933],
							"uv": {
								"north": {"uv": [77, 264], "uv_size": [1, 2]},
								"south": {"uv": [79, 264], "uv_size": [1, 2]},
								"down": {"uv": [261, 67], "uv_size": [1, -3]}
							}
						},
						{
							"origin": [-0.39467, 2.33653, -2.84628],
							"size": [0.78934, 0.36924, 0.32699],
							"uv": {
								"east": {"uv": [264, 88], "uv_size": [1, 2]},
								"west": {"uv": [90, 264], "uv_size": [1, 2]},
								"down": {"uv": [261, 36], "uv_size": [3, -1]}
							}
						},
						{
							"origin": [-41.80667, 2.33653, -20.25219],
							"size": [0.1798, 0.36924, 0.32699],
							"pivot": [0, -0.25261, -62.11027],
							"rotation": [0, 45, 0],
							"uv": {
								"west": {"uv": [264, 94], "uv_size": [1, 2]},
								"down": {"uv": [265, 120], "uv_size": [1, -1]}
							}
						},
						{
							"origin": [42.23648, 2.33653, -20.25219],
							"size": [0.1798, 0.36924, 0.32699],
							"pivot": [0, -0.25261, -62.11027],
							"rotation": [0, -45, 0],
							"uv": {
								"west": {"uv": [96, 264], "uv_size": [1, 2]},
								"down": {"uv": [124, 266], "uv_size": [1, -1]}
							}
						},
						{
							"origin": [41.62687, 2.33653, -20.25219],
							"size": [0.1798, 0.36924, 0.32699],
							"pivot": [0, -0.25261, -62.11027],
							"rotation": [0, -45, 0],
							"uv": {
								"east": {"uv": [265, 94], "uv_size": [-1, 2]},
								"down": {"uv": [266, 120], "uv_size": [-1, -1]}
							}
						},
						{
							"origin": [-42.41628, 2.33653, -20.25219],
							"size": [0.1798, 0.36924, 0.32699],
							"pivot": [0, -0.25261, -62.11027],
							"rotation": [0, 45, 0],
							"uv": {
								"east": {"uv": [97, 264], "uv_size": [-1, 2]},
								"down": {"uv": [125, 266], "uv_size": [-1, -1]}
							}
						},
						{
							"origin": [42.28591, 2.69357, -20.28979],
							"size": [0.22115, 0.68207, 0.40219],
							"pivot": [0, -0.25261, -62.11027],
							"rotation": [0, -45, 0],
							"uv": {
								"east": {"uv": [228, 254], "uv_size": [2, 3]},
								"west": {"uv": [4, 255], "uv_size": [2, 3]},
								"up": {"uv": [264, 97], "uv_size": [1, 2]},
								"down": {"uv": [264, 102], "uv_size": [1, -2]}
							}
						},
						{
							"origin": [-41.75724, 2.69357, -20.28979],
							"size": [0.22115, 0.68207, 0.40219],
							"pivot": [0, -0.25261, -62.11027],
							"rotation": [0, 45, 0],
							"uv": {
								"east": {"uv": [17, 255], "uv_size": [2, 3]},
								"west": {"uv": [20, 255], "uv_size": [2, 3]},
								"up": {"uv": [109, 264], "uv_size": [1, 2]},
								"down": {"uv": [264, 118], "uv_size": [1, -2]}
							}
						},
						{
							"origin": [-42.50706, 2.69357, -20.28979],
							"size": [0.22115, 0.68207, 0.40219],
							"pivot": [0, -0.25261, -62.11027],
							"rotation": [0, 45, 0],
							"uv": {
								"east": {"uv": [6, 255], "uv_size": [-2, 3]},
								"west": {"uv": [230, 254], "uv_size": [-2, 3]},
								"up": {"uv": [265, 97], "uv_size": [-1, 2]},
								"down": {"uv": [265, 102], "uv_size": [-1, -2]}
							}
						},
						{
							"origin": [41.53609, 2.69357, -20.28979],
							"size": [0.22115, 0.68207, 0.40219],
							"pivot": [0, -0.25261, -62.11027],
							"rotation": [0, -45, 0],
							"uv": {
								"east": {"uv": [22, 255], "uv_size": [-2, 3]},
								"west": {"uv": [19, 255], "uv_size": [-2, 3]},
								"up": {"uv": [110, 264], "uv_size": [-1, 2]},
								"down": {"uv": [265, 118], "uv_size": [-1, -2]}
							}
						},
						{
							"origin": [-0.48544, 2.69446, -2.88388],
							"size": [0.97088, 0.68297, 0.40219],
							"uv": {
								"east": {"uv": [52, 255], "uv_size": [2, 3]},
								"west": {"uv": [64, 255], "uv_size": [2, 3]},
								"up": {"uv": [129, 252], "uv_size": [4, 2]},
								"down": {"uv": [161, 254], "uv_size": [4, -2]}
							}
						},
						{
							"origin": [-0.20109, 2.69536, -3.16818],
							"size": [0.40219, 0.68297, 0.97088],
							"uv": {
								"north": {"uv": [255, 82], "uv_size": [2, 3]},
								"south": {"uv": [255, 86], "uv_size": [2, 3]},
								"up": {"uv": [252, 173], "uv_size": [2, 4]},
								"down": {"uv": [180, 256], "uv_size": [2, -4]}
							}
						},
						{
							"origin": [59.26399, 0.44892, -64.42558],
							"size": [0.32698, 0.36924, 0.78933],
							"pivot": [0, -0.25261, -62.11027],
							"rotation": [0, -90, -90],
							"uv": {
								"north": {"uv": [407, 98], "uv_size": [1, 2]},
								"south": {"uv": [409, 98], "uv_size": [1, 2]},
								"down": {"uv": [474, 32], "uv_size": [1, -3]}
							}
						},
						{
							"origin": [59.03281, 0.44892, -64.19445],
							"size": [0.78934, 0.36924, 0.32699],
							"pivot": [0, -0.25261, -62.11027],
							"rotation": [0, -90, -90],
							"uv": {
								"east": {"uv": [477, 53], "uv_size": [1, 2]},
								"west": {"uv": [420, 98], "uv_size": [1, 2]},
								"down": {"uv": [474, 1], "uv_size": [3, -1]}
							}
						},
						{
							"origin": [43.59461, 0.44892, -21.61032],
							"size": [0.1798, 0.36924, 0.32699],
							"pivot": [0, -0.25261, -62.11027],
							"rotation": [0, -45, -90],
							"uv": {
								"west": {"uv": [477, 59], "uv_size": [1, 2]},
								"down": {"uv": [478, 85], "uv_size": [1, -1]}
							}
						},
						{
							"origin": [40.87835, 0.44892, -105.65346],
							"size": [0.1798, 0.36924, 0.32699],
							"pivot": [0, -0.25261, -62.11027],
							"rotation": [-180, -45, 90],
							"uv": {
								"west": {"uv": [426, 98], "uv_size": [1, 2]},
								"down": {"uv": [454, 100], "uv_size": [1, -1]}
							}
						},
						{
							"origin": [-43.16474, 0.44892, -102.93727],
							"size": [0.1798, 0.36924, 0.32699],
							"pivot": [0, -0.25261, -62.11027],
							"rotation": [180, 45, 90],
							"uv": {
								"west": {"uv": [427, 98], "uv_size": [-1, 2]},
								"down": {"uv": [454, 99], "uv_size": [1, 1]}
							}
						},
						{
							"origin": [-40.4486, 0.44892, -18.89412],
							"size": [0.1798, 0.36924, 0.32699],
							"pivot": [0, -0.25261, -62.11027],
							"rotation": [0, 45, -90],
							"uv": {
								"west": {"uv": [478, 59], "uv_size": [-1, 2]},
								"down": {"uv": [478, 84], "uv_size": [1, 1]}
							}
						},
						{
							"origin": [40.92779, 0.80596, -105.69106],
							"size": [0.22115, 0.68207, 0.40219],
							"pivot": [0, -0.25261, -62.11027],
							"rotation": [-180, -45, 90],
							"uv": {
								"east": {"uv": [418, 120], "uv_size": [2, 3]},
								"west": {"uv": [334, 89], "uv_size": [2, 3]},
								"up": {"uv": [477, 62], "uv_size": [1, 2]},
								"down": {"uv": [477, 67], "uv_size": [1, -2]}
							}
						},
						{
							"origin": [43.64404, 0.80596, -21.64791],
							"size": [0.22115, 0.68207, 0.40219],
							"pivot": [0, -0.25261, -62.11027],
							"rotation": [0, -45, -90],
							"uv": {
								"east": {"uv": [347, 89], "uv_size": [2, 3]},
								"west": {"uv": [350, 85], "uv_size": [2, 3]},
								"up": {"uv": [439, 98], "uv_size": [1, 2]},
								"down": {"uv": [477, 83], "uv_size": [1, -2]}
							}
						},
						{
							"origin": [58.94204, 0.80685, -64.23204],
							"size": [0.97088, 0.68297, 0.40219],
							"pivot": [0, -0.25261, -62.11027],
							"rotation": [0, -90, -90],
							"uv": {
								"east": {"uv": [382, 89], "uv_size": [2, 3]},
								"west": {"uv": [394, 89], "uv_size": [2, 3]},
								"up": {"uv": [459, 86], "uv_size": [4, 2]},
								"down": {"uv": [491, 88], "uv_size": [4, -2]}
							}
						},
						{
							"origin": [59.22639, 0.80775, -64.51635],
							"size": [0.40219, 0.68297, 0.97088],
							"pivot": [0, -0.25261, -62.11027],
							"rotation": [0, -90, -90],
							"uv": {
								"north": {"uv": [468, 47], "uv_size": [2, 3]},
								"south": {"uv": [468, 51], "uv_size": [2, 3]},
								"up": {"uv": [442, 39], "uv_size": [2, 4]},
								"down": {"uv": [510, 90], "uv_size": [2, -4]}
							}
						},
						{
							"origin": [40.17797, 0.80596, -105.69106],
							"size": [0.22115, 0.68207, 0.40219],
							"pivot": [0, -0.25261, -62.11027],
							"rotation": [-180, -45, 90],
							"uv": {
								"east": {"uv": [352, 89], "uv_size": [-2, 3]},
								"west": {"uv": [349, 89], "uv_size": [-2, 3]},
								"up": {"uv": [440, 98], "uv_size": [-1, 2]},
								"down": {"uv": [478, 83], "uv_size": [-1, -2]}
							}
						},
						{
							"origin": [42.89422, 0.80596, -21.64791],
							"size": [0.22115, 0.68207, 0.40219],
							"pivot": [0, -0.25261, -62.11027],
							"rotation": [0, -45, -90],
							"uv": {
								"east": {"uv": [336, 89], "uv_size": [-2, 3]},
								"west": {"uv": [420, 120], "uv_size": [-2, 3]},
								"up": {"uv": [478, 62], "uv_size": [-1, 2]},
								"down": {"uv": [478, 67], "uv_size": [-1, -2]}
							}
						}
					]
				},
				{
					"name": "ads_hide",
					"parent": "scope_body",
					"pivot": [0, -0.38594, 0]
				},
				{
					"name": "mount_hide",
					"parent": "ads_hide",
					"pivot": [0, 1.67781, -1.57945],
					"cubes": [
						{
							"origin": [-0.33131, 39.71696, -22.75934],
							"size": [0.66263, 1.00458, 0.68639],
							"pivot": [0, -0.25261, -62.11027],
							"rotation": [-45, 0, 0],
							"uv": {
								"north": {"uv": [162, 246], "uv_size": [3, 5]},
								"east": {"uv": [171, 246], "uv_size": [3, 5]},
								"west": {"uv": [179, 246], "uv_size": [3, 5]}
							}
						},
						{
							"origin": [-41.20208, 1.28965, -22.56038],
							"size": [0.2288, 0.76648, 0.2288],
							"pivot": [0, -0.25261, -62.11027],
							"rotation": [0, 45, 0],
							"uv": {
								"north": {"uv": [63, 262], "uv_size": [1, 3]},
								"east": {"uv": [65, 262], "uv_size": [1, 3]},
								"south": {"uv": [67, 262], "uv_size": [1, 3]},
								"west": {"uv": [69, 262], "uv_size": [1, 3]},
								"up": {"uv": [265, 210], "uv_size": [1, 1]},
								"down": {"uv": [212, 266], "uv_size": [1, -1]}
							}
						},
						{
							"origin": [-41.5661, 1.28965, -22.19636],
							"size": [0.2288, 0.76648, 0.2288],
							"pivot": [0, -0.25261, -62.11027],
							"rotation": [0, 45, 0],
							"uv": {
								"north": {"uv": [262, 72], "uv_size": [1, 3]},
								"east": {"uv": [86, 262], "uv_size": [1, 3]},
								"south": {"uv": [88, 262], "uv_size": [1, 3]},
								"west": {"uv": [262, 88], "uv_size": [1, 3]},
								"up": {"uv": [265, 212], "uv_size": [1, 1]},
								"down": {"uv": [214, 266], "uv_size": [1, -1]}
							}
						},
						{
							"origin": [41.3373, 1.28965, -22.19636],
							"size": [0.2288, 0.76648, 0.2288],
							"pivot": [0, -0.25261, -62.11027],
							"rotation": [0, -45, 0],
							"uv": {
								"north": {"uv": [98, 262], "uv_size": [1, 3]},
								"east": {"uv": [262, 99], "uv_size": [1, 3]},
								"south": {"uv": [103, 262], "uv_size": [1, 3]},
								"west": {"uv": [105, 262], "uv_size": [1, 3]},
								"up": {"uv": [216, 265], "uv_size": [1, 1]},
								"down": {"uv": [218, 266], "uv_size": [1, -1]}
							}
						},
						{
							"origin": [40.97328, 1.28965, -22.56038],
							"size": [0.2288, 0.76648, 0.2288],
							"pivot": [0, -0.25261, -62.11027],
							"rotation": [0, -45, 0],
							"uv": {
								"north": {"uv": [107, 262], "uv_size": [1, 3]},
								"east": {"uv": [112, 262], "uv_size": [1, 3]},
								"south": {"uv": [114, 262], "uv_size": [1, 3]},
								"west": {"uv": [116, 262], "uv_size": [1, 3]},
								"up": {"uv": [220, 265], "uv_size": [1, 1]},
								"down": {"uv": [222, 266], "uv_size": [1, -1]}
							}
						},
						{
							"origin": [-1.24223, 1.69005, -5.31276],
							"size": [0.60686, 0.13728, 1.09775],
							"uv": {
								"north": {"uv": [261, 223], "uv_size": [3, 1]},
								"east": {"uv": [257, 42], "uv_size": [5, 1]},
								"south": {"uv": [261, 230], "uv_size": [3, 1]},
								"down": {"uv": [39, 250], "uv_size": [3, -5]}
							}
						},
						{
							"origin": [-1.24223, 1.52829, -5.31276],
							"size": [0.60686, 0.13728, 1.09775],
							"uv": {
								"north": {"uv": [261, 245], "uv_size": [3, 1]},
								"east": {"uv": [257, 44], "uv_size": [5, 1]},
								"south": {"uv": [262, 58], "uv_size": [3, 1]},
								"up": {"uv": [43, 245], "uv_size": [3, 5]}
							}
						},
						{
							"origin": [-0.35171, 2.02998, -5.31185],
							"size": [0.572, 0.1144, 1.09595],
							"pivot": [0, -0.25261, -62.11027],
							"rotation": [0, 0, -22.5],
							"uv": {
								"north": {"uv": [262, 92], "uv_size": [3, 1]},
								"east": {"uv": [257, 60], "uv_size": [5, 1]},
								"south": {"uv": [118, 262], "uv_size": [3, 1]},
								"up": {"uv": [76, 245], "uv_size": [3, 5]},
								"down": {"uv": [90, 250], "uv_size": [3, -5]}
							}
						},
						{
							"origin": [-0.08859, 1.91558, -5.31096],
							"size": [0.30888, 0.1144, 1.09415],
							"pivot": [0, -0.25261, -62.11027],
							"rotation": [0, 0, -22.5],
							"uv": {
								"north": {"uv": [265, 223], "uv_size": [1, 1]},
								"south": {"uv": [227, 265], "uv_size": [1, 1]}
							}
						},
						{
							"origin": [-1.82919, 0.91734, -5.31185],
							"size": [0.572, 0.1144, 1.09595],
							"pivot": [0, -0.25261, -62.11027],
							"rotation": [0, 0, 22.5],
							"uv": {
								"north": {"uv": [262, 122], "uv_size": [3, 1]},
								"east": {"uv": [257, 62], "uv_size": [5, 1]},
								"south": {"uv": [136, 262], "uv_size": [3, 1]},
								"up": {"uv": [121, 245], "uv_size": [3, 5]},
								"down": {"uv": [150, 250], "uv_size": [3, -5]}
							}
						},
						{
							"origin": [-1.56606, 1.03174, -5.31096],
							"size": [0.30888, 0.1144, 1.09415],
							"pivot": [0, -0.25261, -62.11027],
							"rotation": [0, 0, 22.5],
							"uv": {
								"north": {"uv": [265, 227], "uv_size": [1, 1]},
								"south": {"uv": [229, 265], "uv_size": [1, 1]}
							}
						},
						{
							"origin": [1.25718, 1.03174, -5.31096],
							"size": [0.30888, 0.1144, 1.09415],
							"pivot": [0, -0.25261, -62.11027],
							"rotation": [0, 0, -22.5],
							"uv": {
								"north": {"uv": [265, 229], "uv_size": [1, 1]},
								"south": {"uv": [231, 265], "uv_size": [1, 1]}
							}
						},
						{
							"origin": [-0.22029, 1.91558, -5.31096],
							"size": [0.30888, 0.1144, 1.09415],
							"pivot": [0, -0.25261, -62.11027],
							"rotation": [0, 0, 22.5],
							"uv": {
								"north": {"uv": [233, 265], "uv_size": [1, 1]},
								"south": {"uv": [237, 265], "uv_size": [1, 1]}
							}
						},
						{
							"origin": [0.63537, 1.69005, -5.31276],
							"size": [0.60686, 0.13728, 1.09775],
							"uv": {
								"north": {"uv": [262, 138], "uv_size": [3, 1]},
								"south": {"uv": [140, 262], "uv_size": [3, 1]},
								"west": {"uv": [105, 257], "uv_size": [5, 1]},
								"down": {"uv": [167, 250], "uv_size": [3, -5]}
							}
						},
						{
							"origin": [0.63537, 1.52829, -5.31276],
							"size": [0.60686, 0.13728, 1.09775],
							"uv": {
								"north": {"uv": [147, 262], "uv_size": [3, 1]},
								"south": {"uv": [151, 262], "uv_size": [3, 1]},
								"west": {"uv": [257, 106], "uv_size": [5, 1]},
								"up": {"uv": [191, 245], "uv_size": [3, 5]}
							}
						},
						{
							"origin": [1.25719, 0.91734, -5.31185],
							"size": [0.572, 0.1144, 1.09595],
							"pivot": [0, -0.25261, -62.11027],
							"rotation": [0, 0, -22.5],
							"uv": {
								"north": {"uv": [262, 151], "uv_size": [3, 1]},
								"south": {"uv": [262, 153], "uv_size": [3, 1]},
								"west": {"uv": [257, 108], "uv_size": [5, 1]},
								"up": {"uv": [245, 192], "uv_size": [3, 5]},
								"down": {"uv": [195, 250], "uv_size": [3, -5]}
							}
						},
						{
							"origin": [-0.22029, 2.02998, -5.31185],
							"size": [0.572, 0.1144, 1.09595],
							"pivot": [0, -0.25261, -62.11027],
							"rotation": [0, 0, 22.5],
							"uv": {
								"north": {"uv": [262, 155], "uv_size": [3, 1]},
								"south": {"uv": [164, 262], "uv_size": [3, 1]},
								"west": {"uv": [257, 110], "uv_size": [5, 1]},
								"up": {"uv": [199, 245], "uv_size": [3, 5]},
								"down": {"uv": [245, 247], "uv_size": [3, -5]}
							}
						},
						{
							"origin": [-0.33176, 0.19048, -5.31185],
							"size": [0.66352, 0.9335, 1.09595],
							"uv": {
								"north": {"uv": [244, 248], "uv_size": [3, 4]},
								"east": {"uv": [240, 237], "uv_size": [5, 4]},
								"south": {"uv": [248, 248], "uv_size": [3, 4]},
								"west": {"uv": [33, 241], "uv_size": [5, 4]}
							}
						},
						{
							"origin": [-0.81119, 0.78064, -5.31275],
							"size": [0.2471, 0.66352, 1.09773],
							"pivot": [0, -0.25261, -62.11027],
							"rotation": [0, 0, 45],
							"uv": {
								"north": {"uv": [170, 262], "uv_size": [1, 3]},
								"east": {"uv": [246, 33], "uv_size": [5, 3]},
								"south": {"uv": [172, 262], "uv_size": [1, 3]},
								"west": {"uv": [246, 44], "uv_size": [5, 3]}
							}
						},
						{
							"origin": [1.91885, 0.78064, -5.31275],
							"size": [0.2471, 0.66352, 1.09773],
							"pivot": [0, -0.25261, -62.11027],
							"rotation": [0, 0, -45],
							"uv": {
								"north": {"uv": [174, 262], "uv_size": [1, 3]},
								"east": {"uv": [80, 246], "uv_size": [5, 3]},
								"south": {"uv": [176, 262], "uv_size": [1, 3]},
								"west": {"uv": [246, 81], "uv_size": [5, 3]}
							}
						},
						{
							"origin": [0.56409, 0.78064, -5.31275],
							"size": [0.2471, 0.66352, 1.09773],
							"pivot": [0, -0.25261, -62.11027],
							"rotation": [0, 0, -45],
							"uv": {
								"north": {"uv": [171, 262], "uv_size": [-1, 3]},
								"east": {"uv": [251, 44], "uv_size": [-5, 3]},
								"south": {"uv": [173, 262], "uv_size": [-1, 3]},
								"west": {"uv": [251, 33], "uv_size": [-5, 3]}
							}
						},
						{
							"origin": [-2.16596, 0.78064, -5.31275],
							"size": [0.2471, 0.66352, 1.09773],
							"pivot": [0, -0.25261, -62.11027],
							"rotation": [0, 0, 45],
							"uv": {
								"north": {"uv": [175, 262], "uv_size": [-1, 3]},
								"east": {"uv": [251, 81], "uv_size": [-5, 3]},
								"south": {"uv": [177, 262], "uv_size": [-1, 3]},
								"west": {"uv": [85, 246], "uv_size": [-5, 3]}
							}
						},
						{
							"origin": [-0.33176, 2.23164, -5.31185],
							"size": [0.66352, 0.2471, 1.09595],
							"uv": {
								"north": {"uv": [262, 173], "uv_size": [3, 1]},
								"south": {"uv": [262, 184], "uv_size": [3, 1]},
								"up": {"uv": [102, 246], "uv_size": [3, 5]},
								"down": {"uv": [106, 251], "uv_size": [3, -5]}
							}
						},
						{
							"origin": [-44.12118, 1.28965, -19.64127],
							"size": [0.2288, 0.76648, 0.2288],
							"pivot": [0, -0.25261, -62.11027],
							"rotation": [0, 45, 0],
							"uv": {
								"north": {"uv": [63, 262], "uv_size": [1, 3]},
								"east": {"uv": [65, 262], "uv_size": [1, 3]},
								"south": {"uv": [67, 262], "uv_size": [1, 3]},
								"west": {"uv": [69, 262], "uv_size": [1, 3]},
								"up": {"uv": [265, 210], "uv_size": [1, 1]},
								"down": {"uv": [212, 266], "uv_size": [1, -1]}
							}
						},
						{
							"origin": [-44.4852, 1.28965, -19.27725],
							"size": [0.2288, 0.76648, 0.2288],
							"pivot": [0, -0.25261, -62.11027],
							"rotation": [0, 45, 0],
							"uv": {
								"north": {"uv": [262, 72], "uv_size": [1, 3]},
								"east": {"uv": [86, 262], "uv_size": [1, 3]},
								"south": {"uv": [88, 262], "uv_size": [1, 3]},
								"west": {"uv": [262, 88], "uv_size": [1, 3]},
								"up": {"uv": [265, 212], "uv_size": [1, 1]},
								"down": {"uv": [214, 266], "uv_size": [1, -1]}
							}
						},
						{
							"origin": [44.2564, 1.28965, -19.27725],
							"size": [0.2288, 0.76648, 0.2288],
							"pivot": [0, -0.25261, -62.11027],
							"rotation": [0, -45, 0],
							"uv": {
								"north": {"uv": [98, 262], "uv_size": [1, 3]},
								"east": {"uv": [262, 99], "uv_size": [1, 3]},
								"south": {"uv": [103, 262], "uv_size": [1, 3]},
								"west": {"uv": [105, 262], "uv_size": [1, 3]},
								"up": {"uv": [216, 265], "uv_size": [1, 1]},
								"down": {"uv": [218, 266], "uv_size": [1, -1]}
							}
						},
						{
							"origin": [43.89238, 1.28965, -19.64127],
							"size": [0.2288, 0.76648, 0.2288],
							"pivot": [0, -0.25261, -62.11027],
							"rotation": [0, -45, 0],
							"uv": {
								"north": {"uv": [107, 262], "uv_size": [1, 3]},
								"east": {"uv": [112, 262], "uv_size": [1, 3]},
								"south": {"uv": [114, 262], "uv_size": [1, 3]},
								"west": {"uv": [116, 262], "uv_size": [1, 3]},
								"up": {"uv": [220, 265], "uv_size": [1, 1]},
								"down": {"uv": [222, 266], "uv_size": [1, -1]}
							}
						},
						{
							"origin": [-1.24223, 1.69005, -1.18452],
							"size": [0.60686, 0.13728, 1.09774],
							"uv": {
								"north": {"uv": [261, 223], "uv_size": [3, 1]},
								"east": {"uv": [257, 42], "uv_size": [5, 1]},
								"south": {"uv": [261, 230], "uv_size": [3, 1]},
								"down": {"uv": [39, 250], "uv_size": [3, -5]}
							}
						},
						{
							"origin": [-1.24223, 1.52829, -1.18452],
							"size": [0.60686, 0.13728, 1.09774],
							"uv": {
								"north": {"uv": [261, 245], "uv_size": [3, 1]},
								"east": {"uv": [257, 44], "uv_size": [5, 1]},
								"south": {"uv": [262, 58], "uv_size": [3, 1]},
								"up": {"uv": [43, 245], "uv_size": [3, 5]}
							}
						},
						{
							"origin": [-0.35171, 2.02998, -1.18362],
							"size": [0.572, 0.1144, 1.09595],
							"pivot": [0, -0.25261, -62.11027],
							"rotation": [0, 0, -22.5],
							"uv": {
								"north": {"uv": [262, 92], "uv_size": [3, 1]},
								"east": {"uv": [257, 60], "uv_size": [5, 1]},
								"south": {"uv": [118, 262], "uv_size": [3, 1]},
								"up": {"uv": [76, 245], "uv_size": [3, 5]},
								"down": {"uv": [90, 250], "uv_size": [3, -5]}
							}
						},
						{
							"origin": [-0.08859, 1.91558, -1.18273],
							"size": [0.30888, 0.1144, 1.09416],
							"pivot": [0, -0.25261, -62.11027],
							"rotation": [0, 0, -22.5],
							"uv": {
								"north": {"uv": [265, 223], "uv_size": [1, 1]},
								"south": {"uv": [227, 265], "uv_size": [1, 1]}
							}
						},
						{
							"origin": [-1.82919, 0.91734, -1.18362],
							"size": [0.572, 0.1144, 1.09595],
							"pivot": [0, -0.25261, -62.11027],
							"rotation": [0, 0, 22.5],
							"uv": {
								"north": {"uv": [262, 122], "uv_size": [3, 1]},
								"east": {"uv": [257, 62], "uv_size": [5, 1]},
								"south": {"uv": [136, 262], "uv_size": [3, 1]},
								"up": {"uv": [121, 245], "uv_size": [3, 5]},
								"down": {"uv": [150, 250], "uv_size": [3, -5]}
							}
						},
						{
							"origin": [-1.56606, 1.03174, -1.18273],
							"size": [0.30888, 0.1144, 1.09416],
							"pivot": [0, -0.25261, -62.11027],
							"rotation": [0, 0, 22.5],
							"uv": {
								"north": {"uv": [265, 227], "uv_size": [1, 1]},
								"south": {"uv": [229, 265], "uv_size": [1, 1]}
							}
						},
						{
							"origin": [1.25718, 1.03174, -1.18273],
							"size": [0.30888, 0.1144, 1.09416],
							"pivot": [0, -0.25261, -62.11027],
							"rotation": [0, 0, -22.5],
							"uv": {
								"north": {"uv": [265, 229], "uv_size": [1, 1]},
								"south": {"uv": [231, 265], "uv_size": [1, 1]}
							}
						},
						{
							"origin": [-0.22029, 1.91558, -1.18273],
							"size": [0.30888, 0.1144, 1.09416],
							"pivot": [0, -0.25261, -62.11027],
							"rotation": [0, 0, 22.5],
							"uv": {
								"north": {"uv": [233, 265], "uv_size": [1, 1]},
								"south": {"uv": [237, 265], "uv_size": [1, 1]}
							}
						},
						{
							"origin": [0.63537, 1.69005, -1.18452],
							"size": [0.60686, 0.13728, 1.09774],
							"uv": {
								"north": {"uv": [262, 138], "uv_size": [3, 1]},
								"south": {"uv": [140, 262], "uv_size": [3, 1]},
								"west": {"uv": [105, 257], "uv_size": [5, 1]},
								"down": {"uv": [167, 250], "uv_size": [3, -5]}
							}
						},
						{
							"origin": [0.63537, 1.52829, -1.18452],
							"size": [0.60686, 0.13728, 1.09774],
							"uv": {
								"north": {"uv": [147, 262], "uv_size": [3, 1]},
								"south": {"uv": [151, 262], "uv_size": [3, 1]},
								"west": {"uv": [257, 106], "uv_size": [5, 1]},
								"up": {"uv": [191, 245], "uv_size": [3, 5]}
							}
						},
						{
							"origin": [1.25719, 0.91734, -1.18362],
							"size": [0.572, 0.1144, 1.09595],
							"pivot": [0, -0.25261, -62.11027],
							"rotation": [0, 0, -22.5],
							"uv": {
								"north": {"uv": [262, 151], "uv_size": [3, 1]},
								"south": {"uv": [262, 153], "uv_size": [3, 1]},
								"west": {"uv": [257, 108], "uv_size": [5, 1]},
								"up": {"uv": [245, 192], "uv_size": [3, 5]},
								"down": {"uv": [195, 250], "uv_size": [3, -5]}
							}
						},
						{
							"origin": [-0.22029, 2.02998, -1.18362],
							"size": [0.572, 0.1144, 1.09595],
							"pivot": [0, -0.25261, -62.11027],
							"rotation": [0, 0, 22.5],
							"uv": {
								"north": {"uv": [262, 155], "uv_size": [3, 1]},
								"south": {"uv": [164, 262], "uv_size": [3, 1]},
								"west": {"uv": [257, 110], "uv_size": [5, 1]},
								"up": {"uv": [199, 245], "uv_size": [3, 5]},
								"down": {"uv": [245, 247], "uv_size": [3, -5]}
							}
						},
						{
							"origin": [-0.33176, 0.19048, -1.18362],
							"size": [0.66352, 0.9335, 1.09595],
							"uv": {
								"north": {"uv": [244, 248], "uv_size": [3, 4]},
								"east": {"uv": [240, 237], "uv_size": [5, 4]},
								"south": {"uv": [248, 248], "uv_size": [3, 4]},
								"west": {"uv": [33, 241], "uv_size": [5, 4]}
							}
						},
						{
							"origin": [-0.81119, 0.78064, -1.18452],
							"size": [0.2471, 0.66352, 1.09774],
							"pivot": [0, -0.25261, -62.11027],
							"rotation": [0, 0, 45],
							"uv": {
								"north": {"uv": [170, 262], "uv_size": [1, 3]},
								"east": {"uv": [246, 33], "uv_size": [5, 3]},
								"south": {"uv": [172, 262], "uv_size": [1, 3]},
								"west": {"uv": [246, 44], "uv_size": [5, 3]}
							}
						},
						{
							"origin": [1.91885, 0.78064, -1.18452],
							"size": [0.2471, 0.66352, 1.09774],
							"pivot": [0, -0.25261, -62.11027],
							"rotation": [0, 0, -45],
							"uv": {
								"north": {"uv": [174, 262], "uv_size": [1, 3]},
								"east": {"uv": [80, 246], "uv_size": [5, 3]},
								"south": {"uv": [176, 262], "uv_size": [1, 3]},
								"west": {"uv": [246, 81], "uv_size": [5, 3]}
							}
						},
						{
							"origin": [-0.33176, 2.23164, -1.18362],
							"size": [0.66352, 0.2471, 1.09595],
							"uv": {
								"north": {"uv": [262, 173], "uv_size": [3, 1]},
								"south": {"uv": [262, 184], "uv_size": [3, 1]},
								"up": {"uv": [102, 246], "uv_size": [3, 5]},
								"down": {"uv": [106, 251], "uv_size": [3, -5]}
							}
						},
						{
							"origin": [-0.33131, 42.63606, -19.84024],
							"size": [0.66263, 1.00458, 0.6864],
							"pivot": [0, -0.25261, -62.11027],
							"rotation": [-45, 0, 0],
							"uv": {
								"north": {"uv": [162, 246], "uv_size": [3, 5]},
								"east": {"uv": [171, 246], "uv_size": [3, 5]},
								"west": {"uv": [179, 246], "uv_size": [3, 5]}
							}
						},
						{
							"origin": [-2.16596, 0.78064, -1.18452],
							"size": [0.2471, 0.66352, 1.09774],
							"pivot": [0, -0.25261, -62.11027],
							"rotation": [0, 0, 45],
							"uv": {
								"north": {"uv": [175, 262], "uv_size": [-1, 3]},
								"east": {"uv": [251, 81], "uv_size": [-5, 3]},
								"south": {"uv": [177, 262], "uv_size": [-1, 3]},
								"west": {"uv": [85, 246], "uv_size": [-5, 3]}
							}
						},
						{
							"origin": [0.56409, 0.78064, -1.18452],
							"size": [0.2471, 0.66352, 1.09774],
							"pivot": [0, -0.25261, -62.11027],
							"rotation": [0, 0, -45],
							"uv": {
								"north": {"uv": [171, 262], "uv_size": [-1, 3]},
								"east": {"uv": [251, 44], "uv_size": [-5, 3]},
								"south": {"uv": [173, 262], "uv_size": [-1, 3]},
								"west": {"uv": [251, 33], "uv_size": [-5, 3]}
							}
						}
					]
				},
				{
					"name": "scope_hide",
					"parent": "ads_hide",
					"pivot": [0, 1.67781, -5.70768],
					"cubes": [
						{
							"origin": [-0.572, 2.82995, -11.33616],
							"size": [1.144, 0.2288, 2.9744],
							"uv": {
								"north": {"uv": [256, 139], "uv_size": [5, 1]},
								"south": {"uv": [256, 170], "uv_size": [5, 1]},
								"up": {"uv": [128, 185], "uv_size": [5, 13]},
								"down": {"uv": [159, 198], "uv_size": [5, -13]}
							}
						},
						{
							"origin": [1.15213, 1.10581, -11.33616],
							"size": [0.2288, 1.144, 2.9744],
							"uv": {
								"north": {"uv": [121, 256], "uv_size": [1, 5]},
								"east": {"uv": [186, 175], "uv_size": [13, 5]},
								"south": {"uv": [148, 256], "uv_size": [1, 5]},
								"west": {"uv": [186, 181], "uv_size": [13, 5]}
							}
						},
						{
							"origin": [2.51714, 0.5404, -11.33616],
							"size": [0.2288, 1.144, 2.9744],
							"pivot": [0, -0.25261, -62.11027],
							"rotation": [0, 0, -45],
							"uv": {
								"north": {"uv": [150, 256], "uv_size": [1, 5]},
								"east": {"uv": [27, 187], "uv_size": [13, 5]},
								"south": {"uv": [209, 256], "uv_size": [1, 5]},
								"west": {"uv": [88, 187], "uv_size": [13, 5]}
							}
						},
						{
							"origin": [-0.21289, 0.5404, -11.33616],
							"size": [0.2288, 1.144, 2.9744],
							"pivot": [0, -0.25261, -62.11027],
							"rotation": [0, 0, 45],
							"uv": {
								"north": {"uv": [211, 256], "uv_size": [1, 5]},
								"east": {"uv": [186, 187], "uv_size": [13, 5]},
								"south": {"uv": [252, 256], "uv_size": [1, 5]},
								"west": {"uv": [102, 190], "uv_size": [13, 5]}
							}
						},
						{
							"origin": [-2.74594, 0.5404, -11.33616],
							"size": [0.2288, 1.144, 2.9744],
							"pivot": [0, -0.25261, -62.11027],
							"rotation": [0, 0, 45],
							"uv": {
								"north": {"uv": [256, 252], "uv_size": [1, 5]},
								"east": {"uv": [165, 192], "uv_size": [13, 5]},
								"south": {"uv": [254, 256], "uv_size": [1, 5]},
								"west": {"uv": [27, 193], "uv_size": [13, 5]}
							}
						},
						{
							"origin": [-1.38093, 1.10581, -11.33616],
							"size": [0.2288, 1.144, 2.9744],
							"uv": {
								"north": {"uv": [0, 257], "uv_size": [1, 5]},
								"east": {"uv": [66, 193], "uv_size": [13, 5]},
								"south": {"uv": [2, 257], "uv_size": [1, 5]},
								"west": {"uv": [88, 193], "uv_size": [13, 5]}
							}
						},
						{
							"origin": [-0.25546, 2.19235, -5.93547],
							"size": [0.51091, 0.10218, 7.36944],
							"uv": {
								"north": {"uv": [263, 66], "uv_size": [2, 1]},
								"south": {"uv": [263, 114], "uv_size": [2, 1]},
								"up": {"uv": [54, 162], "uv_size": [2, 32]},
								"down": {"uv": [144, 198], "uv_size": [2, -32]}
							}
						},
						{
							"origin": [0.51454, 1.42236, -5.93547],
							"size": [0.10218, 0.51091, 7.36944],
							"uv": {
								"north": {"uv": [263, 132], "uv_size": [1, 2]},
								"east": {"uv": [176, 15], "uv_size": [32, 2]},
								"south": {"uv": [160, 263], "uv_size": [1, 2]},
								"west": {"uv": [177, 92], "uv_size": [32, 2]}
							}
						},
						{
							"origin": [1.87956, 0.85694, -5.93547],
							"size": [0.10218, 0.51091, 7.36944],
							"pivot": [0, -0.25261, -62.11027],
							"rotation": [0, 0, -45],
							"uv": {
								"north": {"uv": [162, 263], "uv_size": [1, 2]},
								"east": {"uv": [178, 30], "uv_size": [32, 2]},
								"south": {"uv": [182, 263], "uv_size": [1, 2]},
								"west": {"uv": [178, 130], "uv_size": [32, 2]}
							}
						},
						{
							"origin": [-0.85048, 0.85694, -5.93547],
							"size": [0.10218, 0.51091, 7.36944],
							"pivot": [0, -0.25261, -62.11027],
							"rotation": [0, 0, 45],
							"uv": {
								"north": {"uv": [184, 263], "uv_size": [1, 2]},
								"east": {"uv": [188, 169], "uv_size": [32, 2]},
								"south": {"uv": [186, 263], "uv_size": [1, 2]},
								"west": {"uv": [197, 3], "uv_size": [32, 2]}
							}
						},
						{
							"origin": [-0.25546, 1.06109, -5.93547],
							"size": [0.51091, 0.10218, 7.36944],
							"uv": {
								"north": {"uv": [263, 188], "uv_size": [2, 1]},
								"south": {"uv": [263, 196], "uv_size": [2, 1]},
								"up": {"uv": [80, 192], "uv_size": [2, 32]},
								"down": {"uv": [120, 224], "uv_size": [2, -32]}
							}
						},
						{
							"origin": [15.01923, 6.16502, -10.9619],
							"size": [0.22277, 0.56597, 3.19718],
							"inflate": 0.00391,
							"pivot": [0, -0.25261, -62.11027],
							"rotation": [-5, -15, 0],
							"uv": {
								"east": {"uv": [219, 156], "uv_size": [14, 3]},
								"south": {"uv": [180, 260], "uv_size": [1, 3]},
								"west": {"uv": [219, 160], "uv_size": [14, 3]}
							}
						},
						{
							"origin": [15.01622, -3.39308, -10.62843],
							"size": [0.2288, 0.572, 3.2032],
							"pivot": [0, -0.25261, -62.11027],
							"rotation": [5, -15, 0],
							"uv": {
								"east": {"uv": [19, 221], "uv_size": [14, 3]},
								"south": {"uv": [225, 260], "uv_size": [1, 3]},
								"west": {"uv": [221, 106], "uv_size": [14, 3]}
							}
						},
						{
							"origin": [-15.24502, -3.39308, -10.62843],
							"size": [0.2288, 0.572, 3.2032],
							"pivot": [0, -0.25261, -62.11027],
							"rotation": [5, 15, 0],
							"uv": {
								"east": {"uv": [221, 110], "uv_size": [14, 3]},
								"south": {"uv": [235, 260], "uv_size": [1, 3]},
								"west": {"uv": [221, 133], "uv_size": [14, 3]}
							}
						},
						{
							"origin": [-15.242, 6.16502, -10.9619],
							"size": [0.22277, 0.56597, 3.19718],
							"inflate": 0.00391,
							"pivot": [0, -0.25261, -62.11027],
							"rotation": [-5, 15, 0],
							"uv": {
								"east": {"uv": [221, 169], "uv_size": [14, 3]},
								"south": {"uv": [260, 252], "uv_size": [1, 3]},
								"west": {"uv": [183, 221], "uv_size": [14, 3]}
							}
						},
						{
							"origin": [-0.572, 0.29688, -11.33616],
							"size": [1.144, 0.2288, 2.9744],
							"uv": {
								"north": {"uv": [256, 192], "uv_size": [5, 1]},
								"south": {"uv": [256, 194], "uv_size": [5, 1]},
								"up": {"uv": [153, 186], "uv_size": [5, 13]},
								"down": {"uv": [8, 205], "uv_size": [5, -13]}
							}
						},
						{
							"origin": [4.45101, 16.63125, -11.29138],
							"size": [0.56597, 0.22278, 3.19718],
							"inflate": 0.00391,
							"pivot": [0, -0.25261, -62.11027],
							"rotation": [-15.0547, -4.82922, 1.29717],
							"uv": {
								"north": {"uv": [260, 256], "uv_size": [3, 1]},
								"south": {"uv": [260, 258], "uv_size": [3, 1]},
								"up": {"uv": [95, 214], "uv_size": [3, 14]},
								"down": {"uv": [138, 228], "uv_size": [3, -14]}
							}
						},
						{
							"origin": [-5.02, 16.62825, -11.2944],
							"size": [0.572, 0.2288, 3.2032],
							"pivot": [0, -0.25261, -62.11027],
							"rotation": [-15.0547, 4.82922, -1.29717],
							"uv": {
								"north": {"uv": [260, 260], "uv_size": [3, 1]},
								"south": {"uv": [261, 16], "uv_size": [3, 1]},
								"up": {"uv": [142, 214], "uv_size": [3, 14]},
								"down": {"uv": [64, 229], "uv_size": [3, -14]}
							}
						},
						{
							"origin": [4.5381, -13.62818, -10.29593],
							"size": [0.56597, 0.22277, 3.19718],
							"inflate": 0.00391,
							"pivot": [0, -0.25261, -62.11027],
							"rotation": [15.0547, -4.82922, -1.29717],
							"uv": {
								"south": {"uv": [261, 20], "uv_size": [3, 1]},
								"up": {"uv": [68, 215], "uv_size": [3, 14]},
								"down": {"uv": [72, 229], "uv_size": [3, -14]}
							}
						},
						{
							"origin": [-5.10709, -13.6312, -10.29894],
							"size": [0.572, 0.2288, 3.2032],
							"pivot": [0, -0.25261, -62.11027],
							"rotation": [15.0547, 4.82922, 1.29717],
							"uv": {
								"south": {"uv": [261, 24], "uv_size": [3, 1]},
								"up": {"uv": [34, 217], "uv_size": [3, 14]},
								"down": {"uv": [0, 233], "uv_size": [3, -14]}
							}
						},
						{
							"origin": [15.66393, 7.49232, -11.30013],
							"size": [0.2288, 0.37752, 3.2032],
							"pivot": [0, -0.25261, -62.11027],
							"rotation": [-6.925, -14.25, -45],
							"uv": {
								"east": {"uv": [230, 52], "uv_size": [14, 2]},
								"south": {"uv": [255, 263], "uv_size": [1, 2]},
								"west": {"uv": [151, 230], "uv_size": [14, 2]}
							}
						},
						{
							"origin": [15.66303, -5.66495, -10.97097],
							"size": [0.2288, 0.37752, 3.2032],
							"pivot": [0, -0.25261, -62.11027],
							"rotation": [6.925, -14.25, -45],
							"uv": {
								"east": {"uv": [231, 81], "uv_size": [14, 2]},
								"south": {"uv": [264, 10], "uv_size": [1, 2]},
								"west": {"uv": [120, 231], "uv_size": [14, 2]}
							}
						},
						{
							"origin": [15.66125, -5.28743, -10.97097],
							"size": [0.2288, 0.19876, 1.8304],
							"pivot": [0, -0.25261, -62.11027],
							"rotation": [6.925, -14.25, -45],
							"uv": {
								"east": {"uv": [212, 113], "uv_size": [8, 1]},
								"south": {"uv": [265, 75], "uv_size": [1, 1]},
								"west": {"uv": [249, 196], "uv_size": [8, 1]}
							}
						},
						{
							"origin": [15.66214, 7.29354, -11.30013],
							"size": [0.2288, 0.20659, 1.8304],
							"pivot": [0, -0.25261, -62.11027],
							"rotation": [-6.925, -14.25, -45],
							"uv": {
								"east": {"uv": [250, 239], "uv_size": [8, 1]},
								"south": {"uv": [265, 79], "uv_size": [1, 1]},
								"west": {"uv": [251, 26], "uv_size": [8, 1]}
							}
						},
						{
							"origin": [-15.89183, -5.66495, -10.97097],
							"size": [0.2288, 0.37752, 3.2032],
							"pivot": [0, -0.25261, -62.11027],
							"rotation": [6.925, 14.25, 45],
							"uv": {
								"east": {"uv": [134, 231], "uv_size": [-14, 2]},
								"south": {"uv": [265, 10], "uv_size": [-1, 2]},
								"west": {"uv": [245, 81], "uv_size": [-14, 2]}
							}
						},
						{
							"origin": [-15.89005, -5.28743, -10.97097],
							"size": [0.2288, 0.19876, 1.8304],
							"pivot": [0, -0.25261, -62.11027],
							"rotation": [6.925, 14.25, 45],
							"uv": {
								"east": {"uv": [257, 196], "uv_size": [-8, 1]},
								"south": {"uv": [266, 75], "uv_size": [-1, 1]},
								"west": {"uv": [220, 113], "uv_size": [-8, 1]}
							}
						},
						{
							"origin": [-15.89094, 7.29354, -11.30013],
							"size": [0.2288, 0.20659, 1.8304],
							"pivot": [0, -0.25261, -62.11027],
							"rotation": [-6.925, 14.25, 45],
							"uv": {
								"east": {"uv": [259, 26], "uv_size": [-8, 1]},
								"south": {"uv": [266, 79], "uv_size": [-1, 1]},
								"west": {"uv": [258, 239], "uv_size": [-8, 1]}
							}
						},
						{
							"origin": [-15.89273, 7.49232, -11.30013],
							"size": [0.2288, 0.37752, 3.2032],
							"pivot": [0, -0.25261, -62.11027],
							"rotation": [-6.925, 14.25, 45],
							"uv": {
								"east": {"uv": [165, 230], "uv_size": [-14, 2]},
								"south": {"uv": [256, 263], "uv_size": [-1, 2]},
								"west": {"uv": [244, 52], "uv_size": [-14, 2]}
							}
						},
						{
							"origin": [13.0152, -5.36845, -10.30387],
							"size": [0.2288, 0.19876, 1.8304],
							"pivot": [0, -0.25261, -62.11027],
							"rotation": [6.925, -14.25, 45],
							"uv": {
								"east": {"uv": [252, 135], "uv_size": [8, 1]},
								"south": {"uv": [92, 265], "uv_size": [1, 1]},
								"west": {"uv": [252, 137], "uv_size": [8, 1]}
							}
						},
						{
							"origin": [13.01699, 7.37457, -10.63303],
							"size": [0.2288, 0.19878, 1.8304],
							"pivot": [0, -0.25261, -62.11027],
							"rotation": [-6.925, -14.25, 45],
							"uv": {
								"east": {"uv": [252, 141], "uv_size": [8, 1]},
								"south": {"uv": [100, 265], "uv_size": [1, 1]},
								"west": {"uv": [252, 143], "uv_size": [8, 1]}
							}
						},
						{
							"origin": [13.0161, -5.74597, -10.30387],
							"size": [0.2288, 0.37752, 3.2032],
							"pivot": [0, -0.25261, -62.11027],
							"rotation": [6.925, -14.25, 45],
							"uv": {
								"east": {"uv": [232, 0], "uv_size": [14, 2]},
								"south": {"uv": [264, 30], "uv_size": [1, 2]},
								"west": {"uv": [232, 8], "uv_size": [14, 2]}
							}
						},
						{
							"origin": [13.01699, 7.57334, -10.63303],
							"size": [0.2288, 0.37752, 3.2032],
							"pivot": [0, -0.25261, -62.11027],
							"rotation": [-6.925, -14.25, 45],
							"uv": {
								"east": {"uv": [232, 11], "uv_size": [14, 2]},
								"south": {"uv": [264, 54], "uv_size": [1, 2]},
								"west": {"uv": [232, 24], "uv_size": [14, 2]}
							}
						},
						{
							"origin": [-13.2449, -5.74597, -10.30387],
							"size": [0.2288, 0.37752, 3.2032],
							"pivot": [0, -0.25261, -62.11027],
							"rotation": [6.925, 14.25, -45],
							"uv": {
								"east": {"uv": [246, 8], "uv_size": [-14, 2]},
								"south": {"uv": [265, 30], "uv_size": [-1, 2]},
								"west": {"uv": [246, 0], "uv_size": [-14, 2]}
							}
						},
						{
							"origin": [-13.244, -5.36845, -10.30387],
							"size": [0.2288, 0.19876, 1.8304],
							"pivot": [0, -0.25261, -62.11027],
							"rotation": [6.925, 14.25, -45],
							"uv": {
								"east": {"uv": [260, 137], "uv_size": [-8, 1]},
								"south": {"uv": [93, 265], "uv_size": [-1, 1]},
								"west": {"uv": [260, 135], "uv_size": [-8, 1]}
							}
						},
						{
							"origin": [-13.24579, 7.37457, -10.63303],
							"size": [0.2288, 0.19878, 1.8304],
							"pivot": [0, -0.25261, -62.11027],
							"rotation": [-6.925, 14.25, -45],
							"uv": {
								"east": {"uv": [260, 143], "uv_size": [-8, 1]},
								"south": {"uv": [101, 265], "uv_size": [-1, 1]},
								"west": {"uv": [260, 141], "uv_size": [-8, 1]}
							}
						},
						{
							"origin": [-13.24579, 7.57334, -10.63303],
							"size": [0.2288, 0.37752, 3.2032],
							"pivot": [0, -0.25261, -62.11027],
							"rotation": [-6.925, 14.25, -45],
							"uv": {
								"east": {"uv": [246, 24], "uv_size": [-14, 2]},
								"south": {"uv": [265, 54], "uv_size": [-1, 2]},
								"west": {"uv": [246, 11], "uv_size": [-14, 2]}
							}
						},
						{
							"origin": [-0.01591, 0.5404, -11.33616],
							"size": [0.2288, 1.144, 2.9744],
							"pivot": [0, -0.25261, -62.11027],
							"rotation": [0, 0, -45],
							"uv": {
								"north": {"uv": [212, 256], "uv_size": [-1, 5]},
								"east": {"uv": [115, 190], "uv_size": [-13, 5]},
								"south": {"uv": [253, 256], "uv_size": [-1, 5]},
								"west": {"uv": [199, 187], "uv_size": [-13, 5]}
							}
						},
						{
							"origin": [-1.98174, 0.85694, -5.93547],
							"size": [0.10218, 0.51091, 7.36944],
							"pivot": [0, -0.25261, -62.11027],
							"rotation": [0, 0, 45],
							"uv": {
								"north": {"uv": [163, 263], "uv_size": [-1, 2]},
								"east": {"uv": [210, 130], "uv_size": [-32, 2]},
								"south": {"uv": [183, 263], "uv_size": [-1, 2]},
								"west": {"uv": [210, 30], "uv_size": [-32, 2]}
							}
						},
						{
							"origin": [0.7483, 0.85694, -5.93547],
							"size": [0.10218, 0.51091, 7.36944],
							"pivot": [0, -0.25261, -62.11027],
							"rotation": [0, 0, -45],
							"uv": {
								"north": {"uv": [185, 263], "uv_size": [-1, 2]},
								"east": {"uv": [229, 3], "uv_size": [-32, 2]},
								"south": {"uv": [187, 263], "uv_size": [-1, 2]},
								"west": {"uv": [220, 169], "uv_size": [-32, 2]}
							}
						},
						{
							"origin": [-0.61672, 1.42236, -5.93547],
							"size": [0.10218, 0.51091, 7.36944],
							"uv": {
								"north": {"uv": [264, 132], "uv_size": [-1, 2]},
								"east": {"uv": [209, 92], "uv_size": [-32, 2]},
								"south": {"uv": [161, 263], "uv_size": [-1, 2]},
								"west": {"uv": [208, 15], "uv_size": [-32, 2]}
							}
						},
						{
							"origin": [-1.20442, 0.47517, -10.35003],
							"size": [2.40885, 2.40886, 0],
							"uv": {
								"north": {"uv": [158, 174], "uv_size": [11, 11]}
							}
						},
						{
							"origin": [-0.33176, 0.87688, -3.49719],
							"size": [0.66352, 0.2471, 1.55534],
							"uv": {
								"north": {"uv": [261, 68], "uv_size": [3, 1]},
								"south": {"uv": [261, 70], "uv_size": [3, 1]},
								"up": {"uv": [19, 235], "uv_size": [3, 7]},
								"down": {"uv": [29, 242], "uv_size": [3, -7]}
							}
						},
						{
							"origin": [-0.80094, 1.34605, -3.49719],
							"size": [0.2471, 0.66352, 1.55534],
							"uv": {
								"north": {"uv": [82, 261], "uv_size": [1, 3]},
								"east": {"uv": [191, 236], "uv_size": [7, 3]},
								"south": {"uv": [84, 261], "uv_size": [1, 3]},
								"west": {"uv": [199, 236], "uv_size": [7, 3]}
							}
						},
						{
							"origin": [-2.16596, 0.78064, -3.49629],
							"size": [0.2471, 0.66352, 1.55355],
							"pivot": [0, -0.25261, -62.11027],
							"rotation": [0, 0, 45],
							"uv": {
								"north": {"uv": [261, 84], "uv_size": [1, 3]},
								"east": {"uv": [237, 18], "uv_size": [7, 3]},
								"south": {"uv": [92, 261], "uv_size": [1, 3]},
								"west": {"uv": [145, 237], "uv_size": [7, 3]}
							}
						},
						{
							"origin": [-0.81119, 0.78064, -3.49629],
							"size": [0.2471, 0.66352, 1.55355],
							"pivot": [0, -0.25261, -62.11027],
							"rotation": [0, 0, 45],
							"uv": {
								"north": {"uv": [94, 261], "uv_size": [1, 3]},
								"east": {"uv": [237, 194], "uv_size": [7, 3]},
								"south": {"uv": [101, 261], "uv_size": [1, 3]},
								"west": {"uv": [232, 237], "uv_size": [7, 3]}
							}
						},
						{
							"origin": [0.56409, 0.78064, -3.49629],
							"size": [0.2471, 0.66352, 1.55355],
							"pivot": [0, -0.25261, -62.11027],
							"rotation": [0, 0, -45],
							"uv": {
								"north": {"uv": [95, 261], "uv_size": [-1, 3]},
								"east": {"uv": [239, 237], "uv_size": [-7, 3]},
								"south": {"uv": [102, 261], "uv_size": [-1, 3]},
								"west": {"uv": [244, 194], "uv_size": [-7, 3]}
							}
						},
						{
							"origin": [1.91885, 0.78064, -3.49629],
							"size": [0.2471, 0.66352, 1.55355],
							"pivot": [0, -0.25261, -62.11027],
							"rotation": [0, 0, -45],
							"uv": {
								"north": {"uv": [125, 261], "uv_size": [1, 3]},
								"east": {"uv": [238, 3], "uv_size": [7, 3]},
								"south": {"uv": [127, 261], "uv_size": [1, 3]},
								"west": {"uv": [238, 34], "uv_size": [7, 3]}
							}
						},
						{
							"origin": [0.55383, 1.34605, -3.49719],
							"size": [0.2471, 0.66352, 1.55534],
							"uv": {
								"north": {"uv": [129, 261], "uv_size": [1, 3]},
								"east": {"uv": [39, 238], "uv_size": [7, 3]},
								"south": {"uv": [261, 132], "uv_size": [1, 3]},
								"west": {"uv": [238, 45], "uv_size": [7, 3]}
							}
						},
						{
							"origin": [-0.33176, 2.23164, -3.49719],
							"size": [0.66352, 0.2471, 1.55534],
							"uv": {
								"north": {"uv": [261, 120], "uv_size": [3, 1]},
								"south": {"uv": [261, 136], "uv_size": [3, 1]},
								"up": {"uv": [214, 235], "uv_size": [3, 7]},
								"down": {"uv": [99, 243], "uv_size": [3, -7]}
							}
						},
						{
							"origin": [-0.33176, 0.87688, 1.41487],
							"size": [0.66352, 0.18682, 3.15515],
							"uv": {
								"north": {"uv": [170, 254], "uv_size": [3, 2]},
								"south": {"uv": [174, 254], "uv_size": [3, 2]},
								"up": {"uv": [11, 214], "uv_size": [3, 14]},
								"down": {"uv": [15, 228], "uv_size": [3, -14]}
							}
						},
						{
							"origin": [-0.7509, 0.78064, 1.41396],
							"size": [0.18682, 0.66352, 3.15515],
							"pivot": [0, -0.25261, -62.11027],
							"rotation": [0, 0, 45],
							"uv": {
								"north": {"uv": [195, 254], "uv_size": [2, 3]},
								"east": {"uv": [217, 148], "uv_size": [14, 3]},
								"south": {"uv": [198, 254], "uv_size": [2, 3]},
								"west": {"uv": [217, 152], "uv_size": [14, 3]}
							}
						},
						{
							"origin": [1.97914, 0.78064, 1.41396],
							"size": [0.18682, 0.66352, 3.15515],
							"pivot": [0, -0.25261, -62.11027],
							"rotation": [0, 0, -45],
							"uv": {
								"north": {"uv": [203, 254], "uv_size": [2, 3]},
								"east": {"uv": [216, 217], "uv_size": [14, 3]},
								"south": {"uv": [206, 254], "uv_size": [2, 3]},
								"west": {"uv": [218, 56], "uv_size": [14, 3]}
							}
						},
						{
							"origin": [0.61412, 1.34605, 1.41487],
							"size": [0.18682, 0.66352, 3.15515],
							"uv": {
								"north": {"uv": [254, 211], "uv_size": [2, 3]},
								"east": {"uv": [123, 218], "uv_size": [14, 3]},
								"south": {"uv": [214, 254], "uv_size": [2, 3]},
								"west": {"uv": [155, 219], "uv_size": [14, 3]}
							}
						},
						{
							"origin": [-0.33176, 2.29193, 1.41487],
							"size": [0.66352, 0.18682, 3.15515],
							"uv": {
								"north": {"uv": [254, 215], "uv_size": [3, 2]},
								"south": {"uv": [217, 254], "uv_size": [3, 2]},
								"up": {"uv": [39, 214], "uv_size": [3, 14]},
								"down": {"uv": [43, 228], "uv_size": [3, -14]}
							}
						},
						{
							"origin": [-2.16596, 0.78064, 1.41396],
							"size": [0.18682, 0.66352, 3.15515],
							"pivot": [0, -0.25261, -62.11027],
							"rotation": [0, 0, 45],
							"uv": {
								"north": {"uv": [205, 254], "uv_size": [-2, 3]},
								"east": {"uv": [232, 56], "uv_size": [-14, 3]},
								"south": {"uv": [208, 254], "uv_size": [-2, 3]},
								"west": {"uv": [230, 217], "uv_size": [-14, 3]}
							}
						},
						{
							"origin": [-0.80094, 1.34605, 1.41487],
							"size": [0.18682, 0.66352, 3.15515],
							"uv": {
								"north": {"uv": [256, 211], "uv_size": [-2, 3]},
								"east": {"uv": [169, 219], "uv_size": [-14, 3]},
								"south": {"uv": [216, 254], "uv_size": [-2, 3]},
								"west": {"uv": [137, 218], "uv_size": [-14, 3]}
							}
						},
						{
							"origin": [0.56409, 0.78064, 1.41396],
							"size": [0.18682, 0.66352, 3.15515],
							"pivot": [0, -0.25261, -62.11027],
							"rotation": [0, 0, -45],
							"uv": {
								"north": {"uv": [197, 254], "uv_size": [-2, 3]},
								"east": {"uv": [231, 152], "uv_size": [-14, 3]},
								"south": {"uv": [200, 254], "uv_size": [-2, 3]},
								"west": {"uv": [231, 148], "uv_size": [-14, 3]}
							}
						}
					]
				},
				{
					"name": "couvah",
					"parent": "scope_hide",
					"pivot": [0, -4.03405, -0.29656]
				},
				{
					"name": "cover_front",
					"parent": "couvah",
					"pivot": [0.00045, 3.63962, -11.20136],
					"cubes": [
						{
							"origin": [-0.64808, 2.86727, -10.98983],
							"size": [1.29569, 0.37283, 1.07244],
							"uv": {
								"north": {"uv": [357, 40], "uv_size": [6, 2]},
								"south": {"uv": [357, 43], "uv_size": [6, 2]},
								"up": {"uv": [326, 16], "uv_size": [6, 5]},
								"down": {"uv": [333, 21], "uv_size": [6, -5]}
							}
						},
						{
							"origin": [1.19098, 1.02823, -10.98983],
							"size": [0.37283, 1.29568, 1.07244],
							"uv": {
								"north": {"uv": [358, 0], "uv_size": [2, 6]},
								"east": {"uv": [334, 0], "uv_size": [5, 6]},
								"south": {"uv": [345, 44], "uv_size": [2, 6]},
								"west": {"uv": [334, 7], "uv_size": [5, 6]}
							}
						},
						{
							"origin": [2.55482, 0.46349, -10.98893],
							"size": [0.37283, 1.29568, 1.07065],
							"pivot": [0, -0.25261, -62.11027],
							"rotation": [0, 0, -45],
							"uv": {
								"north": {"uv": [348, 44], "uv_size": [2, 6]},
								"east": {"uv": [326, 22], "uv_size": [5, 6]},
								"south": {"uv": [351, 44], "uv_size": [2, 6]},
								"west": {"uv": [332, 22], "uv_size": [5, 6]}
							}
						},
						{
							"origin": [-0.17273, 0.46317, -10.98893],
							"size": [0.37283, 1.29568, 1.07065],
							"pivot": [0, -0.25261, -62.11027],
							"rotation": [0, 0, 45],
							"uv": {
								"north": {"uv": [359, 24], "uv_size": [2, 6]},
								"east": {"uv": [314, 24], "uv_size": [5, 6]},
								"south": {"uv": [354, 45], "uv_size": [2, 6]},
								"west": {"uv": [320, 24], "uv_size": [5, 6]}
							}
						},
						{
							"origin": [-0.2001, 0.46317, -10.98893],
							"size": [0.37283, 1.29568, 1.07065],
							"pivot": [0, -0.25261, -62.11027],
							"rotation": [0, 0, -45],
							"uv": {
								"north": {"uv": [361, 24], "uv_size": [-2, 6]},
								"east": {"uv": [325, 24], "uv_size": [-5, 6]},
								"south": {"uv": [356, 45], "uv_size": [-2, 6]},
								"west": {"uv": [319, 24], "uv_size": [-5, 6]}
							}
						},
						{
							"origin": [-1.56381, 1.02823, -10.98983],
							"size": [0.37283, 1.29568, 1.07244],
							"uv": {
								"north": {"uv": [360, 0], "uv_size": [-2, 6]},
								"east": {"uv": [339, 7], "uv_size": [-5, 6]},
								"south": {"uv": [347, 44], "uv_size": [-2, 6]},
								"west": {"uv": [339, 0], "uv_size": [-5, 6]}
							}
						},
						{
							"origin": [-2.92765, 0.46349, -10.98893],
							"size": [0.37283, 1.29568, 1.07065],
							"pivot": [0, -0.25261, -62.11027],
							"rotation": [0, 0, 45],
							"uv": {
								"north": {"uv": [350, 44], "uv_size": [-2, 6]},
								"east": {"uv": [337, 22], "uv_size": [-5, 6]},
								"south": {"uv": [353, 44], "uv_size": [-2, 6]},
								"west": {"uv": [331, 22], "uv_size": [-5, 6]}
							}
						},
						{
							"origin": [-0.64808, 0.11204, -10.98983],
							"size": [1.29569, 0.37283, 1.07244],
							"uv": {
								"north": {"uv": [314, 47], "uv_size": [6, 2]},
								"south": {"uv": [361, 0], "uv_size": [6, 2]},
								"up": {"uv": [338, 29], "uv_size": [6, 5]},
								"down": {"uv": [344, 26], "uv_size": [6, -5]}
							}
						}
					]
				},
				{
					"name": "a",
					"parent": "cover_front",
					"pivot": [0.00045, 3.63962, -11.20136],
					"cubes": [
						{
							"origin": [-0.56227, 3.24001, -10.98963],
							"size": [0.25946, 0.4861, 0.48016],
							"uv": {
								"north": {"uv": [324, 31], "uv_size": [1, 2]},
								"east": {"uv": [317, 55], "uv_size": [2, 2]},
								"south": {"uv": [336, 36], "uv_size": [1, 2]},
								"west": {"uv": [320, 55], "uv_size": [2, 2]},
								"up": {"uv": [351, 24], "uv_size": [1, 2]}
							}
						},
						{
							"origin": [0.30235, 3.24001, -10.98963],
							"size": [0.25946, 0.4861, 0.48016],
							"uv": {
								"north": {"uv": [369, 52], "uv_size": [1, 2]},
								"east": {"uv": [369, 7], "uv_size": [2, 2]},
								"south": {"uv": [369, 55], "uv_size": [1, 2]},
								"west": {"uv": [323, 55], "uv_size": [2, 2]},
								"up": {"uv": [370, 2], "uv_size": [1, 2]}
							}
						}
					]
				},
				{
					"name": "cover_frontt",
					"parent": "a",
					"pivot": [-0.00023, 3.4666, -10.76847],
					"rotation": [140, 0, 0],
					"cubes": [
						{
							"origin": [-0.64808, 0.11204, -11.43604],
							"size": [1.29569, 0.34995, 0.44973],
							"uv": {
								"north": {"uv": [350, 8], "uv_size": [6, 2]},
								"south": {"uv": [350, 11], "uv_size": [6, 2]},
								"up": {"uv": [326, 36], "uv_size": [6, 2]},
								"down": {"uv": [350, 16], "uv_size": [6, -2]}
							}
						},
						{
							"origin": [-28.18074, 12.05332, -11.43514],
							"size": [0.34995, 1.29568, 0.44704],
							"pivot": [0, 39.31756, 26.17096],
							"rotation": [0, 0, -45],
							"uv": {
								"north": {"uv": [342, 35], "uv_size": [2, 6]},
								"east": {"uv": [333, 36], "uv_size": [2, 6]},
								"south": {"uv": [351, 17], "uv_size": [2, 6]},
								"west": {"uv": [345, 37], "uv_size": [2, 6]}
							}
						},
						{
							"origin": [-1.56426, 1.02823, -11.43604],
							"size": [0.34995, 1.29568, 0.44973],
							"uv": {
								"north": {"uv": [348, 37], "uv_size": [2, 6]},
								"east": {"uv": [351, 37], "uv_size": [2, 6]},
								"south": {"uv": [326, 39], "uv_size": [2, 6]},
								"west": {"uv": [329, 39], "uv_size": [2, 6]}
							}
						},
						{
							"origin": [25.05235, 12.053, -11.43514],
							"size": [0.34995, 1.29568, 0.44704],
							"pivot": [0, 39.31756, 26.17096],
							"rotation": [0, 0, 45],
							"uv": {
								"north": {"uv": [353, 24], "uv_size": [2, 6]},
								"east": {"uv": [314, 40], "uv_size": [2, 6]},
								"south": {"uv": [317, 40], "uv_size": [2, 6]},
								"west": {"uv": [320, 40], "uv_size": [2, 6]}
							}
						},
						{
							"origin": [27.83047, 12.053, -11.43514],
							"size": [0.34995, 1.29568, 0.44704],
							"pivot": [0, 39.31756, 26.17096],
							"rotation": [0, 0, 45],
							"uv": {
								"north": {"uv": [323, 40], "uv_size": [2, 6]},
								"east": {"uv": [354, 17], "uv_size": [2, 6]},
								"south": {"uv": [336, 40], "uv_size": [2, 6]},
								"west": {"uv": [339, 40], "uv_size": [2, 6]}
							}
						},
						{
							"origin": [28.18042, 12.5106, -11.37884],
							"size": [0.286, 0.38048, 0.22093],
							"pivot": [0, 39.31756, 26.17096],
							"rotation": [0, 0, 45],
							"uv": {
								"north": {"uv": [370, 16], "uv_size": [1, 2]},
								"south": {"uv": [370, 24], "uv_size": [1, 2]},
								"west": {"uv": [342, 56], "uv_size": [1, 2]},
								"up": {"uv": [320, 58], "uv_size": [1, 1]},
								"down": {"uv": [372, 7], "uv_size": [1, -1]}
							}
						},
						{
							"origin": [-28.46642, 12.5106, -11.37884],
							"size": [0.286, 0.38048, 0.22093],
							"pivot": [0, 39.31756, 26.17096],
							"rotation": [0, 0, -45],
							"uv": {
								"north": {"uv": [344, 56], "uv_size": [1, 2]},
								"east": {"uv": [346, 56], "uv_size": [1, 2]},
								"south": {"uv": [348, 56], "uv_size": [1, 2]},
								"up": {"uv": [322, 58], "uv_size": [1, 1]},
								"down": {"uv": [372, 9], "uv_size": [1, -1]}
							}
						},
						{
							"origin": [-25.40262, 12.05332, -11.43514],
							"size": [0.34995, 1.29568, 0.44704],
							"pivot": [0, 39.31756, 26.17096],
							"rotation": [0, 0, -45],
							"uv": {
								"north": {"uv": [354, 31], "uv_size": [2, 6]},
								"east": {"uv": [354, 38], "uv_size": [2, 6]},
								"south": {"uv": [355, 0], "uv_size": [2, 6]},
								"west": {"uv": [356, 24], "uv_size": [2, 6]}
							}
						},
						{
							"origin": [1.21386, 1.02823, -11.43604],
							"size": [0.34995, 1.29568, 0.44973],
							"uv": {
								"north": {"uv": [342, 42], "uv_size": [2, 6]},
								"east": {"uv": [357, 7], "uv_size": [2, 6]},
								"south": {"uv": [357, 14], "uv_size": [2, 6]},
								"west": {"uv": [332, 43], "uv_size": [2, 6]}
							}
						},
						{
							"origin": [-1.21645, 0.46199, -11.43604],
							"size": [2.43244, 2.43245, 0.10378],
							"uv": {
								"north": {"uv": [314, 0], "uv_size": [11, 11]},
								"south": {"uv": [314, 12], "uv_size": [11, 11]}
							}
						},
						{
							"origin": [-0.64808, 2.89015, -11.43604],
							"size": [1.29569, 0.34995, 0.44973],
							"uv": {
								"north": {"uv": [357, 21], "uv_size": [6, 2]},
								"south": {"uv": [357, 31], "uv_size": [6, 2]},
								"up": {"uv": [357, 34], "uv_size": [6, 2]},
								"down": {"uv": [357, 39], "uv_size": [6, -2]}
							}
						},
						{
							"origin": [-0.30213, 59.84578, -21.52537],
							"size": [0.6038, 0.34595, 0.43243],
							"pivot": [0, 39.31756, 26.17096],
							"rotation": [67.5, 0, 0],
							"uv": {
								"north": {"uv": [321, 47], "uv_size": [3, 2]},
								"east": {"uv": [368, 40], "uv_size": [2, 2]},
								"south": {"uv": [335, 47], "uv_size": [3, 2]},
								"west": {"uv": [314, 55], "uv_size": [2, 2]},
								"up": {"uv": [362, 24], "uv_size": [3, 2]}
							}
						},
						{
							"origin": [-0.30281, 3.20718, -11.20136],
							"size": [0.60516, 0.43243, 0.6054],
							"uv": {
								"north": {"uv": [362, 27], "uv_size": [3, 2]},
								"east": {"uv": [363, 7], "uv_size": [3, 2]},
								"south": {"uv": [363, 10], "uv_size": [3, 2]},
								"west": {"uv": [363, 13], "uv_size": [3, 2]},
								"up": {"uv": [361, 3], "uv_size": [3, 3]},
								"down": {"uv": [309, 19], "uv_size": [3, 4]}
							}
						},
						{
							"origin": [-0.64875, 76.17095, -9.76644],
							"size": [1.29705, 0.17297, 0.17297],
							"pivot": [0, 39.31756, 26.17096],
							"rotation": [90, 0, 0],
							"uv": {
								"north": {"uv": [363, 16], "uv_size": [6, 1]},
								"east": {"uv": [363, 57], "uv_size": [1, 1]},
								"south": {"uv": [363, 18], "uv_size": [6, 1]},
								"west": {"uv": [371, 50], "uv_size": [1, 1]},
								"up": {"uv": [363, 46], "uv_size": [6, 1]},
								"down": {"uv": [363, 49], "uv_size": [6, -1]}
							}
						}
					]
				}
			]
		}
	]
}