{
	"format_version": "1.12.0",
	"minecraft:geometry": [
		{
			"description": {
				"identifier": "geometry.a",
				"texture_width": 512,
				"texture_height": 512,
				"visible_bounds_width": 2,
				"visible_bounds_height": 1.5,
				"visible_bounds_offset": [0, 0.25, 0]
			},
			"bones": [
				{
					"name": "supreis2",
					"pivot": [0, 0, -3.40805],
					"cubes": [
						{
							"origin": [0.84789, -1.31566, -4.48478],
							"size": [0, 0.93359, 1.29557],
							"pivot": [0.84789, -0.84886, -3.837],
							"rotation": [2.63605, -5.58349, -0.00284],
							"uv": {
								"west": {"uv": [326.5, 54], "uv_size": [2, 1.5]}
							}
						},
						{
							"origin": [1.04238, -0.63769, -2.48994],
							"size": [0, 1.01562, 0.95964],
							"pivot": [1.04238, -0.08886, -2.04918],
							"rotation": [6.36114, -0.88412, -18.36178],
							"uv": {
								"west": {"uv": [329, 54], "uv_size": [1.5, 1.5]}
							}
						},
						{
							"origin": [0.97988, -1.10644, -1.38056],
							"size": [0, 1.01562, 0.92839],
							"pivot": [0.97988, -0.55761, -1.01793],
							"rotation": [10.73549, -3.00686, -12.05326],
							"uv": {
								"west": {"uv": [320.5, 54], "uv_size": [1.5, 1.5]}
							}
						},
						{
							"origin": [-0.97988, -1.10644, -1.38056],
							"size": [0, 1.01562, 0.92839],
							"pivot": [-0.97988, -0.55761, -1.01793],
							"rotation": [10.73549, 3.00686, 12.05326],
							"uv": {
								"east": {"uv": [322, 54], "uv_size": [-1.5, 1.5]}
							}
						},
						{
							"origin": [-1.04238, -0.63769, -2.48994],
							"size": [0, 1.01562, 0.95964],
							"pivot": [-1.04238, -0.08886, -2.04918],
							"rotation": [6.36114, 0.88412, 18.36178],
							"uv": {
								"east": {"uv": [330.5, 54], "uv_size": [-1.5, 1.5]}
							}
						},
						{
							"origin": [-0.84789, -1.31566, -4.48478],
							"size": [0, 0.93359, 1.29557],
							"pivot": [-0.84789, -0.84886, -3.837],
							"rotation": [2.63605, 5.58349, 0.00284],
							"uv": {
								"east": {"uv": [328.5, 54], "uv_size": [-2, 1.5]}
							}
						},
						{
							"origin": [-0.38749, 0.06024, -5.57423],
							"size": [0.77497, 0.93583, 1.61021],
							"inflate": 0.002,
							"uv": {
								"north": {"uv": [340, 110], "uv_size": [1, 1.5]},
								"south": {"uv": [341.5, 110], "uv_size": [1, 1.5]},
								"up": {"uv": [326, 106.5], "uv_size": [1, 2.5]}
							}
						},
						{
							"origin": [0.30923, -0.32135, -5.57557],
							"size": [0.65849, 0.757, 1.61289],
							"pivot": [0, 0.0173, -1.71885],
							"rotation": [0, 0, -45],
							"uv": {
								"north": {"uv": [359.5, 81.5], "uv_size": [1, 1]},
								"south": {"uv": [359.5, 100], "uv_size": [1, 1]},
								"west": {"uv": [352, 65.5], "uv_size": [2.5, 1]}
							}
						},
						{
							"origin": [-0.9223, -0.01921, -5.57423],
							"size": [1.84459, 0.47999, 1.61021],
							"inflate": 0.002,
							"uv": {
								"north": {"uv": [345, 88.5], "uv_size": [3, 0.5]},
								"east": {"uv": [318.5, 111.5], "uv_size": [2.5, 0.5]},
								"west": {"uv": [357, 75.5], "uv_size": [2.5, 0.5]}
							}
						},
						{
							"origin": [-0.96772, -0.32135, -5.57557],
							"size": [0.65848, 0.757, 1.61289],
							"pivot": [0, 0.0173, -1.71885],
							"rotation": [0, 0, 45],
							"uv": {
								"north": {"uv": [346.5, 114], "uv_size": [1, 1]},
								"east": {"uv": [352, 76], "uv_size": [2.5, 1]},
								"south": {"uv": [348, 114], "uv_size": [1, 1]}
							}
						},
						{
							"origin": [-0.96772, -0.40106, -4.81877],
							"size": [0.65848, 0.75701, 1.61289],
							"pivot": [0, 0.0173, -1.71885],
							"rotation": [0, 0, -45],
							"uv": {
								"north": {"uv": [349.5, 114], "uv_size": [1, 1]},
								"east": {"uv": [352, 94.5], "uv_size": [2.5, 1]},
								"south": {"uv": [351, 114], "uv_size": [1, 1]}
							}
						},
						{
							"origin": [-0.9223, -0.42619, -4.81743],
							"size": [1.84459, 0.40432, 1.61021],
							"inflate": 0.002,
							"uv": {
								"east": {"uv": [321.5, 111.5], "uv_size": [2.5, 0.5]},
								"south": {"uv": [354.5, 105], "uv_size": [3, 0.5]},
								"west": {"uv": [357, 76.5], "uv_size": [2.5, 0.5]}
							}
						},
						{
							"origin": [0.30923, -0.40106, -4.81877],
							"size": [0.65849, 0.75701, 1.61289],
							"pivot": [0, 0.0173, -1.71885],
							"rotation": [0, 0, 45],
							"uv": {
								"north": {"uv": [356.5, 114], "uv_size": [1, 1]},
								"south": {"uv": [358, 114], "uv_size": [1, 1]},
								"west": {"uv": [352, 96], "uv_size": [2.5, 1]}
							}
						},
						{
							"origin": [-0.38749, -0.96147, -4.81743],
							"size": [0.77497, 0.93583, 1.61021],
							"inflate": 0.002,
							"uv": {
								"north": {"uv": [355.5, 96.5], "uv_size": [1, 1.5]},
								"south": {"uv": [343, 110], "uv_size": [1, 1.5]},
								"down": {"uv": [352, 100], "uv_size": [1, -2.5]}
							}
						},
						{
							"origin": [-0.92363, -1.82834, -5.10524],
							"size": [1.84725, 0.4937, 0.86026],
							"pivot": [0, 0.01974, -1.71674],
							"rotation": [-28, 0, 0],
							"uv": {
								"east": {"uv": [363, 113.5], "uv_size": [1.5, 0.5]},
								"west": {"uv": [363.5, 69], "uv_size": [1.5, 0.5]},
								"down": {"uv": [340, 97.5], "uv_size": [3, -1.5]}
							}
						},
						{
							"origin": [-0.92363, -1.22452, -3.85137],
							"size": [1.84725, 0.41092, 0.8987],
							"pivot": [0, 0.0173, -1.71885],
							"rotation": [-32.5, 0, 0],
							"uv": {
								"east": {"uv": [363.5, 71], "uv_size": [1.5, 0.5]},
								"west": {"uv": [363.5, 75], "uv_size": [1.5, 0.5]},
								"up": {"uv": [342, 74], "uv_size": [3, 1.5]}
							}
						},
						{
							"origin": [-0.8248, 0.63294, -3.99076],
							"size": [1.6496, 0.36695, 0.80253],
							"pivot": [0, 0.0173, -2.38551],
							"rotation": [32.5, 0, 0],
							"uv": {
								"east": {"uv": [332.5, 121], "uv_size": [1, 0.5]},
								"west": {"uv": [366.5, 87.5], "uv_size": [1, 0.5]},
								"up": {"uv": [352, 100.5], "uv_size": [2.5, 1]}
							}
						},
						{
							"origin": [-0.8248, -0.12616, -2.96182],
							"size": [1.6496, 0.44087, 0.76822],
							"pivot": [0, 0.0173, -2.38551],
							"rotation": [28, 0, 0],
							"uv": {
								"east": {"uv": [366.5, 88.5], "uv_size": [1, 0.5]},
								"west": {"uv": [336, 121], "uv_size": [1, 0.5]},
								"down": {"uv": [351, 107.5], "uv_size": [2.5, -1]}
							}
						},
						{
							"origin": [-0.34588, -0.8566, -4.26598],
							"size": [0.69176, 0.83541, 1.43764],
							"inflate": 0.002,
							"uv": {
								"north": {"uv": [355.5, 98.5], "uv_size": [1, 1.5]},
								"south": {"uv": [356, 67], "uv_size": [1, 1.5]},
								"down": {"uv": [343, 109.5], "uv_size": [1, -2]}
							}
						},
						{
							"origin": [0.27614, -0.35629, -4.26731],
							"size": [0.58803, 0.67601, 1.4403],
							"pivot": [0, 0.0173, -2.38551],
							"rotation": [0, 0, 45],
							"uv": {
								"north": {"uv": [359.5, 114], "uv_size": [1, 1]},
								"south": {"uv": [309.5, 114.5], "uv_size": [1, 1]},
								"west": {"uv": [353.5, 68.5], "uv_size": [2, 1]}
							}
						},
						{
							"origin": [-0.82347, -0.37859, -4.26598],
							"size": [1.64693, 0.36076, 1.43764],
							"inflate": 0.002,
							"uv": {
								"north": {"uv": [357, 91.5], "uv_size": [2.5, 0.5]},
								"east": {"uv": [359.5, 70], "uv_size": [2, 0.5]},
								"west": {"uv": [359.5, 110], "uv_size": [2, 0.5]}
							}
						},
						{
							"origin": [-0.86418, -0.35629, -4.26731],
							"size": [0.58803, 0.67601, 1.4403],
							"pivot": [0, 0.0173, -2.38551],
							"rotation": [0, 0, -45],
							"uv": {
								"north": {"uv": [360, 67], "uv_size": [1, 1]},
								"east": {"uv": [353.5, 71.5], "uv_size": [2, 1]},
								"south": {"uv": [314.5, 114.5], "uv_size": [1, 1]}
							}
						},
						{
							"origin": [-0.86418, -0.28512, -3.59149],
							"size": [0.58803, 0.67601, 1.4403],
							"pivot": [0, 0.0173, -2.38551],
							"rotation": [0, 0, 45],
							"uv": {
								"north": {"uv": [316, 114.5], "uv_size": [1, 1]},
								"east": {"uv": [353.5, 73], "uv_size": [2, 1]},
								"south": {"uv": [360, 71], "uv_size": [1, 1]}
							}
						},
						{
							"origin": [-0.82347, -0.01516, -3.59016],
							"size": [1.64693, 0.42835, 1.43764],
							"inflate": 0.002,
							"uv": {
								"east": {"uv": [317.5, 114.5], "uv_size": [2, 0.5]},
								"south": {"uv": [357, 92.5], "uv_size": [2.5, 0.5]},
								"west": {"uv": [360, 72.5], "uv_size": [2, 0.5]}
							}
						},
						{
							"origin": [0.27614, -0.28512, -3.59149],
							"size": [0.58803, 0.67601, 1.4403],
							"pivot": [0, 0.0173, -2.38551],
							"rotation": [0, 0, -45],
							"uv": {
								"north": {"uv": [360, 73.5], "uv_size": [1, 1]},
								"south": {"uv": [360, 75], "uv_size": [1, 1]},
								"west": {"uv": [353.5, 74.5], "uv_size": [2, 1]}
							}
						},
						{
							"origin": [-0.34588, 0.05578, -3.59016],
							"size": [0.69176, 0.83542, 1.43764],
							"inflate": 0.002,
							"uv": {
								"north": {"uv": [356, 71.5], "uv_size": [1, 1.5]},
								"south": {"uv": [356, 73.5], "uv_size": [1, 1.5]},
								"up": {"uv": [353.5, 92], "uv_size": [1, 2]}
							}
						},
						{
							"origin": [-0.92363, 0.95047, -1.77065],
							"size": [1.84725, 0.41092, 0.8987],
							"pivot": [0, 0.0173, -3.05218],
							"rotation": [-32.5, 0, 0],
							"uv": {
								"east": {"uv": [321.5, 118], "uv_size": [1.5, 0.5]},
								"west": {"uv": [363.5, 76], "uv_size": [1.5, 0.5]},
								"up": {"uv": [312, 97], "uv_size": [3, 1.5]}
							}
						},
						{
							"origin": [-0.92363, 0.06964, -2.86652],
							"size": [1.84725, 0.4937, 0.86027],
							"pivot": [0, 0.0173, -3.05218],
							"rotation": [-28, 0, 0],
							"uv": {
								"east": {"uv": [363.5, 77], "uv_size": [1.5, 0.5]},
								"west": {"uv": [363.5, 78], "uv_size": [1.5, 0.5]},
								"down": {"uv": [315.5, 98.5], "uv_size": [3, -1.5]}
							}
						},
						{
							"origin": [-0.38749, -0.96147, -2.10277],
							"size": [0.77497, 0.93583, 1.61022],
							"inflate": 0.002,
							"uv": {
								"north": {"uv": [329.5, 110.5], "uv_size": [1, 1.5]},
								"south": {"uv": [331, 110.5], "uv_size": [1, 1.5]},
								"down": {"uv": [346.5, 109], "uv_size": [1, -2.5]}
							}
						},
						{
							"origin": [0.30923, -0.40106, -2.1041],
							"size": [0.65849, 0.75701, 1.61288],
							"pivot": [0, 0.0173, -3.05218],
							"rotation": [0, 0, 45],
							"uv": {
								"north": {"uv": [322, 114.5], "uv_size": [1, 1]},
								"south": {"uv": [360, 76.5], "uv_size": [1, 1]},
								"west": {"uv": [315, 107], "uv_size": [2.5, 1]}
							}
						},
						{
							"origin": [-0.9223, -0.42619, -2.10277],
							"size": [1.84459, 0.40432, 1.61022],
							"inflate": 0.002,
							"uv": {
								"east": {"uv": [357, 93.5], "uv_size": [2.5, 0.5]},
								"south": {"uv": [355.5, 86.5], "uv_size": [3, 0.5]},
								"west": {"uv": [357, 94.5], "uv_size": [2.5, 0.5]}
							}
						},
						{
							"origin": [-0.96772, -0.40106, -2.1041],
							"size": [0.65848, 0.75701, 1.61288],
							"pivot": [0, 0.0173, -3.05218],
							"rotation": [0, 0, -45],
							"uv": {
								"north": {"uv": [323.5, 114.5], "uv_size": [1, 1]},
								"east": {"uv": [318, 107], "uv_size": [2.5, 1]},
								"south": {"uv": [360, 78], "uv_size": [1, 1]}
							}
						},
						{
							"origin": [-0.96772, -0.32135, -2.8609],
							"size": [0.65848, 0.757, 1.61288],
							"pivot": [0, 0.0173, -3.05218],
							"rotation": [0, 0, 45],
							"uv": {
								"north": {"uv": [360, 79.5], "uv_size": [1, 1]},
								"east": {"uv": [321, 107], "uv_size": [2.5, 1]},
								"south": {"uv": [327, 114.5], "uv_size": [1, 1]}
							}
						},
						{
							"origin": [-0.9223, -0.01921, -2.85957],
							"size": [1.84459, 0.47999, 1.61022],
							"inflate": 0.002,
							"uv": {
								"north": {"uv": [355.5, 90.5], "uv_size": [3, 0.5]},
								"east": {"uv": [357, 95.5], "uv_size": [2.5, 0.5]},
								"west": {"uv": [357, 96.5], "uv_size": [2.5, 0.5]}
							}
						},
						{
							"origin": [0.30923, -0.32135, -2.8609],
							"size": [0.65849, 0.757, 1.61288],
							"pivot": [0, 0.0173, -3.05218],
							"rotation": [0, 0, -45],
							"uv": {
								"north": {"uv": [328.5, 114.5], "uv_size": [1, 1]},
								"south": {"uv": [360, 83], "uv_size": [1, 1]},
								"west": {"uv": [327.5, 107], "uv_size": [2.5, 1]}
							}
						},
						{
							"origin": [-0.38749, 0.06024, -2.85957],
							"size": [0.77497, 0.93583, 1.61022],
							"inflate": 0.002,
							"uv": {
								"north": {"uv": [356, 87.5], "uv_size": [1, 1.5]},
								"south": {"uv": [335.5, 110.5], "uv_size": [1, 1.5]},
								"up": {"uv": [324, 107], "uv_size": [1, 2.5]}
							}
						},
						{
							"origin": [-0.78528, -0.32478, -5.8979],
							"size": [1.57056, 0.64956, 5.55585],
							"inflate": 0.002,
							"uv": {
								"north": {"uv": [73.5, 312.5], "uv_size": [4.5, 2]},
								"east": {"uv": [68.5, 297.5], "uv_size": [15, 2]},
								"south": {"uv": [78.5, 312.5], "uv_size": [4.5, 2]},
								"west": {"uv": [68.5, 300], "uv_size": [15, 2]}
							}
						},
						{
							"origin": [0.13486, -0.32562, -5.89877],
							"size": [0.65132, 0.65131, 5.55759],
							"pivot": [0, 0, -3.11255],
							"rotation": [0, 0, 45],
							"uv": {
								"north": {"uv": [84, 302.5], "uv_size": [2, 2]},
								"south": {"uv": [73.5, 315], "uv_size": [2, 2]},
								"west": {"uv": [68.5, 302.5], "uv_size": [15, 2]}
							}
						},
						{
							"origin": [-0.32478, -0.78528, -5.8979],
							"size": [0.64956, 1.57055, 5.55585],
							"inflate": 0.002,
							"uv": {
								"north": {"uv": [83.5, 312.5], "uv_size": [2, 4.5]},
								"south": {"uv": [84, 297.5], "uv_size": [2, 4.5]},
								"up": {"uv": [68.5, 305], "uv_size": [2, 15]},
								"down": {"uv": [71, 320], "uv_size": [2, -15]}
							}
						},
						{
							"origin": [0.13486, -0.32569, -5.89877],
							"size": [0.65132, 0.65131, 5.55759],
							"pivot": [0, 0, -3.11255],
							"rotation": [0, 0, -45],
							"uv": {
								"north": {"uv": [76, 315], "uv_size": [2, 2]},
								"south": {"uv": [78.5, 315], "uv_size": [2, 2]},
								"west": {"uv": [73.5, 305], "uv_size": [15, 2]}
							}
						},
						{
							"origin": [-0.78618, -0.32569, -5.89877],
							"size": [0.65132, 0.65131, 5.55759],
							"pivot": [0, 0, -3.11255],
							"rotation": [0, 0, 45],
							"uv": {
								"north": {"uv": [78, 315], "uv_size": [-2, 2]},
								"east": {"uv": [88.5, 305], "uv_size": [-15, 2]},
								"south": {"uv": [80.5, 315], "uv_size": [-2, 2]}
							}
						},
						{
							"origin": [-0.78618, -0.32562, -5.89877],
							"size": [0.65132, 0.65131, 5.55759],
							"pivot": [0, 0, -3.11255],
							"rotation": [0, 0, -45],
							"uv": {
								"north": {"uv": [86, 302.5], "uv_size": [-2, 2]},
								"east": {"uv": [83.5, 302.5], "uv_size": [-15, 2]},
								"south": {"uv": [75.5, 315], "uv_size": [-2, 2]}
							}
						},
						{
							"origin": [0.32741, -0.28557, -6.2058],
							"size": [0.36339, 0.57113, 0.31931],
							"inflate": 0.002,
							"uv": {
								"north": {"uv": [86, 317.5], "uv_size": [1, 1.5]},
								"east": {"uv": [87.5, 317.5], "uv_size": [1, 1.5]},
								"south": {"uv": [89, 297.5], "uv_size": [1, 1.5]},
								"west": {"uv": [89, 305], "uv_size": [1, 1.5]}
							}
						},
						{
							"origin": [0.32517, -0.28655, -6.20681],
							"size": [0.36666, 0.57315, 0.32266],
							"pivot": [0, 0, -3.11255],
							"rotation": [0, 0, 45],
							"uv": {
								"north": {"uv": [89, 307], "uv_size": [1, 1.5]},
								"east": {"uv": [89, 309], "uv_size": [1, 1.5]},
								"south": {"uv": [89, 316.5], "uv_size": [1, 1.5]},
								"west": {"uv": [89.5, 299.5], "uv_size": [1, 1.5]}
							}
						},
						{
							"origin": [-0.28556, -0.6908, -6.2058],
							"size": [0.57112, 0.36339, 0.31931],
							"inflate": 0.002,
							"uv": {
								"north": {"uv": [89, 311], "uv_size": [1.5, 1]},
								"south": {"uv": [89.5, 301.5], "uv_size": [1.5, 1]},
								"up": {"uv": [89, 318.5], "uv_size": [1.5, 1]},
								"down": {"uv": [73.5, 320], "uv_size": [1.5, -1]}
							}
						},
						{
							"origin": [-0.28556, 0.3274, -6.2058],
							"size": [0.57112, 0.3634, 0.31931],
							"inflate": 0.002,
							"uv": {
								"north": {"uv": [90, 303], "uv_size": [1.5, 1]},
								"south": {"uv": [90, 312.5], "uv_size": [1.5, 1]},
								"up": {"uv": [90, 314], "uv_size": [1.5, 1]},
								"down": {"uv": [90.5, 298.5], "uv_size": [1.5, -1]}
							}
						},
						{
							"origin": [0.32517, -0.28661, -6.20681],
							"size": [0.36666, 0.57315, 0.32266],
							"pivot": [0, 0, -3.11255],
							"rotation": [0, 0, -45],
							"uv": {
								"north": {"uv": [75.5, 319], "uv_size": [1, 1.5]},
								"east": {"uv": [90.5, 304.5], "uv_size": [1, 1.5]},
								"south": {"uv": [77, 319.5], "uv_size": [1, 1.5]},
								"west": {"uv": [90.5, 306.5], "uv_size": [1, 1.5]}
							}
						},
						{
							"origin": [-0.69183, -0.28661, -6.20681],
							"size": [0.36666, 0.57315, 0.32266],
							"pivot": [0, 0, -3.11255],
							"rotation": [0, 0, 45],
							"uv": {
								"north": {"uv": [76.5, 319], "uv_size": [-1, 1.5]},
								"east": {"uv": [91.5, 306.5], "uv_size": [-1, 1.5]},
								"south": {"uv": [78, 319.5], "uv_size": [-1, 1.5]},
								"west": {"uv": [91.5, 304.5], "uv_size": [-1, 1.5]}
							}
						},
						{
							"origin": [-0.6908, -0.28557, -6.2058],
							"size": [0.36339, 0.57113, 0.31931],
							"inflate": 0.002,
							"uv": {
								"north": {"uv": [87, 317.5], "uv_size": [-1, 1.5]},
								"east": {"uv": [90, 305], "uv_size": [-1, 1.5]},
								"south": {"uv": [90, 297.5], "uv_size": [-1, 1.5]},
								"west": {"uv": [88.5, 317.5], "uv_size": [-1, 1.5]}
							}
						},
						{
							"origin": [-0.69183, -0.28655, -6.20681],
							"size": [0.36666, 0.57315, 0.32266],
							"pivot": [0, 0, -3.11255],
							"rotation": [0, 0, -45],
							"uv": {
								"north": {"uv": [90, 307], "uv_size": [-1, 1.5]},
								"east": {"uv": [90.5, 299.5], "uv_size": [-1, 1.5]},
								"south": {"uv": [90, 316.5], "uv_size": [-1, 1.5]},
								"west": {"uv": [90, 309], "uv_size": [-1, 1.5]}
							}
						},
						{
							"origin": [-0.54654, -0.22643, -0.35223],
							"size": [0.45279, 0.4528, 0.34657],
							"pivot": [0, 0, -3.11255],
							"rotation": [0, 0, 45],
							"uv": {
								"north": {"uv": [83, 319.5], "uv_size": [1, 1]},
								"east": {"uv": [84.5, 319.5], "uv_size": [1, 1]},
								"south": {"uv": [86, 319.5], "uv_size": [1, 1]}
							}
						},
						{
							"origin": [0.09375, -0.22643, -0.35223],
							"size": [0.45279, 0.4528, 0.34657],
							"pivot": [0, 0, -3.11255],
							"rotation": [0, 0, -45],
							"uv": {
								"north": {"uv": [90.5, 315.5], "uv_size": [1, 1]},
								"south": {"uv": [87.5, 319.5], "uv_size": [1, 1]},
								"west": {"uv": [90.5, 317], "uv_size": [1, 1]}
							}
						},
						{
							"origin": [-0.22518, -0.54531, -0.35101],
							"size": [0.45036, 1.09062, 0.34308],
							"inflate": 0.002,
							"uv": {
								"north": {"uv": [86.5, 300], "uv_size": [1, 3]},
								"south": {"uv": [88, 300], "uv_size": [1, 3]},
								"up": {"uv": [91, 299], "uv_size": [1, 1]},
								"down": {"uv": [91, 311.5], "uv_size": [1, -1]}
							}
						},
						{
							"origin": [0.09375, -0.22638, -0.35223],
							"size": [0.45279, 0.4528, 0.34657],
							"pivot": [0, 0, -3.11255],
							"rotation": [0, 0, 45],
							"uv": {
								"north": {"uv": [89, 320], "uv_size": [1, 1]},
								"south": {"uv": [91, 318.5], "uv_size": [1, 1]},
								"west": {"uv": [90.5, 320], "uv_size": [1, 1]}
							}
						},
						{
							"origin": [-0.54531, -0.22518, -0.35101],
							"size": [1.09062, 0.45036, 0.34308],
							"inflate": 0.002,
							"uv": {
								"north": {"uv": [86.5, 303.5], "uv_size": [3, 1]},
								"east": {"uv": [68.5, 320.5], "uv_size": [1, 1]},
								"south": {"uv": [73.5, 317.5], "uv_size": [3, 1]},
								"west": {"uv": [70, 320.5], "uv_size": [1, 1]}
							}
						},
						{
							"origin": [-0.54654, -0.22638, -0.35223],
							"size": [0.45279, 0.4528, 0.34657],
							"pivot": [0, 0, -3.11255],
							"rotation": [0, 0, -45],
							"uv": {
								"north": {"uv": [71.5, 320.5], "uv_size": [1, 1]},
								"east": {"uv": [91.5, 300.5], "uv_size": [1, 1]},
								"south": {"uv": [73, 320.5], "uv_size": [1, 1]}
							}
						}
					]
				}
			]
		}
	]
}