{
  "ammo": "tacz:308",
  "ammo_amount": 100,
  "bolt": "open_bolt",
  "rpm": 1000,
  "bullet": {
    "life": 0.8,
    "bullet_amount": 1,
    "damage": 14,
    "tracer_count_interval": 0,
    "extra_damage": {
      "armor_ignore": 0.50,
      "head_shot_multiplier": 1.5,
      "damage_adjust": [
        {"distance": 10, "damage": 14.0},
        {"distance": 30, "damage": 13.9},
        {"distance": 50, "damage": 13.8},
        {"distance": 70, "damage": 13.7},
        {"distance": 90, "damage": 13.6},
        {"distance": 110, "damage": 13.5},
        {"distance": 130, "damage": 13.4},
        {"distance": 150, "damage": 13.3},
        {"distance": 170, "damage": 13.2},
        {"distance": "infinite", "damage": 10.1}
      ]
    },
    "speed": 340,
    "gravity": 0.10,
    "knockback": 0,
    "friction": 0.02,
    "ignite": false,
    "pierce": 2
  },
  "reload": {
    "type": "magazine",
    "feed": {
      "empty": 6.5,
      "tactical": 6.5
    },
    "cooldown": {
      "empty": 8.0625,
      "tactical": 7.8333
    }
  },
  "draw_time": 2,
  "put_away_time": 0.8542,
  "aim_time": 0.25,
  "sprint_time": 0.2,
  "fire_mode": [
    "auto"
  ],


  "heat":  {
    // 过热上限
    "max": 147,
    // 每发子弹过热值
    "per_shot": 2,
    // 冷却倍率，过热值的减少速度会随着时间增加
    // t时间(秒)内可以冷却的过热值可以参考: max = cooling_multiplier * t^2
    "cooling_multiplier": 5,
    // 冷却延迟，ms
    "cooling_delay": 1,
    // 完全过热后，开始过热的延迟时间，ms
    "over_heat_time": 3000,
    // 以下将在使用过热进度(0-1)在最小值和最大值之间线性插值，然后与原始数值相乘
    // 最小不准确度影响
    "min_inaccuracy": 1,
    // 最大不准确度影响
    "max_inaccuracy": 1.2,
    // 最小射速影响
    "min_rpm_mod": 1,
    // 最大射速影响
    "max_rpm_mod": 0.95
  },

  "weight": 11.5,
  "movement_speed": {
    "base": 0.0,
    "aim": -0.5,
    "reload": -0.5
  },
  "burst_data": {
    "continuous_shoot": false,
    "count": 3,
    "bpm": 700,
    "min_interval": 0.3
  },
  "recoil": {
    "pitch": [
      {"time": 0.05, "value": [-1, 2]},
      {"time": 0.4, "value": [0.1, 0.1]},
      {"time": 0.5, "value": [0, 0]}
    ],
    "yaw": [
      {"time": 0.05, "value": [-2, 2.75]},
      {"time": 0.4, "value": [0.1, 0.1]},
      {"time": 0.5, "value": [0, 0]}
    ]
  },

  "inaccuracy": {
    "stand": 8,
    "move": 12,
    "sneak": 5,
    "lie": 1,
    "aim": 0.5
  },

  "allow_attachment_types": [
    "muzzle",
    "scope"
  ]
}