{
  "ammo": "tacz:45acp",
  "rpm": 250,
  "bullet": {
    "life": 1,
    "bullet_amount": 1,
    "damage": 12,
    "tracer_count_interval": 0,
    "extra_damage": {
      "armor_ignore": 0.2,
      "head_shot_multiplier": 1.75,
      "damage_adjust": [
        {"distance": 10, "damage": 12},
        {"distance": 20, "damage": 11},
        {"distance": 30, "damage": 10},
        {"distance": 40, "damage": 9},
        {"distance": 50, "damage": 8},
        {"distance": 60, "damage": 7},
        {"distance": 70, "damage": 6},
        {"distance": "infinite", "damage": 5}
      ]
    },
    "speed": 150,
    "gravity": 0.10,
    "knockback": 0,
    "friction": 0.025,
    "ignite": false,
    "pierce": 1
  },
  "ammo_amount": 10,
  "extended_mag_ammo_amount": [
    20,
    25,
    30
  ],
  "bolt": "closed_bolt",
  "reload": {
    "type": "magazine",
    "feed": {
      "empty": 1.79,
      "tactical": 1.38
    },
    "cooldown": {
      "empty": 2.3333,
      "tactical": 1.875
    }
  },
  "draw_time": 0.5833,
  "put_away_time": 0.5833,
  "aim_time": 0.075,
  "sprint_time": 0.05,
  "fire_mode": [
    "semi"
  ],
  "weight": 0.8,
  "movement_speed": {
    "base": 0.0,
    "aim": -0.1,
    "reload": -0.1
  },
  "allow_attachment_types": [
    "muzzle",
    "laser"
  ],
  "recoil": {
    "pitch": [
      {"time": 0.05, "value": [1.5, 1.5]},
      {"time": 0.4, "value": [0.1, 0.1]},
      {"time": 0.5, "value": [0, 0]}
    ],
    "yaw": [
      {"time": 0.05, "value": [-2, 1.25]},
      {"time": 0.4, "value": [0.1, 0.1]},
      {"time": 0.5, "value": [0, 0]}
    ]
  },
  "melee": {

    "distance": 0,


    "cooldown": 0,

    "default": {

      "animation_type": "melee_stock",

      "distance": 2,

      "range_angle": 40,

      "cooldown": 1,

      "damage": 1,

      "knockback": 0.5,

      "prep": 0.1
    }
  },
  "inaccuracy": {
    "stand": 5,
    "move": 6,
    "sneak": 4,
    "lie": 3,
    "aim": 0.55
  }
}