{
  "ammo": "tacz:556x45",
  "ammo_amount": 30,
  "bolt": "closed_bolt",
  "rpm": 700,
  "bullet": {
    "life": 0.8,
    "bullet_amount": 1,
    "damage": 8.5,
    "tracer_count_interval": 0,
    "extra_damage": {
      "armor_ignore": 0.20,
      "head_shot_multiplier": 1.5,
      "damage_adjust": [
        {"distance": 10, "damage": 8.5},
        {"distance": 30, "damage": 8.25},
        {"distance": 50, "damage": 8},
        {"distance": 70, "damage": 7.75},
        {"distance": 90, "damage": 7.5},
        {"distance": 110, "damage": 7.25},
        {"distance": 130, "damage": 7},
        {"distance": 150, "damage": 6.75},
        {"distance": 170, "damage": 6.5},
        {"distance": 190, "damage": 6.25},
        {"distance": "infinite", "damage": 6}
      ]
    },
    "speed": 235,
    "gravity": 0.05,
    "knockback": 0,
    "friction": 0.02,
    "ignite": false,
    "pierce": 2
  },
  "reload": {
    "type": "magazine",
    "feed": {
      "empty": 2.7,
      "tactical": 2.1
    },
    "cooldown": {
      "empty": 3.1167,
      "tactical": 2.6667
    }
  },
  "draw_time": 0.6,
  "put_away_time": 0.633,
  "aim_time": 0.2,
  "sprint_time": 0.2,
  "fire_mode": [
    "auto",
    "semi"
  ],
  "weight": 3.37,
  "movement_speed": {
    "base": 0.0,
    "aim": -0.2,
    "reload": -0.2
  },
  "burst_data": {
    "continuous_shoot": false,
    "count": 3,
    "bpm": 700,
    "min_interval": 0.3
  },
  "recoil": {
    "pitch": [
      {"time": 0.05, "value": [1.5, 1.5]},
      {"time": 0.4, "value": [0.1, 0.1]},
      {"time": 0.5, "value": [0, 0]}
    ],
    "yaw": [
      {"time": 0.05, "value": [-1.5, 1.5]},
      {"time": 0.4, "value": [0.1, 0.1]},
      {"time": 0.5, "value": [0, 0]}
    ]
  },
  "melee": {

    "distance": 0,


    "cooldown": 0,

    "default": {

      "animation_type": "melee_stock",

      "distance": 2,

      "range_angle": 40,

      "cooldown": 1,

      "damage": 1,

      "knockback": 0.5,

      "prep": 0.1
    }
  },
  "inaccuracy": {
    "stand": 6,
    "move": 8,
    "sneak": 5,
    "lie": 3,
    "aim": 0.1
  },

  "allow_attachment_types": [
    "scope",
    "muzzle"
  ]
}