{
  "materials": [
    {
      "item": {
        "tag": "forge:gems/diamond"
      },
      "count": 1
    },
    {
      "item": {
        "tag": "forge:rods/blaze"
      },
      "count": 4
    },
    {
      "item": {
        "tag": "forge:ingots/gold"
      },
      "count": 20
    },
    {
      "item": {
        "tag": "forge:ingots/iron"
      },
      "count": 77
    },
    {
      "item": {
        "tag": "forge:gems/quartz"
      },
      "count": 12
    }
  ],
  "result": {
    "type": "gun",
    "id": "daffas_arsenal:sg550"
  },
  "type": "tacz:gun_smith_table_crafting"
}