{
  "materials": [
    {
      "item": {
        "tag": "forge:ingots/iron"
      },
      "count": 230
    },
    {
      "item": {
        "tag": "forge:ingots/gold"
      },
      "count": 122
    },
    {
      "item": {
        "tag": "forge:ingots/netherite"
      },
      "count": 10
    },
    {
      "item": {
        "tag": "forge:gems/lapis"
      },
      "count": 215
    },
    {
      "item": {
        "tag": "forge:gems/diamond"
      },
      "count": 100
    }
  ],
  "result": {
    "type": "gun",
    "id": "daffas_arsenal:southeastmomssecretweapon3"
  },
  "type": "tacz:gun_smith_table_crafting"
}