{
  "ammo": "tacz:9mm",
  "rpm": 300,
  "bullet": {
    "life": 1,
    "bullet_amount": 1,
    "damage": 8,
    "tracer_count_interval": 0,
    "extra_damage": {
      "armor_ignore": 0.2,
      "head_shot_multiplier": 1.5,
      "damage_adjust": [
        {"distance": 10, "damage": 8},
        {"distance": 20, "damage": 7.5},
        {"distance": 30, "damage": 7},
        {"distance": 40, "damage": 6.5},
        {"distance": 50, "damage": 6},
        {"distance": 60, "damage": 5.5},
        {"distance": 70, "damage": 5},
        {"distance": "infinite", "damage": 6}
      ]
    },
    "speed": 175,
    "gravity": 0.10,
    "knockback": 0,
    "friction": 0.025,
    "ignite": false,
    "pierce": 1
  },
  "ammo_amount": 15,
  "extended_mag_ammo_amount": [
    20,
    25,
    30
  ],
  "bolt": "closed_bolt",
  "reload": {
    "type": "magazine",
    "feed": {
      "empty": 2.0417,
      "tactical": 1.4167
    },
    "cooldown": {
      "empty": 2.6354,
      "tactical": 2.0417
    }
  },
  "draw_time": 0.5833,
  "put_away_time": 0.4167,
  "aim_time": 0.075,
  "sprint_time": 0.05,
  "fire_mode": [
    "semi"
  ],
  "weight": 0.7,
  "movement_speed": {
    "base": 0.0,
    "aim": -0.1,
    "reload": -0.1
  },
  "allow_attachment_types": [
    "muzzle",
    "laser"
  ],
  "recoil": {
    "pitch": [
      {"time": 0.05, "value": [1, 1]},
      {"time": 0.4, "value": [0.1, 0.1]},
      {"time": 0.5, "value": [0, 0]}
    ],
    "yaw": [
      {"time": 0.05, "value": [-1.5, 1]},
      {"time": 0.4, "value": [0.1, 0.1]},
      {"time": 0.5, "value": [0, 0]}
    ]
  },
  "melee": {

    "distance": 0,


    "cooldown": 0,

    "default": {

      "animation_type": "melee_stock",

      "distance": 2,

      "range_angle": 40,

      "cooldown": 1,

      "damage": 1,

      "knockback": 0.5,

      "prep": 0.25
    }
  },
  "inaccuracy": {
    "stand": 4,
    "move": 5,
    "sneak": 3,
    "lie": 2,
    "aim": 0.5
  }
}