{
  "ammo": "tacz:12g",
  "ammo_amount": 5,
  "extended_mag_ammo_amount": [
    6,
    7,
    12
  ],
  "bolt": "closed_bolt",
  "rpm": 150,
  "bullet": {
    "life": 0.75,
    "bullet_amount": 8,
    "damage": 45,
    "tracer_count_interval": 0,
    "extra_damage": {
      "armor_ignore": 0.15,
      "head_shot_multiplier": 1.25,
      "damage_adjust": [
        {"distance": 10, "damage": 45},
        {"distance": 20, "damage": 42},
        {"distance": 30, "damage": 38},
        {"distance": 40, "damage": 32},
        {"distance": 50, "damage": 27},
        {"distance": 60, "damage": 20},
        {"distance": 70, "damage": 10},
        {"distance": "infinite", "damage": 1}
      ]
    },
    "speed": 120,
    "gravity": 0.10,
    "knockback": 0.15,
    "friction": 0.05,
    "ignite": false,
    "pierce": 1
  },
  "script": "tacz:xmag_reload_logic",
  "script_param": {
    "reload_feed": 2.5,
    "reload_cooldown": 3.16,
    "empty_feed": 3.25,
    "empty_cooldown": 3.6,



    "reload_xmag_1_feed": 2.85,
    "reload_xmag_1_cooldown": 3.45,
    "empty_xmag_1_feed": 3.5,
    "empty_xmag_1_cooldown": 3.9,



    "reload_xmag_2_feed": 2.85,
    "reload_xmag_2_cooldown": 3.45,
    "empty_xmag_2_feed": 3.5,
    "empty_xmag_2_cooldown": 3.9,



    "reload_xmag_3_feed": 3.7,
    "reload_xmag_3_cooldown": 4.4,
    "empty_xmag_3_feed": 4.42,
    "empty_xmag_3_cooldown": 4.75
  },
  "weight": 3.9,
  "movement_speed": {
    "base": 0.0,
    "aim": -0.12,
    "reload": -0.12
  },
  "reload": {
    "type": "magazine",
    "feed": {
      "empty": 3.5,
      "tactical": 2.5
    },
    "cooldown": {
      "empty": 4,
      "tactical": 3.3125
    }
  },
  "draw_time": 0.875,
  "put_away_time": 0.625,
  "aim_time": 0.25,
  "sprint_time": 0.2,
  "bolt_action_time": 0.5,
  "fire_mode": [
    "semi"
  ],
  "burst_data": {
    "continuous_shoot": false,
    "count": 1,
    "bpm": 900,
    "min_interval": 0.45
  },
  "recoil": {
    "pitch": [
      {"time": 0, "value": [1, 1]},
      {"time": 0.4, "value": [0.1, 0.1]},
      {"time": 0.65, "value": [0, 0]}
    ],
    "yaw": [
      {"time": 0.0, "value": [-1.0, 1.0]},
      {"time": 0.4, "value": [0.1, 0.1]},
      {"time": 0.65, "value": [0, 0]}
    ]
  },
  "melee": {

    "distance": 0,


    "cooldown": 0,

    "default": {

      "animation_type": "melee_stock",

      "distance": 2,

      "range_angle": 40,

      "cooldown": 1,

      "damage": 1,

      "knockback": 0.5,

      "prep": 0.1
    }
  },
  "inaccuracy": {
    "stand": 3.65,
    "move": 3.7,
    "sneak": 3.65,
    "lie": 3.5,
    "aim": 3.5
  },
  "allow_attachment_types": [
    "scope",
    "extended_mag",
    "muzzle"
  ]
}