{
  "ammo": "tacz:9mm",
  "ammo_amount": 30,
  "bolt": "closed_bolt",
  "rpm": 820,
  "bullet": {
    "life": 0.75,
    "bullet_amount": 1,
    "damage": 6.75,
    "tracer_count_interval": 0,
    "extra_damage": {
      "armor_ignore": 0.15,
      "head_shot_multiplier": 1.25,
      "damage_adjust": [
        {"distance": 10, "damage": 6.75},
        {"distance": 20, "damage": 6.35},
        {"distance": 30, "damage": 5.95},
        {"distance": 40, "damage": 5.55},
        {"distance": 50, "damage": 5.15},
        {"distance": 60, "damage": 4.75},
        {"distance": 70, "damage": 4.35},
        {"distance": "infinite", "damage": 4.0}
      ]
    },
    "speed": 170,
    "gravity": 0.05,
    "knockback": 0,
    "friction": 0.02,
    "ignite": false,
    "pierce": 1
  },
  "weight": 3.2,
  "movement_speed": {
    "base": 0.0,
    "aim": -0.12,
    "reload": -0.12
  },
  "reload": {
    "type": "magazine",
    "feed": {
      "empty": 1.8,
      "tactical": 1.65
    },
    "cooldown": {
      "empty": 2.7,
      "tactical": 2.4
    }
  },
  "draw_time": 1.0667,
  "put_away_time": 0.7667,
  "aim_time": 0.15,
  "sprint_time": 0.2,
  "fire_mode": [
    "auto",
    "semi"
  ],
  "burst_data": {
    "continuous_shoot": false,
    "count": 3,
    "bpm": 900,
    "min_interval": 0.5
  },
  "recoil": {
    "pitch": [
      {"time": 0.05, "value": [0.7, 0.7]},
      {"time": 0.4, "value": [0.1, 0.1]},
      {"time": 0.5, "value": [0, 0]}
    ],
    "yaw": [
      {"time": 0.05, "value": [-0.6, 0.6]},
      {"time": 0.4, "value": [0.1, 0.1]},
      {"time": 0.5, "value": [0, 0]}
    ]
  },
  "melee": {

    "distance": 0,


    "cooldown": 0,

    "default": {

      "animation_type": "melee_stock",

      "distance": 2,

      "range_angle": 40,

      "cooldown": 1,

      "damage": 1,

      "knockback": 0.5,

      "prep": 0.1
    }
  },
  "inaccuracy": {
    "stand": 5,
    "move": 7,
    "sneak": 4,
    "lie": 3,
    "aim": 0.5
  },
  "allow_attachment_types": [
    "scope",
    "grip",
    "laser",
  ]
}