{
  "ammo": "tacz:9mm",
  "ammo_amount": 30,
  "bolt": "closed_bolt",
  "rpm": 980,
  "bullet": {
    "life": 0.75,
    "bullet_amount": 1,
    "damage": 6.5,
    "tracer_count_interval": 0,
    "extra_damage": {
      "armor_ignore": 0.15,
      "head_shot_multiplier": 1.25,
      "damage_adjust": [
        {"distance": 10, "damage": 6.5},
        {"distance": 20, "damage": 6.3},
        {"distance": 30, "damage": 6.1},
        {"distance": 40, "damage": 5.9},
        {"distance": 50, "damage": 5.7},
        {"distance": 60, "damage": 5.5},
        {"distance": 70, "damage": 5.2},
        {"distance": "infinite", "damage": 5.0}
      ]
    },
    "speed": 190,
    "gravity": 0.05,
    "knockback": 0,
    "friction": 0.02,
    "ignite": false,
    "pierce": 1
  },
  "weight": 2.5,
  "movement_speed": {
    "base": 0.0,
    "aim": -0.12,
    "reload": -0.12
  },
  "reload": {
    "type": "magazine",
    "feed": {
      "empty": 2.7,
      "tactical": 2.5
    },
    "cooldown": {
      "empty": 3.4583,
      "tactical": 3.1667
    }
  },
  "draw_time": 0.8333,
  "put_away_time": 0.6,
  "aim_time": 0.15,
  "sprint_time": 0.2,
  "fire_mode": [
    "auto",
    "burst"
  ],
  "burst_data": {
    "continuous_shoot": false,
    "count": 3,
    "bpm": 1100,
    "min_interval": 0.5
  },
  "recoil": {
    "pitch": [
      {"time": 0.05, "value": [1.5, 1.5]},
      {"time": 0.4, "value": [0.1, 0.1]},
      {"time": 0.5, "value": [0, 0]}
    ],
    "yaw": [
      {"time": 0.05, "value": [-2, 1.25]},
      {"time": 0.4, "value": [0.1, 0.1]},
      {"time": 0.5, "value": [0, 0]}
    ]
  },
  "melee": {

    "distance": 0,


    "cooldown": 0,

    "default": {

      "animation_type": "melee_stock",

      "distance": 2,

      "range_angle": 40,

      "cooldown": 1,

      "damage": 1,

      "knockback": 0.5,

      "prep": 0.1
    }
  },
  "inaccuracy": {
    "stand": 5,
    "move": 7,
    "sneak": 4,
    "lie": 3,
    "aim": 0.5
  },
  "allow_attachment_types": [
    "scope",
    "grip",
    "stock",
    "laser"
  ]
}