{
  "ammo": "tacz:556x45",
  "ammo_amount": 30,
  "bolt": "closed_bolt",
  "rpm": 790,
  "bullet": {
    "life": 0.9,
    "bullet_amount": 1,
    "damage": 8,
    "tracer_count_interval": 0,
    "extra_damage": {
      "armor_ignore": 0.3,
      "head_shot_multiplier": 1.5,
      "damage_adjust": [
        {"distance": 10, "damage": 8},
        {"distance": 30, "damage": 7.9},
        {"distance": 50, "damage": 7.8},
        {"distance": 70, "damage": 7.7},
        {"distance": 50, "damage": 7.6},
        {"distance": 90, "damage": 7.5},
        {"distance": 110, "damage": 7.4},
        {"distance": 130, "damage": 7.3},
        {"distance": 150, "damage": 7.2},
        {"distance": 170, "damage": 7.1},
        {"distance": "infinite", "damage": 5}
      ]
    },
    "speed": 245,
    "gravity": 0.05,
    "knockback": 0,
    "friction": 0.015,
    "ignite": false,
    "pierce": 2
  },
  "reload": {
    "type": "magazine",
    "feed": {
      "empty": 2.5,
      "tactical": 2
    },
    "cooldown": {
      "empty": 3,
      "tactical": 2.77
    }
  },
  "draw_time": 0.9583,
  "put_away_time": 0.625,
  "aim_time": 0.2,
  "sprint_time": 0.2,
  "weight": 3.7,
  "movement_speed": {
    "base": 0.0,
    "aim": -0.2,
    "reload": -0.2
  },
  "crawl_recoil_multiplier": 0.5,
  "fire_mode": [
    "auto",
    "semi"
  ],
  "recoil": {
    "pitch": [
      {"time": 0.05, "value": [1.25, 1.25]},
      {"time": 0.4, "value": [0.1, 0.1]},
      {"time": 0.5, "value": [0, 0]}
    ],
    "yaw": [
      {"time": 0.05, "value": [-1.6, 1.1]},
      {"time": 0.4, "value": [0.1, 0.1]},
      {"time": 0.5, "value": [0, 0]}
    ]
  },
  "inaccuracy": {
    "stand": 6,
    "move": 8,
    "sneak": 5,
    "lie": 3,
    "aim": 0.1
  },
  "melee": {

    "distance": 0,


    "cooldown": 0,

    "default": {

      "animation_type": "melee_stock",

      "distance": 2,

      "range_angle": 40,

      "cooldown": 1,

      "damage": 1,

      "knockback": 0.5,

      "prep": 0.1
    }
  },
  "allow_attachment_types": [
    "scope",
    "grip",
    "stock",
    "muzzle",
    "laser"
  ]
}