{
  "ammo": "daffas_arsenal:water",
  "ammo_amount": 50,
  "bolt": "open_bolt",
  "rpm": 1000,
  "bullet": {
    "life": 0.3,
    "bullet_amount": 2,
    "damage": 2,
    "tracer_count_interval": 0,
    "extra_damage": {
      "armor_ignore": 0.01,
      "head_shot_multiplier": 1.25,
      "damage_adjust": [
        {"distance": 0.5, "damage": 2},
        {"distance": "infinite", "damage": 2}
      ]
    },
    "speed": 50,
    "gravity": 0.098,
    "knockback": 0,
    "friction": 0.025,
    "ignite": false,
    "pierce": 1
  },
  "weight": 5.5,
  "movement_speed": {
    "base": 0.0,
    "aim": -0.3,
    "reload": -0.3
  },
  "reload": {
    "type": "magazine",
    "feed": {
      "empty": 2.3,
      "tactical": 2.3
    },
    "cooldown": {
      "empty": 2.8,
      "tactical": 2.8
    }
  },
  "draw_time": 0.6,
  "put_away_time": 0.55,
  "aim_time": 0.15,
  "sprint_time": 0.2,
  "fire_mode": [
    "auto"
  ],
  "burst_data": {
    "continuous_shoot": false,
    "count": 3,
    "bpm": 1500,
    "min_interval": 0.3
  },
  "melee": {
    // 枪械距离参数，用来延升近战攻击范围
    // 会与刺刀等配件的距离做加和
    "distance": 2,
    // 使用时的冷却时间
    "cooldown": 1,
    // 默认近战数据，会被配件的数据替换掉
    "default": {
      // 动画类型：没有枪托的为 melee_push，有枪托的为 melee_stock
      "animation_type": "melee_stock",
      // 刺刀距离参数，枪械里还有个刺刀攻击距离参数，两者做加和
      "distance": 2,
      // 刺刀范围角度
      "range_angle": 90,
      // 伤害值
      "damage": 9,
      // 击退效果
      "knockback": 0.85,
      // 前摇时长，单位：秒
      "prep": 0.1
    }
  },
  "recoil": {
    "pitch": [
      {"time": 0, "value": [-0.25, 0.75]},
      {"time": 0.3, "value": [0.1, 0.2]},
      {"time": 0.5, "value": [-0, 0]}
    ],
    "yaw": [
      {"time": 0.2, "value": [-1.725, 1.50]},
      {"time": 0.3, "value": [-0.1, 0.1]},
      {"time": 0.5, "value": [0, 0]}
    ]
  },
  "inaccuracy": {
    "stand": 2,
    "move": 2,
    "sneak": 2,
    "lie": 2,
    "aim": 2
  }
}