


{
  "materials": [
    {
      "item": {
        "tag": "forge:ingots/iron"
      },
      "count": 6
    },
    {
      "item": {
        "tag": "forge:nuggets/iron"
      },
      "count": 1
    },
    {
      "item": {
        "tag": "forge:dusts/redstone"
      },
      "count": 2
    },
    {
      "item": {
        "tag": "forge:glass"
      },
      "count": 2
    }
  ],
  "result": {
    "type": "attachment",
    "id": "daffas_arsenal:scope_m2ampon"
  },
  "type": "tacz:gun_smith_table_crafting"
}
