{
  "ammo": "daffas_arsenal:daffas_40mm",
  "rpm": 50,
  "ammo_amount": 1,
  "bolt": "open_bolt",
  "bullet": {
    "life": 5,
    "bullet_amount": 1,
    "damage": 12,
    "tracer_count_interval": 0,
    "extra_damage": {
      "armor_ignore": 0.0,
      "head_shot_multiplier": 1.0
    },
    "speed": 50,
    "gravity": 0.08,
    "knockback": 0,
    "friction": 0.05,
    "ignite": false,
    "pierce": 0,
    "explosion": {
      "explode": true,
      "damage": 64,
      "radius": 6,
      "knockback": true,
      "delay": 30
    }
  },
  "reload": {
    "type": "magazine",
    "feed": {
      "empty": 3.4
    },
    "cooldown": {
      "empty": 3.8021
    }
  },
  "draw_time": 1.18,
  "put_away_time": 1.2188,
  "aim_time": 0.2,
  "sprint_time": 0.15,
  "weight": 3,
  "movement_speed": {
    "base": 0.0,
    "aim": -0.1,
    "reload": -0.25
  },
  "crawl_recoil_multiplier": 0.5,
  "fire_mode": [
    "semi"
  ],
  "recoil": {
    "pitch": [
      {"time": 0, "value": [2.5, 2.5]},
      {"time": 0.3, "value": [2.5, 2.5]},
      {"time": 0.55, "value": [-0.75, -0.75]},
      {"time": 0.8, "value": [0.25, 0.25]},
      {"time": 1.2, "value": [0, 0]},
      {"time": 1.4, "value": [0, 0]}
    ],
    "yaw": [
      {"time": 0, "value": [-0.4, 0.4]},
      {"time": 0.55, "value": [0, 0]}
    ]
  },
  "inaccuracy": {
    "stand": 4.5,
    "move": 5.5,
    "sneak": 3,
    "lie": 2.5,
    "aim": 0.5
  },
  // 近战相关
  "melee": {

    "distance": 0,


    "cooldown": 0,

    "default": {

      "animation_type": "melee_stock",

      "distance": 2,

      "range_angle": 40,

      "cooldown": 1,

      "damage": 1,

      "knockback": 0.5,

      "prep": 0.1
    }
  }
}