{
  "materials": [
    {
      "item": {
        "tag": "forge:gems/diamond"
      },
      "count": 3
    },
    {
      "item": {
        "tag": "forge:ingots/gold"
      },
      "count": 15
    },
    {
      "item": {
        "tag": "forge:ingots/iron"
      },
      "count": 75
    },
    {
      "item": {
        "tag": "forge:rods/blaze"
      },
      "count": 5
    }
  ],
  "result": {
    "type": "gun",
    "id": "daffas_arsenal:wawan2000"
  },
  "type": "tacz:gun_smith_table_crafting"
}