{
  "materials": [
    {
      "item": {
        "type": "forge:partial_nbt",
        "item": "tacz:modern_kinetic_gun",
        "nbt": {
          "GunId": "daffas_arsenal:ssg69"
        }
      },
      "count": 1
    },
    {
      "item": {
        "type": "forge:partial_nbt",
        "item": "tacz:attachment",
        "nbt": {
          "AttachmentId": "daffas_arsenal:scope_ssg69"
        }
      },
      "count": 1
    },
    {
      "item": {
        "item": "minecraft:paper"
      },
      "count": 64
    },
    {
      "item": {
        "item": "minecraft:nether_star"
      },
      "count": 1
    }
  ],
  "result": {
    "type": "gun",
    "id": "daffas_arsenal:ssg69s"
  },
  "type": "tacz:gun_smith_table_crafting"
}
