{
  "materials": [
    {
      "item": {
        "type": "forge:partial_nbt",
        "item": "tacz:modern_kinetic_gun",
        "nbt": {
          "GunId": "daffas_arsenal:m79"
        }
      },
      "count": 1
    },
    {
      "item": {
        "tag": "forge:ingots/gold"
      },
      "count": 5
    },
    {
      "item": {
        "tag": "forge:ingots/iron"
      },
      "count": 15
    },
    {
      "item": {
        "tag": "forge:gems/lapis"
      },
      "count": 5
    }
  ],
  "result": {
    "type": "gun",
    "id": "daffas_arsenal:m79sohrt"
  },
  "type": "tacz:gun_smith_table_crafting"
}