{
  "materials": [
    {
      "item": {
        "tag": "forge:ingots/gold"
      },
      "count": 12
    },
    {
      "item": {
        "tag": "forge:ingots/iron"
      },
      "count": 55
    },
    {
      "item": {
        "tag": "forge:gems/lapis"
      },
      "count": 5
    },
    {
      "item": {
        "tag": "minecraft:logs"
      },
      "count": 10
    }
  ],
  "result": {
    "type": "gun",
    "id": "daffas_arsenal:m79"
  },
  "type": "tacz:gun_smith_table_crafting"
}