{
  "ammo": "tacz:308",
  "ammo_amount": 20,
  "bolt": "closed_bolt",
  "rpm": 500,
  "bullet": {
    "life": 0.9,
    "bullet_amount": 1,
    "damage": 15,
    "tracer_count_interval": 0,
    "extra_damage": {
      "armor_ignore": 0.45,
      "head_shot_multiplier": 1.5,
      "damage_adjust": [
        {"distance": 10, "damage": 15.0},
        {"distance": 30, "damage": 14.75},
        {"distance": 50, "damage": 14.5},
        {"distance": 70, "damage": 14.25},
        {"distance": 90, "damage": 14},
        {"distance": 110, "damage": 13.75},
        {"distance": 130, "damage": 13.5},
        {"distance": 150, "damage": 13.25},
        {"distance": 170, "damage": 13},
        {"distance": 190, "damage": 13.75},
        {"distance": "infinite", "damage": 12}
      ]
    },
    "speed": 320,
    "gravity": 0.10,
    "knockback": 0,
    "friction": 0.01,
    "ignite": false,
    "pierce": 2,
    "explosion": {
      "explode": false,
      "damage": 25,
      "radius": 0.01,
      "knockback": false,
      "delay": 1
    }
  },
  "reload": {
    "type": "magazine",
    "feed": {
      "empty": 3.5,
      "tactical": 2
    },
    "cooldown": {
      "empty": 3.9896,
      "tactical": 2.77
    }
  },
  "draw_time": 0.9583,
  "put_away_time": 0.625,
  "aim_time": 0.2,
  "sprint_time": 0.2,
  "weight": 4.6,
  "movement_speed": {
    "base": 0.0,
    "aim": -0.2,
    "reload": -0.2
  },
  "crawl_recoil_multiplier": 0.5,
  "fire_mode": [
    "auto",
    "semi"
  ],
  "recoil": {
    "pitch": [
      {"time": 0.05, "value": [1.75, 1.75]},
      {"time": 0.4, "value": [0.1, 0.1]},
      {"time": 0.5, "value": [0, 0]}
    ],
    "yaw": [
      {"time": 0.05, "value": [-1.9, 1.4]},
      {"time": 0.4, "value": [0.1, 0.1]},
      {"time": 0.5, "value": [0, 0]}
    ]
  },
  "inaccuracy": {
    "stand": 6,
    "move": 8,
    "sneak": 5,
    "lie": 3,
    "aim": 0.1
  },
  "melee": {

    "distance": 0,


    "cooldown": 0,

    "default": {

      "animation_type": "melee_stock",

      "distance": 2,

      "range_angle": 40,

      "cooldown": 1,

      "damage": 1,

      "knockback": 0.5,

      "prep": 0.1
    }
  },
  "allow_attachment_types": [
    "scope",
    "stock",
    "grip",
    "muzzle",
    "laser"
  ]
}